time,open,high,low,close,tick_volume
2026-01-05 00:00:00+00:00,1.084916162490188,1.0849285366358306,1.0849037883445454,1.084916162490188,100
2026-01-05 00:05:00+00:00,1.084916162490188,1.0849858252524311,1.084637546937139,1.0847072096993822,100
2026-01-05 00:10:00+00:00,1.0847072096993822,1.0854562090074713,1.084699632439936,1.0854486317480252,100
2026-01-05 00:15:00+00:00,1.0854486317480252,1.0855515663709774,1.0850981488047207,1.0852010834276729,100
2026-01-05 00:20:00+00:00,1.0852010834276729,1.0854646020035097,1.0847732737541462,1.085036792329983,100
2026-01-05 00:25:00+00:00,1.085036792329983,1.0859345291449045,1.0847841275898122,1.0856818644047337,100
2026-01-05 00:30:00+00:00,1.0856818644047337,1.0857505408306232,1.0854523319535994,1.0855210083794888,100
2026-01-05 00:35:00+00:00,1.0855210083794888,1.0856104713936796,1.0849699173326501,1.085059380346841,100
2026-01-05 00:40:00+00:00,1.085059380346841,1.0855672820698825,1.0849023352124985,1.08541023693554,100
2026-01-05 00:45:00+00:00,1.08541023693554,1.0856629115565126,1.0852704681321208,1.0855231427530934,100
2026-01-05 00:50:00+00:00,1.0855231427530934,1.0857254916693717,1.0854218956805564,1.0856242445968347,100
2026-01-05 00:55:00+00:00,1.0856242445968347,1.085810910777105,1.0853818916821254,1.0855685578623957,100
2026-01-05 01:00:00+00:00,1.0855685578623957,1.0857025209757292,1.0851126257766688,1.0852465888900023,100
2026-01-05 01:05:00+00:00,1.0852465888900023,1.085286039631378,1.0844569979072325,1.0844964486486082,100
2026-01-05 01:10:00+00:00,1.0844964486486082,1.0851757014131258,1.0844471709713257,1.0851264237358433,100
2026-01-05 01:15:00+00:00,1.0851264237358433,1.0852667102899545,1.0848552546297643,1.0849955411838754,100
2026-01-05 01:20:00+00:00,1.0849955411838754,1.085293999000163,1.0848638992348951,1.0851623570511828,100
2026-01-05 01:25:00+00:00,1.0851623570511828,1.085474641069117,1.0851554726379251,1.0854677566558593,100
2026-01-05 01:30:00+00:00,1.0854677566558593,1.085525037416887,1.085303921340984,1.0853612021020118,100
2026-01-05 01:35:00+00:00,1.0853612021020118,1.0854290829481652,1.084693305189194,1.0847611860353474,100
2026-01-05 01:40:00+00:00,1.0847611860353474,1.0848694357675879,1.0837821285497378,1.0838903782819782,100
2026-01-05 01:45:00+00:00,1.0838903782819782,1.0848163783974762,1.0838375537708889,1.084763553886387,100
2026-01-05 01:50:00+00:00,1.084763553886387,1.084864473440071,1.0846598042364963,1.0847607237901804,100
2026-01-05 01:55:00+00:00,1.0847607237901804,1.084781817284315,1.0843173378907895,1.0843384313849243,100
2026-01-05 02:00:00+00:00,1.0843384313849243,1.0845626340553292,1.0842690472824728,1.0844932499528777,100
2026-01-05 02:05:00+00:00,1.0844932499528777,1.0847208978900822,1.0839548388431668,1.0841824867803713,100
2026-01-05 02:10:00+00:00,1.0841824867803713,1.0843115314124567,1.083994452667912,1.0841234972999974,100
2026-01-05 02:15:00+00:00,1.0841234972999974,1.0843663300331667,1.0839218119836838,1.0841646447168531,100
2026-01-05 02:20:00+00:00,1.0841646447168531,1.0841913576649786,1.084090751177503,1.0841174641256286,100
2026-01-05 02:25:00+00:00,1.0841174641256286,1.084129661868503,1.0840667984258467,1.0840789961687212,100
2026-01-05 02:30:00+00:00,1.0840789961687212,1.084577225361815,1.0839344410571903,1.084432670250284,100
2026-01-05 02:35:00+00:00,1.084432670250284,1.0849185666366914,1.0843200369140709,1.0848059333004783,100
2026-01-05 02:40:00+00:00,1.0848059333004783,1.085378804795035,1.0847989195096308,1.0853717910041876,100
2026-01-05 02:45:00+00:00,1.0853717910041876,1.0854682531376911,1.0848554303605271,1.0849518924940307,100
2026-01-05 02:50:00+00:00,1.0849518924940307,1.0852460327181153,1.0842880891265272,1.0845822293506118,100
2026-01-05 02:55:00+00:00,1.0845822293506118,1.0847823236479068,1.0844786212827817,1.0846787155800768,100
2026-01-05 03:00:00+00:00,1.0846787155800768,1.0851495771002873,1.084442907313376,1.0849137688335864,100
2026-01-05 03:05:00+00:00,1.0849137688335864,1.0853883553395611,1.0847878490132943,1.085262435519269,100
2026-01-05 03:10:00+00:00,1.085262435519269,1.085405060391834,1.0851471638173786,1.0852897886899435,100
2026-01-05 03:15:00+00:00,1.0852897886899435,1.0856809547076687,1.0851677010189786,1.0855588670367038,100
2026-01-05 03:20:00+00:00,1.0855588670367038,1.0856194512646171,1.085216263623345,1.0852768478512582,100
2026-01-05 03:25:00+00:00,1.0852768478512582,1.0854975475386845,1.0845985829107554,1.0848192825981817,100
2026-01-05 03:30:00+00:00,1.0848192825981817,1.0849314825103227,1.0842697814278268,1.0843819813399678,100
2026-01-05 03:35:00+00:00,1.0843819813399678,1.0845636516898627,1.0839368923588266,1.0841185627087215,100
2026-01-05 03:40:00+00:00,1.0841185627087215,1.0841624506781002,1.08371114369658,1.0837550316659588,100
2026-01-05 03:45:00+00:00,1.0837550316659588,1.084009632500359,1.0834108925810322,1.0836654934154324,100
2026-01-05 03:50:00+00:00,1.0836654934154324,1.08373875625607,1.0836072016414864,1.083680464482124,100
2026-01-05 03:55:00+00:00,1.083680464482124,1.0840628835208572,1.0835760008878152,1.0839584199265484,100
2026-01-05 04:00:00+00:00,1.0839584199265484,1.0845631714585333,1.0838316951914655,1.0844364467234504,100
2026-01-05 04:05:00+00:00,1.0844364467234504,1.0844850108249746,1.0843294564157224,1.0843780205172466,100
2026-01-05 04:10:00+00:00,1.0843780205172466,1.085051184225922,1.084376332685382,1.0850494963940573,100
2026-01-05 04:15:00+00:00,1.0850494963940573,1.0851116868158115,1.08452785927682,1.084590049698574,100
2026-01-05 04:20:00+00:00,1.084590049698574,1.0847313352053456,1.0845183132057588,1.0846595987125303,100
2026-01-05 04:25:00+00:00,1.0846595987125303,1.0850859135515123,1.0845563169973282,1.0849826318363103,100
2026-01-05 04:30:00+00:00,1.0849826318363103,1.0850263802367042,1.084451617848219,1.084495366248613,100
2026-01-05 04:35:00+00:00,1.084495366248613,1.0848482737269438,1.0844434759092867,1.0847963833876175,100
2026-01-05 04:40:00+00:00,1.0847963833876175,1.085498322152091,1.0847091005895568,1.0854110393540304,100
2026-01-05 04:45:00+00:00,1.0854110393540304,1.0862985611482923,1.0853328745248636,1.0862203963191255,100
2026-01-05 04:50:00+00:00,1.0862203963191255,1.086508784347525,1.085747996860407,1.0860363848888064,100
2026-01-05 04:55:00+00:00,1.0860363848888064,1.0864023800333984,1.0858602785522584,1.0862262736968504,100
2026-01-05 05:00:00+00:00,1.0862262736968504,1.0867382579120008,1.0861251836388615,1.0866371678540119,100
2026-01-05 05:05:00+00:00,1.0866371678540119,1.0875510791738663,1.0866209404403877,1.0875348517602421,100
2026-01-05 05:10:00+00:00,1.0875348517602421,1.0877629012591352,1.0867244015664623,1.0869524510653554,100
2026-01-05 05:15:00+00:00,1.0869524510653554,1.0872699401259482,1.0869120948327198,1.0872295838933126,100
2026-01-05 05:20:00+00:00,1.0872295838933126,1.0872432880382152,1.086840393808791,1.0868540979536936,100
2026-01-05 05:25:00+00:00,1.0868540979536936,1.0869062831158485,1.0866105278502203,1.0866627130123752,100
2026-01-05 05:30:00+00:00,1.0866627130123752,1.0869628394016817,1.0864524897476102,1.0867526161369168,100
2026-01-05 05:35:00+00:00,1.0867526161369168,1.087052457057171,1.0867453591281087,1.0870452000483628,100
2026-01-05 05:40:00+00:00,1.0870452000483628,1.0885634837184452,1.086914982949583,1.0884332666196654,100
2026-01-05 05:45:00+00:00,1.0884332666196654,1.088570649403393,1.0883472085326291,1.0884845913163568,100
2026-01-05 05:50:00+00:00,1.0884845913163568,1.0894812266821705,1.0881791461487411,1.0891757815145549,100
2026-01-05 05:55:00+00:00,1.0891757815145549,1.0894528874340679,1.0886934513597535,1.0889705572792665,100
2026-01-05 06:00:00+00:00,1.0889705572792665,1.0891171301235714,1.088764697224195,1.0889112700685,100
2026-01-05 06:05:00+00:00,1.0889112700685,1.089442574956573,1.0888298189538568,1.0893611238419298,100
2026-01-05 06:10:00+00:00,1.0893611238419298,1.0894366636356243,1.0891576599718662,1.0892331997655607,100
2026-01-05 06:15:00+00:00,1.0892331997655607,1.08996594453511,1.0890884319362153,1.0898211767057646,100
2026-01-05 06:20:00+00:00,1.0898211767057646,1.090009494336931,1.0894931900902378,1.0896815077214042,100
2026-01-05 06:25:00+00:00,1.0896815077214042,1.0903018790595138,1.0896312997315751,1.0902516710696848,100
2026-01-05 06:30:00+00:00,1.0902516710696848,1.0904966932721347,1.0901845920832407,1.0904296142856906,100
2026-01-05 06:35:00+00:00,1.0904296142856906,1.0910534665068428,1.0903131063252167,1.0909369585463689,100
2026-01-05 06:40:00+00:00,1.0909369585463689,1.091894944218184,1.0909249101864804,1.0918828958582956,100
2026-01-05 06:45:00+00:00,1.0918828958582956,1.091893766823162,1.0913467673071384,1.091357638272005,100
2026-01-05 06:50:00+00:00,1.091357638272005,1.0919748341788946,1.0913292547705473,1.091946450677437,100
2026-01-05 06:55:00+00:00,1.091946450677437,1.0922719692625662,1.091835510725647,1.0921610293107762,100
2026-01-05 07:00:00+00:00,1.0921610293107762,1.0925676143125376,1.0921584331243188,1.0925650181260802,100
2026-01-05 07:05:00+00:00,1.0925650181260802,1.0927509142612002,1.0923598754026749,1.0925457715377949,100
2026-01-05 07:10:00+00:00,1.0925457715377949,1.0932721983221922,1.0923617466941653,1.0930881734785627,100
2026-01-05 07:15:00+00:00,1.0930881734785627,1.0933160540306308,1.092823566782452,1.09305144733452,100
2026-01-05 07:20:00+00:00,1.09305144733452,1.0938866789204387,1.0928857874874982,1.0937210190734168,100
2026-01-05 07:25:00+00:00,1.0937210190734168,1.0943963302845963,1.0936569229762714,1.0943322341874508,100
2026-01-05 07:30:00+00:00,1.0943322341874508,1.0943653803506295,1.0942854538611266,1.0943186000243053,100
2026-01-05 07:35:00+00:00,1.0943186000243053,1.0946987104072983,1.094301542710446,1.0946816530934391,100
2026-01-05 07:40:00+00:00,1.0946816530934391,1.0954448086994402,1.0946722252269223,1.0954353808329234,100
2026-01-05 07:45:00+00:00,1.0954353808329234,1.095712340333841,1.0952564176019477,1.0955333771028652,100
2026-01-05 07:50:00+00:00,1.0955333771028652,1.095673551038387,1.0954503863539036,1.0955905602894254,100
2026-01-05 07:55:00+00:00,1.0955905602894254,1.0961042149375368,1.0954602826809376,1.0959739373290491,100
2026-01-05 08:00:00+00:00,1.0959739373290491,1.0969262079506505,1.0959619101042197,1.0969141807258211,100
2026-01-05 08:05:00+00:00,1.0969141807258211,1.098088486150734,1.096911546334289,1.0980858517592018,100
2026-01-05 08:10:00+00:00,1.0980858517592018,1.0982055861248532,1.096995234811307,1.0971149691769584,100
2026-01-05 08:15:00+00:00,1.0971149691769584,1.097540042707496,1.0970843184592618,1.0975093919897994,100
2026-01-05 08:20:00+00:00,1.0975093919897994,1.0975128103911362,1.0971679514689106,1.0971713698702474,100
2026-01-05 08:25:00+00:00,1.0971713698702474,1.097375260972275,1.0959004259494658,1.0961043170514932,100
2026-01-05 08:30:00+00:00,1.0961043170514932,1.0961867897432989,1.0960761361904847,1.0961586088822903,100
2026-01-05 08:35:00+00:00,1.0961586088822903,1.0963024361756841,1.0960924599461146,1.0962362872395084,100
2026-01-05 08:40:00+00:00,1.0962362872395084,1.09658373902045,1.0958991066879804,1.096246558468922,100
2026-01-05 08:45:00+00:00,1.096246558468922,1.0965388924087194,1.095994916866913,1.0962872508067103,100
2026-01-05 08:50:00+00:00,1.0962872508067103,1.0963363353744993,1.0962153855513348,1.0962644701191238,100
2026-01-05 08:55:00+00:00,1.0962644701191238,1.0962838274803235,1.0962191679857471,1.0962385253469469,100
2026-01-05 09:00:00+00:00,1.0962385253469469,1.096841171036012,1.0961022024683051,1.0967048481573702,100
2026-01-05 09:05:00+00:00,1.0967048481573702,1.0972516350559507,1.096532011768983,1.0970787986675634,100
2026-01-05 09:10:00+00:00,1.0970787986675634,1.0973194953060197,1.0970360757791602,1.0972767724176165,100
2026-01-05 09:15:00+00:00,1.0972767724176165,1.0976506290482435,1.0966624381589083,1.0970362947895353,100
2026-01-05 09:20:00+00:00,1.0970362947895353,1.0972103367284214,1.0969108052240233,1.0970848471629093,100
2026-01-05 09:25:00+00:00,1.0970848471629093,1.0972041938482213,1.0970198466675496,1.0971391933528616,100
2026-01-05 09:30:00+00:00,1.0971391933528616,1.097244584476111,1.097124658169301,1.0972300492925504,100
2026-01-05 09:35:00+00:00,1.0972300492925504,1.0973132665763292,1.0970597623390945,1.0971429796228733,100
2026-01-05 09:40:00+00:00,1.0971429796228733,1.0975307946257056,1.0969998640137069,1.097387679016539,100
2026-01-05 09:45:00+00:00,1.097387679016539,1.0976048514266699,1.096487360023981,1.0967045324341118,100
2026-01-05 09:50:00+00:00,1.0967045324341118,1.0968969969859255,1.0958926972137277,1.0960851617655414,100
2026-01-05 09:55:00+00:00,1.0960851617655414,1.0970045034102776,1.096016108219404,1.0969354498641402,100
2026-01-05 10:00:00+00:00,1.0969354498641402,1.096992316522882,1.0964928703355203,1.0965497369942623,100
2026-01-05 10:05:00+00:00,1.0965497369942623,1.0967502196795216,1.0955858521696151,1.0957863348548744,100
2026-01-05 10:10:00+00:00,1.0957863348548744,1.0964263136929442,1.0956829665358971,1.096322945373967,100
2026-01-05 10:15:00+00:00,1.096322945373967,1.096372845091605,1.0957335441985678,1.095783443916206,100
2026-01-05 10:20:00+00:00,1.095783443916206,1.0960405568064802,1.095198426913007,1.0954555398032813,100
2026-01-05 10:25:00+00:00,1.0954555398032813,1.095625881545003,1.095362898328783,1.095533240070505,100
2026-01-05 10:30:00+00:00,1.095533240070505,1.0964957732207876,1.0954930422049205,1.0964555753552032,100
2026-01-05 10:35:00+00:00,1.0964555753552032,1.0970578149394163,1.0963589985824058,1.096961238166619,100
2026-01-05 10:40:00+00:00,1.096961238166619,1.0970035598584185,1.096329684059323,1.0963720057511226,100
2026-01-05 10:45:00+00:00,1.0963720057511226,1.09641689947512,1.0952210860685776,1.095265979792575,100
2026-01-05 10:50:00+00:00,1.095265979792575,1.0957312291469112,1.0951412918813592,1.0956065412356955,100
2026-01-05 10:55:00+00:00,1.0956065412356955,1.0965961074820803,1.0954394835424526,1.0964290497888374,100
2026-01-05 11:00:00+00:00,1.0964290497888374,1.09659263236137,1.0962839254469594,1.096447508019492,100
2026-01-05 11:05:00+00:00,1.096447508019492,1.0964547570233045,1.0959973121000113,1.0960045611038238,100
2026-01-05 11:10:00+00:00,1.0960045611038238,1.0960128083908283,1.095807097109115,1.0958153443961194,100
2026-01-05 11:15:00+00:00,1.0958153443961194,1.0968123867623931,1.0956711287749321,1.0966681711412058,100
2026-01-05 11:20:00+00:00,1.0966681711412058,1.096928152112351,1.0959181351779455,1.0961781161490907,100
2026-01-05 11:25:00+00:00,1.0961781161490907,1.0965995188547764,1.0949558476506582,1.095377250356344,100
2026-01-05 11:30:00+00:00,1.095377250356344,1.0955954400264192,1.0951188867112458,1.095337076381321,100
2026-01-05 11:35:00+00:00,1.095337076381321,1.0954867994095385,1.095089551922433,1.0952392749506505,100
2026-01-05 11:40:00+00:00,1.0952392749506505,1.0952836402761956,1.0951223876837552,1.0951667530093003,100
2026-01-05 11:45:00+00:00,1.0951667530093003,1.095449553410072,1.094989805539516,1.0952726059402877,100
2026-01-05 11:50:00+00:00,1.0952726059402877,1.0961993527685445,1.0952600812343634,1.0961868280626201,100
2026-01-05 11:55:00+00:00,1.0961868280626201,1.096434359453809,1.095947260558885,1.0961947919500739,100
2026-01-05 12:00:00+00:00,1.0961947919500739,1.0971575137791176,1.09602389623085,1.0969866180598937,100
2026-01-05 12:05:00+00:00,1.0969866180598937,1.09746752510647,1.0969247486917795,1.0974056557383558,100
2026-01-05 12:10:00+00:00,1.0974056557383558,1.097499034501836,1.0972808572341395,1.0973742359976197,100
2026-01-05 12:15:00+00:00,1.0973742359976197,1.0973873421474825,1.0970331518978162,1.097046258047679,100
2026-01-05 12:20:00+00:00,1.097046258047679,1.097177584936004,1.09644383783826,1.096575164726585,100
2026-01-05 12:25:00+00:00,1.096575164726585,1.097075506467883,1.0964698661367254,1.0969702078780235,100
2026-01-05 12:30:00+00:00,1.0969702078780235,1.0972659135652016,1.0969432394842507,1.0972389451714288,100
2026-01-05 12:35:00+00:00,1.0972389451714288,1.0983820282040118,1.0972197302340327,1.0983628132666157,100
2026-01-05 12:40:00+00:00,1.0983628132666157,1.098643624717705,1.0982627271299115,1.0985435385810007,100
2026-01-05 12:45:00+00:00,1.0985435385810007,1.0987909013421304,1.097823183968461,1.0980705467295906,100
2026-01-05 12:50:00+00:00,1.0980705467295906,1.0981535374043694,1.0978411336216436,1.0979241242964224,100
2026-01-05 12:55:00+00:00,1.0979241242964224,1.097928480819801,1.0973716539518223,1.097376010475201,100
2026-01-05 13:00:00+00:00,1.097376010475201,1.0976175730432738,1.0973756323232458,1.0976171948913185,100
2026-01-05 13:05:00+00:00,1.0976171948913185,1.0981033396701128,1.0972885989078045,1.0977747436865988,100
2026-01-05 13:10:00+00:00,1.0977747436865988,1.0985832840384562,1.0973822886257791,1.0981908289776365,100
2026-01-05 13:15:00+00:00,1.0981908289776365,1.0986332365695834,1.0981044234105048,1.0985468310024518,100
2026-01-05 13:20:00+00:00,1.0985468310024518,1.0996815840497982,1.0984360770423556,1.099570830089702,100
2026-01-05 13:25:00+00:00,1.099570830089702,1.100035129682895,1.099248260105668,1.0997125596988608,100
2026-01-05 13:30:00+00:00,1.0997125596988608,1.100650909800462,1.0996873916376215,1.1006257417392227,100
2026-01-05 13:35:00+00:00,1.1006257417392227,1.1010583664854265,1.1003799173450868,1.1008125420912906,100
2026-01-05 13:40:00+00:00,1.1008125420912906,1.1011860754618021,1.100736391518753,1.1011099248892644,100
2026-01-05 13:45:00+00:00,1.1011099248892644,1.1015775251406528,1.1009200997348942,1.1013876999862826,100
2026-01-05 13:50:00+00:00,1.1013876999862826,1.1020271651228357,1.1012705253256598,1.101909990462213,100
2026-01-05 13:55:00+00:00,1.101909990462213,1.1022961393149835,1.1018169966618159,1.1022031455145864,100
2026-01-05 14:00:00+00:00,1.1022031455145864,1.1022806164200456,1.102128035728274,1.102205506633733,100
2026-01-05 14:05:00+00:00,1.102205506633733,1.1024687753344589,1.1016155563063894,1.1018788250071152,100
2026-01-05 14:10:00+00:00,1.1018788250071152,1.1022991395356605,1.1017078981241466,1.102128212652692,100
2026-01-05 14:15:00+00:00,1.102128212652692,1.1027958187938527,1.10204631224692,1.1027139183880807,100
2026-01-05 14:20:00+00:00,1.1027139183880807,1.1034592411814224,1.102509988359623,1.1032553111529646,100
2026-01-05 14:25:00+00:00,1.1032553111529646,1.1035758806881673,1.1031871174081762,1.1035076869433789,100
2026-01-05 14:30:00+00:00,1.1035076869433789,1.1042472803025822,1.1034223226883095,1.104161916047513,100
2026-01-05 14:35:00+00:00,1.104161916047513,1.10438479137886,1.1040801480230584,1.1043030233544056,100
2026-01-05 14:40:00+00:00,1.1043030233544056,1.1047516247582814,1.1041982442665765,1.1046468456704523,100
2026-01-05 14:45:00+00:00,1.1046468456704523,1.1051093040153255,1.1045747102783925,1.1050371686232656,100
2026-01-05 14:50:00+00:00,1.1050371686232656,1.1052029668064585,1.104399005965579,1.104564804148772,100
2026-01-05 14:55:00+00:00,1.104564804148772,1.10502194095893,1.1044188834296738,1.1048760202398318,100
2026-01-05 15:00:00+00:00,1.1048760202398318,1.1050112904189406,1.1046747935390269,1.1048100637181357,100
2026-01-05 15:05:00+00:00,1.1048100637181357,1.1050304270602618,1.104342849551052,1.1045632128931782,100
2026-01-05 15:10:00+00:00,1.1045632128931782,1.1048118266543778,1.1045438941405534,1.104792507901753,100
2026-01-05 15:15:00+00:00,1.104792507901753,1.104992607039617,1.1043863165356316,1.1045864156734955,100
2026-01-05 15:20:00+00:00,1.1045864156734955,1.10474866066639,1.1043178550124977,1.1044801000053923,100
2026-01-05 15:25:00+00:00,1.1044801000053923,1.104495365100001,1.1043624375002108,1.1043777025948194,100
2026-01-05 15:30:00+00:00,1.1043777025948194,1.1048849087539752,1.104254337344147,1.1047615435033027,100
2026-01-05 15:35:00+00:00,1.1047615435033027,1.1053122380151814,1.104628099393138,1.1051787939050168,100
2026-01-05 15:40:00+00:00,1.1051787939050168,1.1053513732626337,1.1051104078357934,1.1052829871934102,100
2026-01-05 15:45:00+00:00,1.1052829871934102,1.1063021088262819,1.1051164285795252,1.1061355502123968,100
2026-01-05 15:50:00+00:00,1.1061355502123968,1.1064284467282102,1.106025886816563,1.1063187833323764,100
2026-01-05 15:55:00+00:00,1.1063187833323764,1.106680523607534,1.1061840372448362,1.1065457775199938,100
2026-01-05 16:00:00+00:00,1.1065457775199938,1.1067682540058559,1.1060185627229984,1.1062410392088604,100
2026-01-05 16:05:00+00:00,1.1062410392088604,1.106339148744996,1.1055892708953412,1.1056873804314769,100
2026-01-05 16:10:00+00:00,1.1056873804314769,1.10603580726914,1.1056854257632114,1.1060338526008746,100
2026-01-05 16:15:00+00:00,1.1060338526008746,1.1062858440083125,1.1059263259771805,1.1061783173846185,100
2026-01-05 16:20:00+00:00,1.1061783173846185,1.1062235770483049,1.105959680247782,1.1060049399114684,100
2026-01-05 16:25:00+00:00,1.1060049399114684,1.1061098548684685,1.1059475556733007,1.1060524706303008,100
2026-01-05 16:30:00+00:00,1.1060524706303008,1.1063813652282106,1.1058951220203777,1.1062240166182875,100
2026-01-05 16:35:00+00:00,1.1062240166182875,1.1066137904486688,1.1059315429727152,1.1063213168030965,100
2026-01-05 16:40:00+00:00,1.1063213168030965,1.1068174508682733,1.1062657534059983,1.106761887471175,100
2026-01-05 16:45:00+00:00,1.106761887471175,1.1068002761332356,1.106537576790399,1.1065759654524596,100
2026-01-05 16:50:00+00:00,1.1065759654524596,1.107002889570757,1.1063765186884909,1.1068034428067883,100
2026-01-05 16:55:00+00:00,1.1068034428067883,1.1073261739559728,1.1066325186882344,1.1071552498374189,100
2026-01-05 17:00:00+00:00,1.1071552498374189,1.1073659756389445,1.107127509167319,1.1073382349688445,100
2026-01-05 17:05:00+00:00,1.1073382349688445,1.1074658780087354,1.1068634855400008,1.1069911285798917,100
2026-01-05 17:10:00+00:00,1.1069911285798917,1.1074464416040908,1.10676031242938,1.1072156254535792,100
2026-01-05 17:15:00+00:00,1.1072156254535792,1.108206946006141,1.1071114069646435,1.1081027275172053,100
2026-01-05 17:20:00+00:00,1.1081027275172053,1.1084787053596448,1.1080633609609913,1.1084393388034308,100
2026-01-05 17:25:00+00:00,1.1084393388034308,1.1086713537977775,1.1083988642210965,1.1086308792154431,100
2026-01-05 17:30:00+00:00,1.1086308792154431,1.1097381074526143,1.1084271418538028,1.1095343700909739,100
2026-01-05 17:35:00+00:00,1.1095343700909739,1.1096969848803162,1.1093480487540757,1.109510663543418,100
2026-01-05 17:40:00+00:00,1.109510663543418,1.1096098512345764,1.1088838219021877,1.1089830095933462,100
2026-01-05 17:45:00+00:00,1.1089830095933462,1.1091490183311983,1.1089183778975,1.1090843866353521,100
2026-01-05 17:50:00+00:00,1.1090843866353521,1.1091523659097204,1.1087504441795988,1.108818423453967,100
2026-01-05 17:55:00+00:00,1.108818423453967,1.1090569975975604,1.1088012319131977,1.109039806056791,100
2026-01-05 18:00:00+00:00,1.109039806056791,1.1092249225430149,1.1087063269241082,1.108891443410332,100
2026-01-05 18:05:00+00:00,1.108891443410332,1.108932620087641,1.1086352239142991,1.108676400591608,100
2026-01-05 18:10:00+00:00,1.108676400591608,1.1095158284700497,1.1086564210943421,1.1094958489727837,100
2026-01-05 18:15:00+00:00,1.1094958489727837,1.110146831891933,1.1094543046317036,1.1101052875508528,100
2026-01-05 18:20:00+00:00,1.1101052875508528,1.1107575786673702,1.1099516334980648,1.1106039246145822,100
2026-01-05 18:25:00+00:00,1.1106039246145822,1.1110648033887935,1.1103717596643927,1.110832638438604,100
2026-01-05 18:30:00+00:00,1.110832638438604,1.1112893962019725,1.1104325372381223,1.1108892950014908,100
2026-01-05 18:35:00+00:00,1.1108892950014908,1.111376909840517,1.1108420229425569,1.1113296377815831,100
2026-01-05 18:40:00+00:00,1.1113296377815831,1.11148411895469,1.1111052416773464,1.1112597228504533,100
2026-01-05 18:45:00+00:00,1.1112597228504533,1.1116171484610966,1.111127094384297,1.1114845199949404,100
2026-01-05 18:50:00+00:00,1.1114845199949404,1.112284650180842,1.111414001544024,1.1122141317299257,100
2026-01-05 18:55:00+00:00,1.1122141317299257,1.1123301904427982,1.1121568544479634,1.112272913160836,100
2026-01-05 19:00:00+00:00,1.112272913160836,1.11264827711653,1.1121432949034415,1.1125186588591356,100
2026-01-05 19:05:00+00:00,1.1125186588591356,1.1130710609218177,1.1122159507304825,1.1127683527931647,100
2026-01-05 19:10:00+00:00,1.1127683527931647,1.1129922092062199,1.1121490698773204,1.1123729262903757,100
2026-01-05 19:15:00+00:00,1.1123729262903757,1.1130829509139917,1.1123488466165852,1.1130588712402012,100
2026-01-05 19:20:00+00:00,1.1130588712402012,1.1135533547820275,1.112891244574619,1.1133857281164454,100
2026-01-05 19:25:00+00:00,1.1133857281164454,1.113690115343753,1.1132077834861571,1.1135121707134648,100
2026-01-05 19:30:00+00:00,1.1135121707134648,1.1147836076328204,1.1134235118385643,1.1146949487579199,100
2026-01-05 19:35:00+00:00,1.1146949487579199,1.1154975476853306,1.1146137703953567,1.1154163693227674,100
2026-01-05 19:40:00+00:00,1.1154163693227674,1.1158311681100412,1.1153944883271245,1.1158092871143983,100
2026-01-05 19:45:00+00:00,1.1158092871143983,1.1158109220565982,1.1155866245597517,1.1155882595019515,100
2026-01-05 19:50:00+00:00,1.1155882595019515,1.116170141233653,1.1153731039288912,1.1159549856605928,100
2026-01-05 19:55:00+00:00,1.1159549856605928,1.1160187369203127,1.1154423935978968,1.1155061448576167,100
2026-01-05 20:00:00+00:00,1.1155061448576167,1.1163781260683545,1.1154362558908468,1.1163082371015847,100
2026-01-05 20:05:00+00:00,1.1163082371015847,1.1163453274486603,1.11572856891243,1.1157656592595058,100
2026-01-05 20:10:00+00:00,1.1157656592595058,1.1166132578104597,1.1155997918530192,1.1164473904039731,100
2026-01-05 20:15:00+00:00,1.1164473904039731,1.1164624979316435,1.1163738386345379,1.1163889461622083,100
2026-01-05 20:20:00+00:00,1.1163889461622083,1.1165141849479234,1.1155381907360051,1.1156634295217203,100
2026-01-05 20:25:00+00:00,1.1156634295217203,1.1158507414739762,1.1154511928594448,1.1156385048117008,100
2026-01-05 20:30:00+00:00,1.1156385048117008,1.1157772548867453,1.1151879398006541,1.1153266898756986,100
2026-01-05 20:35:00+00:00,1.1153266898756986,1.115331910147533,1.1151159381790778,1.1151211584509122,100
2026-01-05 20:40:00+00:00,1.1151211584509122,1.1151531551793181,1.1148502129404219,1.1148822096688278,100
2026-01-05 20:45:00+00:00,1.1148822096688278,1.1152901394415533,1.1142737965057397,1.1146817262784652,100
2026-01-05 20:50:00+00:00,1.1146817262784652,1.1152924080443019,1.1146003433068739,1.1152110250727105,100
2026-01-05 20:55:00+00:00,1.1152110250727105,1.1155399668149115,1.114972101171022,1.115301042913223,100
2026-01-05 21:00:00+00:00,1.115301042913223,1.1154051309318187,1.1150457631015804,1.115149851120176,100
2026-01-05 21:05:00+00:00,1.115149851120176,1.115219612684468,1.1142547202398472,1.1143244818041391,100
2026-01-05 21:10:00+00:00,1.1143244818041391,1.1145504818114123,1.1142087101923799,1.114434710199653,100
2026-01-05 21:15:00+00:00,1.114434710199653,1.1154096686896036,1.114239388678582,1.1152143471685325,100
2026-01-05 21:20:00+00:00,1.1152143471685325,1.1153340056995615,1.114913650612366,1.115033309143395,100
2026-01-05 21:25:00+00:00,1.115033309143395,1.1150601530595916,1.1149919960139474,1.115018839930144,100
2026-01-05 21:30:00+00:00,1.115018839930144,1.1152347517028063,1.114186922650241,1.1144028344229033,100
2026-01-05 21:35:00+00:00,1.1144028344229033,1.1147886041270034,1.114262394904371,1.1146481646084712,100
2026-01-05 21:40:00+00:00,1.1146481646084712,1.1146954670999523,1.1141054520870066,1.1141527545784877,100
2026-01-05 21:45:00+00:00,1.1141527545784877,1.114449784859182,1.1139673091739934,1.1142643394546876,100
2026-01-05 21:50:00+00:00,1.1142643394546876,1.1143603806848534,1.114126775731792,1.114222816961958,100
2026-01-05 21:55:00+00:00,1.114222816961958,1.1143825014439661,1.1139491969879802,1.1141088814699884,100
2026-01-05 22:00:00+00:00,1.1141088814699884,1.1145280741557864,1.1138784135740156,1.1142976062598136,100
2026-01-05 22:05:00+00:00,1.1142976062598136,1.1145426471493924,1.1140504806389782,1.114295521528557,100
2026-01-05 22:10:00+00:00,1.114295521528557,1.1144287358647182,1.1138670330504754,1.1140002473866366,100
2026-01-05 22:15:00+00:00,1.1140002473866366,1.1143436683664971,1.1138753349932773,1.1142187559731378,100
2026-01-05 22:20:00+00:00,1.1142187559731378,1.114334565709206,1.1141393491767264,1.1142551589127947,100
2026-01-05 22:25:00+00:00,1.1142551589127947,1.1143000327469994,1.1135339980875045,1.1135788719217092,100
2026-01-05 22:30:00+00:00,1.1135788719217092,1.1140511954931545,1.112672919955554,1.1131452435269993,100
2026-01-05 22:35:00+00:00,1.1131452435269993,1.113540238911049,1.1129988399032533,1.113393835287303,100
2026-01-05 22:40:00+00:00,1.113393835287303,1.113583556967152,1.112988397885708,1.113178119565557,100
2026-01-05 22:45:00+00:00,1.113178119565557,1.1132224440109957,1.1115267867719347,1.1115711112173734,100
2026-01-05 22:50:00+00:00,1.1115711112173734,1.112401321062544,1.1114686389459998,1.1122988487911705,100
2026-01-05 22:55:00+00:00,1.1122988487911705,1.1124495489207082,1.1122463979420405,1.1123970980715783,100
2026-01-05 23:00:00+00:00,1.1123970980715783,1.1127202846079127,1.112303365351373,1.1126265518877074,100
2026-01-05 23:05:00+00:00,1.1126265518877074,1.1129895227060413,1.1123551415102604,1.1127181123285943,100
2026-01-05 23:10:00+00:00,1.1127181123285943,1.1131013199846997,1.1126709307902785,1.113054138446384,100
2026-01-05 23:15:00+00:00,1.113054138446384,1.1132845888470033,1.1125555818615702,1.1127860322621896,100
2026-01-05 23:20:00+00:00,1.1127860322621896,1.1128362519695374,1.112707159225333,1.1127573789326808,100
2026-01-05 23:25:00+00:00,1.1127573789326808,1.1127969861072136,1.1119813511576082,1.112020958332141,100
2026-01-05 23:30:00+00:00,1.112020958332141,1.1128363425347185,1.111875500748507,1.1126908849510846,100
2026-01-05 23:35:00+00:00,1.1126908849510846,1.11290850889852,1.1126545506498673,1.1128721745973027,100
2026-01-05 23:40:00+00:00,1.1128721745973027,1.1132444086057527,1.1118588987801308,1.1122311327885808,100
2026-01-05 23:45:00+00:00,1.1122311327885808,1.1125377563371504,1.1120914562985833,1.1123980798471529,100
2026-01-05 23:50:00+00:00,1.1123980798471529,1.1125834789613396,1.1116949131891647,1.1118803123033514,100
2026-01-05 23:55:00+00:00,1.1118803123033514,1.11199118046744,1.1116970549541616,1.1118079231182503,100
2026-01-06 00:00:00+00:00,1.1118079231182503,1.1119575060430735,1.1117692577306992,1.1119188406555225,100
2026-01-06 00:05:00+00:00,1.1119188406555225,1.1125088168533273,1.111847309515916,1.1124372857137208,100
2026-01-06 00:10:00+00:00,1.1124372857137208,1.1125743521804732,1.1119068328191428,1.1120438992858952,100
2026-01-06 00:15:00+00:00,1.1120438992858952,1.1120486787953614,1.1120182725040921,1.1120230520135583,100
2026-01-06 00:20:00+00:00,1.1120230520135583,1.1126604343238444,1.1115665503036822,1.1122039326139683,100
2026-01-06 00:25:00+00:00,1.1122039326139683,1.1126346388174972,1.1121309380788493,1.1125616442823782,100
2026-01-06 00:30:00+00:00,1.1125616442823782,1.1129036982319922,1.1125568364671456,1.1128988904167596,100
2026-01-06 00:35:00+00:00,1.1128988904167596,1.1134540271031719,1.112689415277872,1.1132445519642842,100
2026-01-06 00:40:00+00:00,1.1132445519642842,1.1135369876023138,1.1130836348745585,1.1133760705125881,100
2026-01-06 00:45:00+00:00,1.1133760705125881,1.1137604559674716,1.1133154414909856,1.113699826945869,100
2026-01-06 00:50:00+00:00,1.113699826945869,1.1137907007115269,1.1135095925929654,1.1136004663586232,100
2026-01-06 00:55:00+00:00,1.1136004663586232,1.1139164693009054,1.1135538056571546,1.1138698085994367,100
2026-01-06 01:00:00+00:00,1.1138698085994367,1.1142109582363222,1.1128068312541852,1.1131479808910707,100
2026-01-06 01:05:00+00:00,1.1131479808910707,1.1138315630149886,1.1128693573048885,1.1135529394288064,100
2026-01-06 01:10:00+00:00,1.1135529394288064,1.1139493012429798,1.1135179162509614,1.1139142780651348,100
2026-01-06 01:15:00+00:00,1.1139142780651348,1.1148948862052455,1.1134624969091818,1.1144431050492924,100
2026-01-06 01:20:00+00:00,1.1144431050492924,1.114630729714093,1.1144365042084308,1.1146241288732313,100
2026-01-06 01:25:00+00:00,1.1146241288732313,1.1147048661834735,1.1143406288268198,1.114421366137062,100
2026-01-06 01:30:00+00:00,1.114421366137062,1.114658686287216,1.1143540387246758,1.1145913588748297,100
2026-01-06 01:35:00+00:00,1.1145913588748297,1.1157029125362434,1.1144961062656602,1.115607659927074,100
2026-01-06 01:40:00+00:00,1.115607659927074,1.11614983436557,1.1153500408938999,1.115892215332396,100
2026-01-06 01:45:00+00:00,1.115892215332396,1.1159653548015362,1.115216020324847,1.1152891597939871,100
2026-01-06 01:50:00+00:00,1.1152891597939871,1.1155702728602728,1.1151372421367047,1.1154183552029904,100
2026-01-06 01:55:00+00:00,1.1154183552029904,1.115518665963718,1.1150241314856102,1.1151244422463378,100
2026-01-06 02:00:00+00:00,1.1151244422463378,1.115373245451235,1.114658565689853,1.1149073688947504,100
2026-01-06 02:05:00+00:00,1.1149073688947504,1.1150026557069248,1.1146904825368764,1.1147857693490508,100
2026-01-06 02:10:00+00:00,1.1147857693490508,1.1157113286787543,1.1146827734361033,1.1156083327658068,100
2026-01-06 02:15:00+00:00,1.1156083327658068,1.1156850656796373,1.11553382479355,1.1156105577073805,100
2026-01-06 02:20:00+00:00,1.1156105577073805,1.1158704588086532,1.115462810839755,1.1157227119410278,100
2026-01-06 02:25:00+00:00,1.1157227119410278,1.116280172328515,1.1155211329967816,1.1160785933842687,100
2026-01-06 02:30:00+00:00,1.1160785933842687,1.116555332298054,1.1159961430673055,1.1164728819810907,100
2026-01-06 02:35:00+00:00,1.1164728819810907,1.1170100287214102,1.1161578320400192,1.1166949787803386,100
2026-01-06 02:40:00+00:00,1.1166949787803386,1.1176932731364235,1.1166423828005534,1.1176406771566383,100
2026-01-06 02:45:00+00:00,1.1176406771566383,1.1183989342626632,1.117509817277071,1.118268074383096,100
2026-01-06 02:50:00+00:00,1.118268074383096,1.1186578027590999,1.118071915008924,1.118461643384928,100
2026-01-06 02:55:00+00:00,1.118461643384928,1.1184898511571915,1.118217506167179,1.1182457139394426,100
2026-01-06 03:00:00+00:00,1.1182457139394426,1.1189593189428497,1.1181348130975826,1.1188484181009897,100
2026-01-06 03:05:00+00:00,1.1188484181009897,1.1196295746761924,1.1187591420380163,1.119540298613219,100
2026-01-06 03:10:00+00:00,1.119540298613219,1.1205189553357533,1.1193199643177052,1.1202986210402395,100
2026-01-06 03:15:00+00:00,1.1202986210402395,1.120573655540922,1.1201293478676735,1.120404382368356,100
2026-01-06 03:20:00+00:00,1.120404382368356,1.120495749461962,1.1202203560701822,1.1203117231637882,100
2026-01-06 03:25:00+00:00,1.1203117231637882,1.1204896528822001,1.1195726018171275,1.1197505315355394,100
2026-01-06 03:30:00+00:00,1.1197505315355394,1.1200596409209025,1.1196964916499599,1.120005601035323,100
2026-01-06 03:35:00+00:00,1.120005601035323,1.12016394182328,1.1196811261548731,1.1198394669428302,100
2026-01-06 03:40:00+00:00,1.1198394669428302,1.120695639541501,1.1196836089229831,1.120539781521654,100
2026-01-06 03:45:00+00:00,1.120539781521654,1.1206492369194947,1.1204880319171704,1.120597487315011,100
2026-01-06 03:50:00+00:00,1.120597487315011,1.1206857570704756,1.1200199614717699,1.1201082312272344,100
2026-01-06 03:55:00+00:00,1.1201082312272344,1.1213723044158619,1.1198911053279554,1.121155178516583,100
2026-01-06 04:00:00+00:00,1.121155178516583,1.1213016089877328,1.1205190859537524,1.1206655164249022,100
2026-01-06 04:05:00+00:00,1.1206655164249022,1.1208107313081723,1.1199816465195358,1.120126861402806,100
2026-01-06 04:10:00+00:00,1.120126861402806,1.1201752030456487,1.1197523085989014,1.1198006502417441,100
2026-01-06 04:15:00+00:00,1.1198006502417441,1.1203803058923516,1.1197471315363585,1.120326787186966,100
2026-01-06 04:20:00+00:00,1.120326787186966,1.1212250394361052,1.1199947255744023,1.1208929778235415,100
2026-01-06 04:25:00+00:00,1.1208929778235415,1.1212159976740776,1.1207031645712289,1.121026184421765,100
2026-01-06 04:30:00+00:00,1.121026184421765,1.1217848192770217,1.1207345863289384,1.121493221184195,100
2026-01-06 04:35:00+00:00,1.121493221184195,1.1218278913553956,1.1212221285538788,1.1215567987250794,100
2026-01-06 04:40:00+00:00,1.1215567987250794,1.1221866558477436,1.1214233764650223,1.1220532335876865,100
2026-01-06 04:45:00+00:00,1.1220532335876865,1.1221939390486315,1.12194056209335,1.122081267554295,100
2026-01-06 04:50:00+00:00,1.122081267554295,1.1226450254308487,1.1219654071235283,1.122529165000082,100
2026-01-06 04:55:00+00:00,1.122529165000082,1.122584908561719,1.1224260895620266,1.1224818331236637,100
2026-01-06 05:00:00+00:00,1.1224818331236637,1.1228510775676617,1.1224503014121152,1.1228195458561132,100
2026-01-06 05:05:00+00:00,1.1228195458561132,1.1230935382925427,1.122114993194666,1.1223889856310953,100
2026-01-06 05:10:00+00:00,1.1223889856310953,1.1226997496798015,1.122302983070741,1.122613747119447,100
2026-01-06 05:15:00+00:00,1.122613747119447,1.1229347027440304,1.1224274412117354,1.1227483968363188,100
2026-01-06 05:20:00+00:00,1.1227483968363188,1.122805856303091,1.1221861097602417,1.1222435692270138,100
2026-01-06 05:25:00+00:00,1.1222435692270138,1.1222436399197906,1.121975947275087,1.1219760179678637,100
2026-01-06 05:30:00+00:00,1.1219760179678637,1.1223082604226273,1.1219368095365567,1.1222690519913203,100
2026-01-06 05:35:00+00:00,1.1222690519913203,1.122926959500507,1.1222575424113055,1.122915449920492,100
2026-01-06 05:40:00+00:00,1.122915449920492,1.1230523004465927,1.1228032250221005,1.122940075548201,100
2026-01-06 05:45:00+00:00,1.122940075548201,1.1238036555899011,1.1229099395326987,1.1237735195743987,100
2026-01-06 05:50:00+00:00,1.1237735195743987,1.1240769740064762,1.1232605924711967,1.1235640469032742,100
2026-01-06 05:55:00+00:00,1.1235640469032742,1.123695023949832,1.1232541346526541,1.123385111699212,100
2026-01-06 06:00:00+00:00,1.123385111699212,1.123859080967284,1.1223363314645374,1.1228103007326093,100
2026-01-06 06:05:00+00:00,1.1228103007326093,1.1230747822250813,1.1226452734453736,1.1229097549378455,100
2026-01-06 06:10:00+00:00,1.1229097549378455,1.1232072636970036,1.122723829548144,1.1230213383073022,100
2026-01-06 06:15:00+00:00,1.1230213383073022,1.1232898609633817,1.122400461497829,1.1226689841539084,100
2026-01-06 06:20:00+00:00,1.1226689841539084,1.1230676610346073,1.1225802993008895,1.1229789761815885,100
2026-01-06 06:25:00+00:00,1.1229789761815885,1.1231116372649506,1.1225442507615846,1.1226769118449467,100
2026-01-06 06:30:00+00:00,1.1226769118449467,1.1231412984904279,1.1226635614089209,1.123127948054402,100
2026-01-06 06:35:00+00:00,1.123127948054402,1.1231985778964948,1.1229573415382563,1.123027971380349,100
2026-01-06 06:40:00+00:00,1.123027971380349,1.1236227734463546,1.1226649224993845,1.1232597245653901,100
2026-01-06 06:45:00+00:00,1.1232597245653901,1.1233547325627684,1.1227823787329734,1.1228773867303516,100
2026-01-06 06:50:00+00:00,1.1228773867303516,1.1236814366574595,1.122864238574471,1.1236682885015787,100
2026-01-06 06:55:00+00:00,1.1236682885015787,1.124328464874564,1.1233640131099842,1.1240241894829694,100
2026-01-06 07:00:00+00:00,1.1240241894829694,1.1242565215887155,1.1229806831167708,1.1232130152225168,100
2026-01-06 07:05:00+00:00,1.1232130152225168,1.123426612004586,1.1230294677789987,1.1232430645610678,100
2026-01-06 07:10:00+00:00,1.1232430645610678,1.1237224049446959,1.1231892970036592,1.1236686373872873,100
2026-01-06 07:15:00+00:00,1.1236686373872873,1.1250686063999062,1.1233666781382354,1.1247666471508544,100
2026-01-06 07:20:00+00:00,1.1247666471508544,1.124928855148023,1.1247419611541551,1.1249041691513237,100
2026-01-06 07:25:00+00:00,1.1249041691513237,1.12561946743292,1.124704182406984,1.1254194806885804,100
2026-01-06 07:30:00+00:00,1.1254194806885804,1.125493741803879,1.1253320067740311,1.1254062678893297,100
2026-01-06 07:35:00+00:00,1.1254062678893297,1.1262838726448878,1.1252069425252675,1.1260845472808256,100
2026-01-06 07:40:00+00:00,1.1260845472808256,1.1261267178930807,1.1254145691698167,1.1254567397820718,100
2026-01-06 07:45:00+00:00,1.1254567397820718,1.125540374392705,1.1253808660968438,1.125464500707477,100
2026-01-06 07:50:00+00:00,1.125464500707477,1.1255926525120967,1.1254532017765153,1.125581353581135,100
2026-01-06 07:55:00+00:00,1.125581353581135,1.1256829427827741,1.1254336848690314,1.1255352740706706,100
2026-01-06 08:00:00+00:00,1.1255352740706706,1.1260761477952697,1.1253966410672938,1.1259375147918929,100
2026-01-06 08:05:00+00:00,1.1259375147918929,1.1261185172573223,1.125270662904374,1.1254516653698035,100
2026-01-06 08:10:00+00:00,1.1254516653698035,1.1261231637747837,1.125230003360414,1.1259015017653942,100
2026-01-06 08:15:00+00:00,1.1259015017653942,1.126083368518075,1.125741170670451,1.1259230374231317,100
2026-01-06 08:20:00+00:00,1.1259230374231317,1.126077220963054,1.1255150386392223,1.1256692221791447,100
2026-01-06 08:25:00+00:00,1.1256692221791447,1.1257466367419675,1.1253389069470092,1.125416321509832,100
2026-01-06 08:30:00+00:00,1.125416321509832,1.125568695025568,1.124866353161965,1.1250187266777008,100
2026-01-06 08:35:00+00:00,1.1250187266777008,1.1251521151038935,1.1247779863135217,1.1249113747397144,100
2026-01-06 08:40:00+00:00,1.1249113747397144,1.1251625577695024,1.1248979601888114,1.1251491432185994,100
2026-01-06 08:45:00+00:00,1.1251491432185994,1.1259351096869747,1.1250747564825445,1.1258607229509199,100
2026-01-06 08:50:00+00:00,1.1258607229509199,1.1261474946184455,1.1253418922309182,1.1256286638984438,100
2026-01-06 08:55:00+00:00,1.1256286638984438,1.1256904159410475,1.1252462600072797,1.1253080120498833,100
2026-01-06 09:00:00+00:00,1.1253080120498833,1.1253570873430767,1.125252865449882,1.1253019407430753,100
2026-01-06 09:05:00+00:00,1.1253019407430753,1.1253373691659754,1.1247129912424254,1.1247484196653255,100
2026-01-06 09:10:00+00:00,1.1247484196653255,1.1252214950780421,1.1246336952499971,1.1251067706627138,100
2026-01-06 09:15:00+00:00,1.1251067706627138,1.125137266642318,1.1247666452491354,1.1247971412287396,100
2026-01-06 09:20:00+00:00,1.1247971412287396,1.1249032284321343,1.1238864023211876,1.1239924895245823,100
2026-01-06 09:25:00+00:00,1.1239924895245823,1.1241490350578498,1.1239133931088616,1.1240699386421291,100
2026-01-06 09:30:00+00:00,1.1240699386421291,1.12453611545879,1.1239582962716987,1.1244244730883597,100
2026-01-06 09:35:00+00:00,1.1244244730883597,1.1247716456413765,1.1243627671214576,1.1247099396744744,100
2026-01-06 09:40:00+00:00,1.1247099396744744,1.1252183479913294,1.1246964832913073,1.1252048916081623,100
2026-01-06 09:45:00+00:00,1.1252048916081623,1.1254389780471987,1.1251257023725376,1.125359788811574,100
2026-01-06 09:50:00+00:00,1.125359788811574,1.1256413385524504,1.1253318477665626,1.125613397507439,100
2026-01-06 09:55:00+00:00,1.125613397507439,1.1260565449718225,1.1253487785111658,1.1257919259755493,100
2026-01-06 10:00:00+00:00,1.1257919259755493,1.126091229720298,1.1257510852797474,1.1260503890244962,100
2026-01-06 10:05:00+00:00,1.1260503890244962,1.1265160546193953,1.125837701413467,1.1263033670083662,100
2026-01-06 10:10:00+00:00,1.1263033670083662,1.126779734655851,1.1261277908376806,1.1266041584851654,100
2026-01-06 10:15:00+00:00,1.1266041584851654,1.126680378082523,1.1255421670900507,1.1256183866874083,100
2026-01-06 10:20:00+00:00,1.1256183866874083,1.1257366291621411,1.125118768991435,1.1252370114661678,100
2026-01-06 10:25:00+00:00,1.1252370114661678,1.125263207947379,1.1245522829564254,1.1245784794376366,100
2026-01-06 10:30:00+00:00,1.1245784794376366,1.1251596344692216,1.124246561593599,1.124827716625184,100
2026-01-06 10:35:00+00:00,1.124827716625184,1.1251157442224375,1.1247112086991111,1.1249992362963646,100
2026-01-06 10:40:00+00:00,1.1249992362963646,1.1251557530322573,1.124982170881162,1.1251386876170548,100
2026-01-06 10:45:00+00:00,1.1251386876170548,1.1254359471592572,1.1244066987894286,1.124703958331631,100
2026-01-06 10:50:00+00:00,1.124703958331631,1.1254343298940437,1.1245827150978487,1.1253130866602614,100
2026-01-06 10:55:00+00:00,1.1253130866602614,1.1253956711333417,1.1246527957688548,1.124735380241935,100
2026-01-06 11:00:00+00:00,1.124735380241935,1.1250365974141276,1.12466071485475,1.1249619320269426,100
2026-01-06 11:05:00+00:00,1.1249619320269426,1.125262117575976,1.1249379178947398,1.1252381034437733,100
2026-01-06 11:10:00+00:00,1.1252381034437733,1.1256121830803334,1.1251932921080288,1.1255673717445889,100
2026-01-06 11:15:00+00:00,1.1255673717445889,1.1260849891451723,1.1254930193793826,1.126010636779966,100
2026-01-06 11:20:00+00:00,1.126010636779966,1.1266420469595702,1.1258769070537153,1.1265083172333195,100
2026-01-06 11:25:00+00:00,1.1265083172333195,1.126685508706938,1.1262994876553787,1.1264766791289973,100
2026-01-06 11:30:00+00:00,1.1264766791289973,1.1266404403307198,1.1259547180114673,1.1261184792131897,100
2026-01-06 11:35:00+00:00,1.1261184792131897,1.1262052949456733,1.1258432765600659,1.1259300922925495,100
2026-01-06 11:40:00+00:00,1.1259300922925495,1.1260560384014122,1.1258536123539482,1.125979558462811,100
2026-01-06 11:45:00+00:00,1.125979558462811,1.1260367052822025,1.1253285106927304,1.125385657512122,100
2026-01-06 11:50:00+00:00,1.125385657512122,1.125651796996378,1.124559385093303,1.1248255245775591,100
2026-01-06 11:55:00+00:00,1.1248255245775591,1.1251981143835896,1.1245391199732122,1.1249117097792427,100
2026-01-06 12:00:00+00:00,1.1249117097792427,1.125042675944172,1.1246616007827726,1.124792566947702,100
2026-01-06 12:05:00+00:00,1.124792566947702,1.1252044342872918,1.1245211028895359,1.1249329702291258,100
2026-01-06 12:10:00+00:00,1.1249329702291258,1.125189665075457,1.1247330553981263,1.1249897502444575,100
2026-01-06 12:15:00+00:00,1.1249897502444575,1.1257181557511173,1.124733120212363,1.1254615257190228,100
2026-01-06 12:20:00+00:00,1.1254615257190228,1.12564192753387,1.1254425651023006,1.1256229669171478,100
2026-01-06 12:25:00+00:00,1.1256229669171478,1.125736542683605,1.1254095734198355,1.1255231491862927,100
2026-01-06 12:30:00+00:00,1.1255231491862927,1.1256763011127342,1.125082632747214,1.1252357846736556,100
2026-01-06 12:35:00+00:00,1.1252357846736556,1.1255541055846903,1.125134868289403,1.1254531892004376,100
2026-01-06 12:40:00+00:00,1.1254531892004376,1.125467335326993,1.125413633020837,1.1254277791473926,100
2026-01-06 12:45:00+00:00,1.1254277791473926,1.1254308189739797,1.125150690233097,1.125153730059684,100
2026-01-06 12:50:00+00:00,1.125153730059684,1.125288813024193,1.1251443675034467,1.1252794504679555,100
2026-01-06 12:55:00+00:00,1.1252794504679555,1.1253372034080484,1.1250657329557745,1.1251234858958674,100
2026-01-06 13:00:00+00:00,1.1251234858958674,1.1252717118042161,1.1251007350955258,1.1252489610038745,100
2026-01-06 13:05:00+00:00,1.1252489610038745,1.1254571197951995,1.1249651790998878,1.1251733378912128,100
2026-01-06 13:10:00+00:00,1.1251733378912128,1.125769515908877,1.1249287553485376,1.1255249333662019,100
2026-01-06 13:15:00+00:00,1.1255249333662019,1.125728389829626,1.1250497802843082,1.1252532367477324,100
2026-01-06 13:20:00+00:00,1.1252532367477324,1.1254163923051268,1.1250796242345817,1.1252427797919762,100
2026-01-06 13:25:00+00:00,1.1252427797919762,1.125743566323389,1.1252395786689016,1.1257403652003144,100
2026-01-06 13:30:00+00:00,1.1257403652003144,1.1258583234101016,1.1257020662926802,1.1258200245024674,100
2026-01-06 13:35:00+00:00,1.1258200245024674,1.1270146003144303,1.1257136291446428,1.1269082049566057,100
2026-01-06 13:40:00+00:00,1.1269082049566057,1.12697932327829,1.1261370381048958,1.1262081564265802,100
2026-01-06 13:45:00+00:00,1.1262081564265802,1.126479856410046,1.1261141660974576,1.1263858660809234,100
2026-01-06 13:50:00+00:00,1.1263858660809234,1.1264203307912892,1.1257101149829412,1.125744579693307,100
2026-01-06 13:55:00+00:00,1.125744579693307,1.1258715889196864,1.1253036911325418,1.1254307003589212,100
2026-01-06 14:00:00+00:00,1.1254307003589212,1.125771833486396,1.125203182037979,1.1255443151654538,100
2026-01-06 14:05:00+00:00,1.1255443151654538,1.1263079874435264,1.1254197557672219,1.1261834280452945,100
2026-01-06 14:10:00+00:00,1.1261834280452945,1.1268311156857151,1.1261372474765805,1.1267849351170012,100
2026-01-06 14:15:00+00:00,1.1267849351170012,1.1270548694081965,1.125852761168504,1.1261226954596995,100
2026-01-06 14:20:00+00:00,1.1261226954596995,1.126341418021139,1.1258765456909117,1.1260952682523513,100
2026-01-06 14:25:00+00:00,1.1260952682523513,1.126193335224705,1.1260696404293258,1.1261677074016796,100
2026-01-06 14:30:00+00:00,1.1261677074016796,1.1264924262976252,1.1261421653717516,1.1264668842676973,100
2026-01-06 14:35:00+00:00,1.1264668842676973,1.1270607025383306,1.1264323898478925,1.1270262081185258,100
2026-01-06 14:40:00+00:00,1.1270262081185258,1.1271147474302896,1.1266987786663738,1.1267873179781376,100
2026-01-06 14:45:00+00:00,1.1267873179781376,1.1269236037786765,1.1263567758008124,1.1264930616013513,100
2026-01-06 14:50:00+00:00,1.1264930616013513,1.1265545091830202,1.125767038011625,1.1258284855932938,100
2026-01-06 14:55:00+00:00,1.1258284855932938,1.1261380538963448,1.1258019160183481,1.126111484321399,100
2026-01-06 15:00:00+00:00,1.126111484321399,1.1267865361770515,1.1259120629160457,1.1265871147716982,100
2026-01-06 15:05:00+00:00,1.1265871147716982,1.1266295671542537,1.1260858715931727,1.1261283239757283,100
2026-01-06 15:10:00+00:00,1.1261283239757283,1.126186429464953,1.126017433563545,1.1260755390527697,100
2026-01-06 15:15:00+00:00,1.1260755390527697,1.1260962936459082,1.1260371595333332,1.1260579141264717,100
2026-01-06 15:20:00+00:00,1.1260579141264717,1.1263542953910677,1.1259531174535973,1.1262494987181932,100
2026-01-06 15:25:00+00:00,1.1262494987181932,1.1266462890773865,1.126194014019045,1.1265908043782382,100
2026-01-06 15:30:00+00:00,1.1265908043782382,1.1267540815656762,1.12604105450756,1.1262043316949981,100
2026-01-06 15:35:00+00:00,1.1262043316949981,1.1263447324851767,1.1261984065256643,1.126338807315843,100
2026-01-06 15:40:00+00:00,1.126338807315843,1.1267243382042316,1.126160999268376,1.1265465301567648,100
2026-01-06 15:45:00+00:00,1.1265465301567648,1.1269414149962287,1.1263023640958065,1.1266972489352705,100
2026-01-06 15:50:00+00:00,1.1266972489352705,1.1267521040607107,1.126413121717764,1.1264679768432042,100
2026-01-06 15:55:00+00:00,1.1264679768432042,1.1274515550842956,1.1262540940579615,1.127237672299053,100
2026-01-06 16:00:00+00:00,1.127237672299053,1.1278608140908122,1.1272230434636736,1.127846185255433,100
2026-01-06 16:05:00+00:00,1.127846185255433,1.1278629419345172,1.127675805408118,1.1276925620872023,100
2026-01-06 16:10:00+00:00,1.1276925620872023,1.127916815002939,1.127312890312075,1.1275371432278118,100
2026-01-06 16:15:00+00:00,1.1275371432278118,1.127716879773854,1.127513277548764,1.127693014094806,100
2026-01-06 16:20:00+00:00,1.127693014094806,1.1285638001961966,1.1274157772660942,1.1282865633674848,100
2026-01-06 16:25:00+00:00,1.1282865633674848,1.128608949797637,1.1281794327160286,1.1285018191461809,100
2026-01-06 16:30:00+00:00,1.1285018191461809,1.128780066852193,1.1284260837878666,1.1287043314938787,100
2026-01-06 16:35:00+00:00,1.1287043314938787,1.1289806579826842,1.1286064970531329,1.1288828235419384,100
2026-01-06 16:40:00+00:00,1.1288828235419384,1.1289032400266246,1.1288235331921204,1.1288439496768066,100
2026-01-06 16:45:00+00:00,1.1288439496768066,1.1297123668710913,1.12876251912984,1.1296309363241248,100
2026-01-06 16:50:00+00:00,1.1296309363241248,1.1311207047734528,1.1294115781725593,1.1309013466218873,100
2026-01-06 16:55:00+00:00,1.1309013466218873,1.130953288502689,1.130615139034471,1.1306670809152726,100
2026-01-06 17:00:00+00:00,1.1306670809152726,1.1308041062510334,1.1306525653303756,1.1307895906661365,100
2026-01-06 17:05:00+00:00,1.1307895906661365,1.1310012402012397,1.1305358448587548,1.130747494393858,100
2026-01-06 17:10:00+00:00,1.130747494393858,1.1307521813958512,1.1306612715924957,1.130665958594489,100
2026-01-06 17:15:00+00:00,1.130665958594489,1.130973666495245,1.130414920092894,1.13072262799365,100
2026-01-06 17:20:00+00:00,1.13072262799365,1.1317716851534538,1.130540900039549,1.1315899571993528,100
2026-01-06 17:25:00+00:00,1.1315899571993528,1.1316791249109117,1.1312601202120813,1.1313492879236402,100
2026-01-06 17:30:00+00:00,1.1313492879236402,1.131570530714662,1.1311323289407489,1.1313535717317706,100
2026-01-06 17:35:00+00:00,1.1313535717317706,1.1313597057365674,1.131116575306702,1.1311227093114988,100
2026-01-06 17:40:00+00:00,1.1311227093114988,1.1314105113357846,1.130957332729915,1.1312451347542007,100
2026-01-06 17:45:00+00:00,1.1312451347542007,1.1320563747889127,1.1310211645562644,1.1318324045909764,100
2026-01-06 17:50:00+00:00,1.1318324045909764,1.1319757672123472,1.131544806739676,1.1316881693610468,100
2026-01-06 17:55:00+00:00,1.1316881693610468,1.132510313810376,1.131607272389896,1.1324294168392253,100
2026-01-06 18:00:00+00:00,1.1324294168392253,1.1333392842221084,1.132308968175135,1.1332188355580182,100
2026-01-06 18:05:00+00:00,1.1332188355580182,1.1339035380556308,1.133094012292444,1.1337787147900567,100
2026-01-06 18:10:00+00:00,1.1337787147900567,1.1343354672309207,1.1336146243704062,1.1341713768112702,100
2026-01-06 18:15:00+00:00,1.1341713768112702,1.1348967323258308,1.1340839705244188,1.1348093260389793,100
2026-01-06 18:20:00+00:00,1.1348093260389793,1.135844401157653,1.1346535964570044,1.135688671575678,100
2026-01-06 18:25:00+00:00,1.135688671575678,1.135698068523088,1.1356553163749028,1.1356647133223128,100
2026-01-06 18:30:00+00:00,1.1356647133223128,1.135697534972427,1.1355577358122073,1.1355905574623215,100
2026-01-06 18:35:00+00:00,1.1355905574623215,1.1358629363025199,1.13541935063429,1.1356917294744884,100
2026-01-06 18:40:00+00:00,1.1356917294744884,1.135866278849565,1.1349556787855477,1.1351302281606244,100
2026-01-06 18:45:00+00:00,1.1351302281606244,1.1360249108779301,1.1348159436891905,1.1357106264064962,100
2026-01-06 18:50:00+00:00,1.1357106264064962,1.1359696294236414,1.1348195365085394,1.1350785395256846,100
2026-01-06 18:55:00+00:00,1.1350785395256846,1.1351673559417956,1.1347722325530691,1.1348610489691802,100
2026-01-06 19:00:00+00:00,1.1348610489691802,1.1350456974591827,1.1345488934473613,1.1347335419373639,100
2026-01-06 19:05:00+00:00,1.1347335419373639,1.135249217474712,1.1344536644339631,1.1349693399713112,100
2026-01-06 19:10:00+00:00,1.1349693399713112,1.135181124469124,1.134787512764326,1.1349992972621388,100
2026-01-06 19:15:00+00:00,1.1349992972621388,1.136097288832601,1.1349158839759286,1.1360138755463909,100
2026-01-06 19:20:00+00:00,1.1360138755463909,1.1364051446033037,1.1358956448423563,1.136286913899269,100
2026-01-06 19:25:00+00:00,1.136286913899269,1.1369788631854092,1.1362416985855979,1.136933647871738,100
2026-01-06 19:30:00+00:00,1.136933647871738,1.1382126548179623,1.1366736781315343,1.1379526850777586,100
2026-01-06 19:35:00+00:00,1.1379526850777586,1.1379807199483256,1.1375602992814349,1.137588334152002,100
2026-01-06 19:40:00+00:00,1.137588334152002,1.137683059933204,1.137372710206962,1.137467435988164,100
2026-01-06 19:45:00+00:00,1.137467435988164,1.1385782015967831,1.1374430404647509,1.13855380607337,100
2026-01-06 19:50:00+00:00,1.13855380607337,1.1387497035707912,1.138456382642392,1.1386522801398131,100
2026-01-06 19:55:00+00:00,1.1386522801398131,1.138790410745041,1.1381547013049753,1.1382928319102033,100
2026-01-06 20:00:00+00:00,1.1382928319102033,1.1387688113555428,1.1382605240824846,1.138736503527824,100
2026-01-06 20:05:00+00:00,1.138736503527824,1.1388605255540403,1.1383906782104742,1.1385147002366904,100
2026-01-06 20:10:00+00:00,1.1385147002366904,1.1390182833948788,1.1384198498723093,1.1389234330304976,100
2026-01-06 20:15:00+00:00,1.1389234330304976,1.1390996701755818,1.1377553480094342,1.1379315851545184,100
2026-01-06 20:20:00+00:00,1.1379315851545184,1.1382858405305394,1.1377782165258576,1.1381324719018786,100
2026-01-06 20:25:00+00:00,1.1381324719018786,1.138178836351285,1.1379185310093385,1.137964895458745,100
2026-01-06 20:30:00+00:00,1.137964895458745,1.1382211481395867,1.1378589834876807,1.1381152361685225,100
2026-01-06 20:35:00+00:00,1.1381152361685225,1.138349039582869,1.137739866623353,1.1379736700376994,100
2026-01-06 20:40:00+00:00,1.1379736700376994,1.1388306984104997,1.1377499532923174,1.1386069816651176,100
2026-01-06 20:45:00+00:00,1.1386069816651176,1.1386727563362433,1.1379906375858366,1.1380564122569623,100
2026-01-06 20:50:00+00:00,1.1380564122569623,1.1385862837098417,1.1379948760694039,1.1385247475222833,100
2026-01-06 20:55:00+00:00,1.1385247475222833,1.13879189384619,1.1381521842600382,1.138419330583945,100
2026-01-06 21:00:00+00:00,1.138419330583945,1.138484258476052,1.1378258188657122,1.1378907467578192,100
2026-01-06 21:05:00+00:00,1.1378907467578192,1.1385909390498854,1.137738324927718,1.1384385172197842,100
2026-01-06 21:10:00+00:00,1.1384385172197842,1.1390688774632736,1.138288003581456,1.1389183638249454,100
2026-01-06 21:15:00+00:00,1.1389183638249454,1.1391024781309618,1.1388690010584905,1.139053115364507,100
2026-01-06 21:20:00+00:00,1.139053115364507,1.1391565750817165,1.1389449573231782,1.1390484170403878,100
2026-01-06 21:25:00+00:00,1.1390484170403878,1.1393077130100489,1.138871748956126,1.139131044925787,100
2026-01-06 21:30:00+00:00,1.139131044925787,1.1393468828586155,1.138688561090775,1.1389043990236036,100
2026-01-06 21:35:00+00:00,1.1389043990236036,1.1396962550144172,1.13872495399828,1.1395168099890935,100
2026-01-06 21:40:00+00:00,1.1395168099890935,1.1402118869270643,1.1394110481470945,1.1401061250850653,100
2026-01-06 21:45:00+00:00,1.1401061250850653,1.1402712730348492,1.1397413751519816,1.1399065231017655,100
2026-01-06 21:50:00+00:00,1.1399065231017655,1.1407120009990217,1.1397957699541734,1.1406012478514296,100
2026-01-06 21:55:00+00:00,1.1406012478514296,1.1413548636880317,1.1405898197175737,1.1413434355541758,100
2026-01-06 22:00:00+00:00,1.1413434355541758,1.1415793317066236,1.141245665360083,1.1414815615125309,100
2026-01-06 22:05:00+00:00,1.1414815615125309,1.1417822709490306,1.1413059722072485,1.1416066816437482,100
2026-01-06 22:10:00+00:00,1.1416066816437482,1.1422296683842066,1.1415595007523036,1.142182487492762,100
2026-01-06 22:15:00+00:00,1.142182487492762,1.143393113592005,1.1421569328601056,1.1433675589593486,100
2026-01-06 22:20:00+00:00,1.1433675589593486,1.1437370146844823,1.143157764846614,1.1435272205717477,100
2026-01-06 22:25:00+00:00,1.1435272205717477,1.1438203295904013,1.1435213311050847,1.1438144401237382,100
2026-01-06 22:30:00+00:00,1.1438144401237382,1.1444605569550483,1.143457026402817,1.144103143234127,100
2026-01-06 22:35:00+00:00,1.144103143234127,1.1442589996465389,1.1438589249584052,1.144014781370817,100
2026-01-06 22:40:00+00:00,1.144014781370817,1.144152289528493,1.1438927464934767,1.1440302546511527,100
2026-01-06 22:45:00+00:00,1.1440302546511527,1.1441655534475403,1.1439887670652376,1.1441240658616252,100
2026-01-06 22:50:00+00:00,1.1441240658616252,1.1442121981294466,1.1438756188543269,1.1439637511221483,100
2026-01-06 22:55:00+00:00,1.1439637511221483,1.1441233777147475,1.1430897563125688,1.143249382905168,100
2026-01-06 23:00:00+00:00,1.143249382905168,1.143884242405741,1.1431568902650007,1.1437917497655736,100
2026-01-06 23:05:00+00:00,1.1437917497655736,1.1452583242783256,1.1437460385570162,1.1452126130697682,100
2026-01-06 23:10:00+00:00,1.1452126130697682,1.1453117353474909,1.1449060692529018,1.1450051915306245,100
2026-01-06 23:15:00+00:00,1.1450051915306245,1.1453937809583898,1.1449910513379005,1.1453796407656658,100
2026-01-06 23:20:00+00:00,1.1453796407656658,1.1454361875836936,1.1449276169529248,1.1449841637709526,100
2026-01-06 23:25:00+00:00,1.1449841637709526,1.1458754189648868,1.144879400868433,1.1457706560623673,100
2026-01-06 23:30:00+00:00,1.1457706560623673,1.1466621832904687,1.1457098566086477,1.146601383836749,100
2026-01-06 23:35:00+00:00,1.146601383836749,1.1468327622886458,1.1465775911734013,1.146808969625298,100
2026-01-06 23:40:00+00:00,1.146808969625298,1.1470360589292092,1.146561273675475,1.146788362979386,100
2026-01-06 23:45:00+00:00,1.146788362979386,1.147450865640054,1.1467382518289733,1.1474007544896412,100
2026-01-06 23:50:00+00:00,1.1474007544896412,1.147980797042296,1.1470485651671287,1.1476286077197835,100
2026-01-06 23:55:00+00:00,1.1476286077197835,1.1478220173327003,1.1474198947123622,1.147613304325279,100
2026-01-07 00:00:00+00:00,1.147613304325279,1.147765599032526,1.1468936886443462,1.1470459833515931,100
2026-01-07 00:05:00+00:00,1.1470459833515931,1.1470555634001458,1.146437314632599,1.1464468946811517,100
2026-01-07 00:10:00+00:00,1.1464468946811517,1.146595523388491,1.1453568903899256,1.145505519097265,100
2026-01-07 00:15:00+00:00,1.145505519097265,1.1465156247406074,1.1454498024077582,1.1464599080511007,100
2026-01-07 00:20:00+00:00,1.1464599080511007,1.1469158042450585,1.146246206017121,1.1467021022110788,100
2026-01-07 00:25:00+00:00,1.1467021022110788,1.14723207262819,1.1465118744214948,1.147041844838606,100
2026-01-07 00:30:00+00:00,1.147041844838606,1.1480333299143275,1.1469593983259312,1.1479508834016527,100
2026-01-07 00:35:00+00:00,1.1479508834016527,1.1486942861579577,1.1478613663931565,1.1486047691494614,100
2026-01-07 00:40:00+00:00,1.1486047691494614,1.1490181870075415,1.1485963303795845,1.1490097482376647,100
2026-01-07 00:45:00+00:00,1.1490097482376647,1.149927989313602,1.1489075273428377,1.1498257684187752,100
2026-01-07 00:50:00+00:00,1.1498257684187752,1.1498363114467527,1.1492296582737072,1.1492402013016847,100
2026-01-07 00:55:00+00:00,1.1492402013016847,1.1496412056923797,1.1490106227304906,1.1494116271211856,100
2026-01-07 01:00:00+00:00,1.1494116271211856,1.150005146060088,1.1492421550905576,1.14983567402946,100
2026-01-07 01:05:00+00:00,1.14983567402946,1.150443108034521,1.1496298530948288,1.1502372870998898,100
2026-01-07 01:10:00+00:00,1.1502372870998898,1.1505823608961299,1.1500935089060254,1.1504385827022654,100
2026-01-07 01:15:00+00:00,1.1504385827022654,1.1506551502293965,1.1503998855972943,1.1506164531244254,100
2026-01-07 01:20:00+00:00,1.1506164531244254,1.1514100169654793,1.1503967183372297,1.1511902821782836,100
2026-01-07 01:25:00+00:00,1.1511902821782836,1.1512287996713557,1.1511551663415465,1.1511936838346186,100
2026-01-07 01:30:00+00:00,1.1511936838346186,1.1521017469809032,1.150998122647323,1.1519061857936075,100
2026-01-07 01:35:00+00:00,1.1519061857936075,1.1520148925944358,1.1518838675866971,1.1519925743875254,100
2026-01-07 01:40:00+00:00,1.1519925743875254,1.1526960507808586,1.1518089165276757,1.1525123929210088,100
2026-01-07 01:45:00+00:00,1.1525123929210088,1.1526094402783922,1.1520928106555723,1.1521898580129557,100
2026-01-07 01:50:00+00:00,1.1521898580129557,1.1522185521590715,1.1521198255924143,1.1521485197385302,100
2026-01-07 01:55:00+00:00,1.1521485197385302,1.1524163262871157,1.1519750796977772,1.1522428862463627,100
2026-01-07 02:00:00+00:00,1.1522428862463627,1.1523520981889634,1.151500813080437,1.1516100250230377,100
2026-01-07 02:05:00+00:00,1.1516100250230377,1.1519749005915125,1.1513095205749422,1.151674396143417,100
2026-01-07 02:10:00+00:00,1.151674396143417,1.1519082925687278,1.1516236543382643,1.151857550763575,100
2026-01-07 02:15:00+00:00,1.151857550763575,1.1518969223265005,1.1514666154127235,1.151505986975649,100
2026-01-07 02:20:00+00:00,1.151505986975649,1.1518912299621642,1.151266358466673,1.1516516014531881,100
2026-01-07 02:25:00+00:00,1.1516516014531881,1.1518745439644673,1.151082787308368,1.1513057298196472,100
2026-01-07 02:30:00+00:00,1.1513057298196472,1.1516994578178212,1.1512322347927464,1.1516259627909204,100
2026-01-07 02:35:00+00:00,1.1516259627909204,1.1519806793671001,1.1513883262089644,1.151743042785144,100
2026-01-07 02:40:00+00:00,1.151743042785144,1.1523460127136957,1.1515493356517934,1.152152305580345,100
2026-01-07 02:45:00+00:00,1.152152305580345,1.1522182712658717,1.1517260909510396,1.1517920566365663,100
2026-01-07 02:50:00+00:00,1.1517920566365663,1.1519891192395821,1.1516583480973184,1.1518554107003343,100
2026-01-07 02:55:00+00:00,1.1518554107003343,1.1525672047139826,1.151791774437106,1.1525035684507543,100
2026-01-07 03:00:00+00:00,1.1525035684507543,1.1532805380185673,1.1523730607650724,1.1531500303328854,100
2026-01-07 03:05:00+00:00,1.1531500303328854,1.1534281811187803,1.153099577909038,1.153377728694933,100
2026-01-07 03:10:00+00:00,1.153377728694933,1.1535784558979945,1.152865477886727,1.1530662050897886,100
2026-01-07 03:15:00+00:00,1.1530662050897886,1.153342692387566,1.1529670327643682,1.1532435200621456,100
2026-01-07 03:20:00+00:00,1.1532435200621456,1.1538392439709868,1.1531743276404887,1.1537700515493299,100
2026-01-07 03:25:00+00:00,1.1537700515493299,1.154564759695543,1.1534350792222705,1.1542297873684837,100
2026-01-07 03:30:00+00:00,1.1542297873684837,1.1545627426565959,1.1541088949404357,1.1544418502285478,100
2026-01-07 03:35:00+00:00,1.1544418502285478,1.1545536558085179,1.1542689719268258,1.1543807775067958,100
2026-01-07 03:40:00+00:00,1.1543807775067958,1.1544347298958773,1.1542565433251875,1.154310495714269,100
2026-01-07 03:45:00+00:00,1.154310495714269,1.1554014468345002,1.1540919045690134,1.1551828556892447,100
2026-01-07 03:50:00+00:00,1.1551828556892447,1.1557325294820797,1.155102083364223,1.155651757157058,100
2026-01-07 03:55:00+00:00,1.155651757157058,1.1559278347128559,1.1555832280409575,1.1558593055967554,100
2026-01-07 04:00:00+00:00,1.1558593055967554,1.1561448946153121,1.1557297056475762,1.1560152946661328,100
2026-01-07 04:05:00+00:00,1.1560152946661328,1.1560957462523034,1.1554216794246006,1.1555021310107711,100
2026-01-07 04:10:00+00:00,1.1555021310107711,1.155614792773081,1.1552652134452337,1.1553778752075436,100
2026-01-07 04:15:00+00:00,1.1553778752075436,1.155597888091213,1.155360475962964,1.1555804888466334,100
2026-01-07 04:20:00+00:00,1.1555804888466334,1.1558369339076353,1.1555203002986394,1.1557767453596413,100
2026-01-07 04:25:00+00:00,1.1557767453596413,1.1559879303340441,1.1550417534715023,1.1552529384459052,100
2026-01-07 04:30:00+00:00,1.1552529384459052,1.1555566282110126,1.1544189634356479,1.1547226532007553,100
2026-01-07 04:35:00+00:00,1.1547226532007553,1.154909689641197,1.1542059743246809,1.1543930107651226,100
2026-01-07 04:40:00+00:00,1.1543930107651226,1.1548430726710237,1.1542359265341282,1.1546859884400293,100
2026-01-07 04:45:00+00:00,1.1546859884400293,1.1551524301904121,1.1543802843937128,1.1548467261440956,100
2026-01-07 04:50:00+00:00,1.1548467261440956,1.1549029152637045,1.1547968425354862,1.1548530316550951,100
2026-01-07 04:55:00+00:00,1.1548530316550951,1.1553995130940116,1.1548432302758778,1.1553897117147942,100
2026-01-07 05:00:00+00:00,1.1553897117147942,1.1555018062449924,1.1553455100239218,1.15545760455412,100
2026-01-07 05:05:00+00:00,1.15545760455412,1.1558851294204806,1.1553085855437606,1.1557361104101211,100
2026-01-07 05:10:00+00:00,1.1557361104101211,1.1562862571830685,1.1557339369389037,1.156284083711851,100
2026-01-07 05:15:00+00:00,1.156284083711851,1.156429382243999,1.155215842577927,1.155361141110075,100
2026-01-07 05:20:00+00:00,1.155361141110075,1.155745524563546,1.1551940457914724,1.1555784292449434,100
2026-01-07 05:25:00+00:00,1.1555784292449434,1.1559024699137137,1.1554336767652809,1.1557577174340512,100
2026-01-07 05:30:00+00:00,1.1557577174340512,1.1557943210619883,1.1554707768776693,1.1555073805056064,100
2026-01-07 05:35:00+00:00,1.1555073805056064,1.155985585916948,1.1554983099016398,1.1559765153129815,100
2026-01-07 05:40:00+00:00,1.1559765153129815,1.1568339616064902,1.1558185605034244,1.156676006796933,100
2026-01-07 05:45:00+00:00,1.156676006796933,1.1566810479281628,1.1566391166010532,1.156644157732283,100
2026-01-07 05:50:00+00:00,1.156644157732283,1.1577885077720025,1.1565764158169114,1.1577207658566309,100
2026-01-07 05:55:00+00:00,1.1577207658566309,1.1578943878714856,1.1575911517748703,1.157764773789725,100
2026-01-07 06:00:00+00:00,1.157764773789725,1.1579453410760638,1.1575483127361914,1.1577288800225303,100
2026-01-07 06:05:00+00:00,1.1577288800225303,1.158327802067351,1.1576488295087974,1.1582477515536183,100
2026-01-07 06:10:00+00:00,1.1582477515536183,1.1583691050884743,1.1579916394161263,1.1581129929509824,100
2026-01-07 06:15:00+00:00,1.1581129929509824,1.158688263520874,1.1580463213059569,1.1586215918758485,100
2026-01-07 06:20:00+00:00,1.1586215918758485,1.1589058871172924,1.1578932088966565,1.1581775041381004,100
2026-01-07 06:25:00+00:00,1.1581775041381004,1.1592525241024634,1.1580506515374158,1.1591256715017788,100
2026-01-07 06:30:00+00:00,1.1591256715017788,1.1592092736465458,1.1591201839669447,1.1592037861117117,100
2026-01-07 06:35:00+00:00,1.1592037861117117,1.1594061019616961,1.1591690924156046,1.159371408265589,100
2026-01-07 06:40:00+00:00,1.159371408265589,1.1596194262283206,1.1592619299719695,1.159509947934701,100
2026-01-07 06:45:00+00:00,1.159509947934701,1.1599471884200159,1.1594113547082645,1.1598485951935793,100
2026-01-07 06:50:00+00:00,1.1598485951935793,1.1600446156391473,1.159132428988551,1.159328449434119,100
2026-01-07 06:55:00+00:00,1.159328449434119,1.1594196051510612,1.1586192294922983,1.1587103852092406,100
2026-01-07 07:00:00+00:00,1.1587103852092406,1.1589284863896103,1.1583013528605324,1.158519454040902,100
2026-01-07 07:05:00+00:00,1.158519454040902,1.1585732111296712,1.158240470677611,1.1582942277663801,100
2026-01-07 07:10:00+00:00,1.1582942277663801,1.1583807411837128,1.1578432448803173,1.15792975829765,100
2026-01-07 07:15:00+00:00,1.15792975829765,1.158060205700447,1.157893372120244,1.158023819523041,100
2026-01-07 07:20:00+00:00,1.158023819523041,1.1582539094226578,1.1570055452880161,1.157235635187633,100
2026-01-07 07:25:00+00:00,1.157235635187633,1.1580210118752836,1.1571757508602534,1.157961127547904,100
2026-01-07 07:30:00+00:00,1.157961127547904,1.1580239231967724,1.1578895327074978,1.1579523283563662,100
2026-01-07 07:35:00+00:00,1.1579523283563662,1.1583118196911066,1.157879786490234,1.1582392778249744,100
2026-01-07 07:40:00+00:00,1.1582392778249744,1.1585253231980814,1.158033708571992,1.1583197539450991,100
2026-01-07 07:45:00+00:00,1.1583197539450991,1.1589486544160872,1.1582288203980489,1.158857720869037,100
2026-01-07 07:50:00+00:00,1.158857720869037,1.1597407095327712,1.1587590904024487,1.159642079066183,100
2026-01-07 07:55:00+00:00,1.159642079066183,1.1599697910329627,1.1595170795703642,1.159844791537144,100
2026-01-07 08:00:00+00:00,1.159844791537144,1.159870069629496,1.1595031947380472,1.1595284728303992,100
2026-01-07 08:05:00+00:00,1.1595284728303992,1.1598631682381335,1.1594790859471482,1.1598137813548826,100
2026-01-07 08:10:00+00:00,1.1598137813548826,1.1601561524567419,1.1597963442307175,1.1601387153325768,100
2026-01-07 08:15:00+00:00,1.1601387153325768,1.1602316003989301,1.1594249215952288,1.159517806661582,100
2026-01-07 08:20:00+00:00,1.159517806661582,1.1604525445842662,1.1593004118979302,1.1602351498206143,100
2026-01-07 08:25:00+00:00,1.1602351498206143,1.1604683338672805,1.1593560981800997,1.159589282226766,100
2026-01-07 08:30:00+00:00,1.159589282226766,1.159773867016715,1.1594086517464013,1.1595932365363504,100
2026-01-07 08:35:00+00:00,1.1595932365363504,1.1600176684287813,1.1593662086223595,1.1597906405147904,100
2026-01-07 08:40:00+00:00,1.1597906405147904,1.1599846883787766,1.1597032860556162,1.1598973339196024,100
2026-01-07 08:45:00+00:00,1.1598973339196024,1.1599906350245446,1.1595872613192535,1.1596805624241957,100
2026-01-07 08:50:00+00:00,1.1596805624241957,1.160346969270081,1.1595071618301156,1.1601735686760009,100
2026-01-07 08:55:00+00:00,1.1601735686760009,1.160655411649862,1.1599661606009632,1.1604480035748244,100
2026-01-07 09:00:00+00:00,1.1604480035748244,1.16112032238884,1.1602349943145858,1.1609073131286014,100
2026-01-07 09:05:00+00:00,1.1609073131286014,1.161496460139223,1.160752973536871,1.1613421205474925,100
2026-01-07 09:10:00+00:00,1.1613421205474925,1.1618486626805384,1.1611900589045607,1.1616966010376066,100
2026-01-07 09:15:00+00:00,1.1616966010376066,1.1622784965332096,1.161564419736619,1.162146315232222,100
2026-01-07 09:20:00+00:00,1.162146315232222,1.1622815014177923,1.161956142317723,1.1620913285032932,100
2026-01-07 09:25:00+00:00,1.1620913285032932,1.162184290475746,1.1613656364846958,1.1614585984571486,100
2026-01-07 09:30:00+00:00,1.1614585984571486,1.1617789031561647,1.1613022930388948,1.1616225977379109,100
2026-01-07 09:35:00+00:00,1.1616225977379109,1.161686201064899,1.1615027965407372,1.1615663998677253,100
2026-01-07 09:40:00+00:00,1.1615663998677253,1.1623972958745465,1.1615006338692138,1.162331529876035,100
2026-01-07 09:45:00+00:00,1.162331529876035,1.1623974684585154,1.162319657222171,1.1623855958046514,100
2026-01-07 09:50:00+00:00,1.1623855958046514,1.162539075922621,1.1620568259373039,1.1622103060552735,100
2026-01-07 09:55:00+00:00,1.1622103060552735,1.163269455457876,1.1620669340205578,1.1631260834231603,100
2026-01-07 10:00:00+00:00,1.1631260834231603,1.1631889108499402,1.1629638354705005,1.1630266628972805,100
2026-01-07 10:05:00+00:00,1.1630266628972805,1.1638699255415925,1.1627359314652597,1.1635791941095717,100
2026-01-07 10:10:00+00:00,1.1635791941095717,1.1641160845819056,1.1634829382493952,1.1640198287217292,100
2026-01-07 10:15:00+00:00,1.1640198287217292,1.1642548993801687,1.1639640676075496,1.164199138265989,100
2026-01-07 10:20:00+00:00,1.164199138265989,1.1650019469014066,1.1639039314407553,1.1647067400761728,100
2026-01-07 10:25:00+00:00,1.1647067400761728,1.1647662474699079,1.1646588636355917,1.1647183710293267,100
2026-01-07 10:30:00+00:00,1.1647183710293267,1.1652567070097848,1.1643168681338305,1.1648552041142886,100
2026-01-07 10:35:00+00:00,1.1648552041142886,1.1653195499182278,1.1647652329861322,1.1652295787900715,100
2026-01-07 10:40:00+00:00,1.1652295787900715,1.1652919967971496,1.1649324956426863,1.1649949136497644,100
2026-01-07 10:45:00+00:00,1.1649949136497644,1.16526548835844,1.1642953872220465,1.164565961930722,100
2026-01-07 10:50:00+00:00,1.164565961930722,1.1650697334217257,1.164331755796972,1.1648355272879756,100
2026-01-07 10:55:00+00:00,1.1648355272879756,1.1648883702431174,1.1643260656121246,1.1643789085672664,100
2026-01-07 11:00:00+00:00,1.1643789085672664,1.164993402103832,1.1642265513928773,1.1648410449294428,100
2026-01-07 11:05:00+00:00,1.1648410449294428,1.1654095061236365,1.1647823301311897,1.1653507913253833,100
2026-01-07 11:10:00+00:00,1.1653507913253833,1.1655123230584492,1.1652676124583816,1.1654291441914475,100
2026-01-07 11:15:00+00:00,1.1654291441914475,1.1662011718096112,1.165192364421901,1.1659643920400649,100
2026-01-07 11:20:00+00:00,1.1659643920400649,1.1660842969721636,1.1658722505051087,1.1659921554372075,100
2026-01-07 11:25:00+00:00,1.1659921554372075,1.166088652431422,1.1657319536096071,1.1658284506038217,100
2026-01-07 11:30:00+00:00,1.1658284506038217,1.1661427317352397,1.16440984134892,1.164724122480338,100
2026-01-07 11:35:00+00:00,1.164724122480338,1.1647754073752754,1.1644103264621848,1.1644616113571222,100
2026-01-07 11:40:00+00:00,1.1644616113571222,1.1644705702828135,1.163543323882086,1.1635522828077773,100
2026-01-07 11:45:00+00:00,1.1635522828077773,1.1637070247979875,1.1634161592942136,1.1635709012844238,100
2026-01-07 11:50:00+00:00,1.1635709012844238,1.164366876726725,1.1634356246780542,1.1642316001203554,100
2026-01-07 11:55:00+00:00,1.1642316001203554,1.164299987010886,1.1642007185425522,1.164269105433083,100
2026-01-07 12:00:00+00:00,1.164269105433083,1.1644680110157184,1.164120540939171,1.1643194465218065,100
2026-01-07 12:05:00+00:00,1.1643194465218065,1.1647854938860502,1.1640828108812304,1.1645488582454742,100
2026-01-07 12:10:00+00:00,1.1645488582454742,1.1648069999995796,1.164471206158305,1.1647293479124103,100
2026-01-07 12:15:00+00:00,1.1647293479124103,1.1647483835351669,1.164597387184876,1.1646164228076326,100
2026-01-07 12:20:00+00:00,1.1646164228076326,1.1646464415928566,1.1645158121155714,1.1645458309007954,100
2026-01-07 12:25:00+00:00,1.1645458309007954,1.1646306765869998,1.1640454227827466,1.164130268468951,100
2026-01-07 12:30:00+00:00,1.164130268468951,1.165423228297041,1.1641052705705432,1.1653982303986332,100
2026-01-07 12:35:00+00:00,1.1653982303986332,1.1655914552482955,1.1650854423834853,1.1652786672331477,100
2026-01-07 12:40:00+00:00,1.1652786672331477,1.1652985802778393,1.1648077339208562,1.1648276469655479,100
2026-01-07 12:45:00+00:00,1.1648276469655479,1.1650132867880978,1.1648214617233374,1.1650071015458874,100
2026-01-07 12:50:00+00:00,1.1650071015458874,1.1650652237956154,1.1650063746444201,1.1650644968941481,100
2026-01-07 12:55:00+00:00,1.1650644968941481,1.1656075952749663,1.1649229891298485,1.1654660875106666,100
2026-01-07 13:00:00+00:00,1.1654660875106666,1.1655922386526536,1.1652172413895496,1.1653433925315366,100
2026-01-07 13:05:00+00:00,1.1653433925315366,1.166018431470942,1.1652484262539589,1.1659234651933643,100
2026-01-07 13:10:00+00:00,1.1659234651933643,1.1662579686932297,1.1654472562299971,1.1657817597298625,100
2026-01-07 13:15:00+00:00,1.1657817597298625,1.166458154608014,1.16570403026789,1.1663804251460415,100
2026-01-07 13:20:00+00:00,1.1663804251460415,1.166413634879296,1.1656147055561195,1.165647915289374,100
2026-01-07 13:25:00+00:00,1.165647915289374,1.1656569749014727,1.1652052618631288,1.1652143214752275,100
2026-01-07 13:30:00+00:00,1.1652143214752275,1.1654443982198077,1.1648821489773225,1.1651122257219027,100
2026-01-07 13:35:00+00:00,1.1651122257219027,1.1653189332872365,1.1650756393554205,1.1652823469207543,100
2026-01-07 13:40:00+00:00,1.1652823469207543,1.1655082651835307,1.165211357686543,1.1654372759493195,100
2026-01-07 13:45:00+00:00,1.1654372759493195,1.1656319593969944,1.1650851153728363,1.1652797988205112,100
2026-01-07 13:50:00+00:00,1.1652797988205112,1.1655885467130502,1.164786827249701,1.16509557514224,100
2026-01-07 13:55:00+00:00,1.16509557514224,1.1650999827076232,1.1643620283271365,1.1643664358925196,100
2026-01-07 14:00:00+00:00,1.1643664358925196,1.1652971955634135,1.1640245784322263,1.1649553381031201,100
2026-01-07 14:05:00+00:00,1.1649553381031201,1.1654925942392278,1.1648302516148517,1.1653675077509593,100
2026-01-07 14:10:00+00:00,1.1653675077509593,1.165370168531499,1.1653005950354054,1.165303255815945,100
2026-01-07 14:15:00+00:00,1.165303255815945,1.1660614964802882,1.1651706925657048,1.165928933230048,100
2026-01-07 14:20:00+00:00,1.165928933230048,1.1665732653633638,1.1659092712485728,1.1665536033818886,100
2026-01-07 14:25:00+00:00,1.1665536033818886,1.1669288173790902,1.166437283130501,1.1668124971277025,100
2026-01-07 14:30:00+00:00,1.1668124971277025,1.167677101892138,1.1666133452983114,1.1674779500627468,100
2026-01-07 14:35:00+00:00,1.1674779500627468,1.1679008629276069,1.1673918094928166,1.1678147223576767,100
2026-01-07 14:40:00+00:00,1.1678147223576767,1.1678758218116536,1.1676012820185733,1.1676623814725502,100
2026-01-07 14:45:00+00:00,1.1676623814725502,1.1678431951810533,1.167257819389523,1.1674386330980262,100
2026-01-07 14:50:00+00:00,1.1674386330980262,1.1678277777649093,1.1673288567774263,1.1677180014443094,100
2026-01-07 14:55:00+00:00,1.1677180014443094,1.167926739155957,1.1675103894065555,1.167719127118203,100
2026-01-07 15:00:00+00:00,1.167719127118203,1.1678851826892758,1.1676211000540875,1.1677871556251602,100
2026-01-07 15:05:00+00:00,1.1677871556251602,1.1681687240739262,1.1677856954797636,1.1681672639285297,100
2026-01-07 15:10:00+00:00,1.1681672639285297,1.168501058825818,1.1681156111296271,1.1684494060269155,100
2026-01-07 15:15:00+00:00,1.1684494060269155,1.1685623976902233,1.1680797169385972,1.168192708601905,100
2026-01-07 15:20:00+00:00,1.168192708601905,1.1689664791476222,1.1680639631295386,1.1688377336752558,100
2026-01-07 15:25:00+00:00,1.1688377336752558,1.169074564816896,1.1688089712878347,1.169045802429475,100
2026-01-07 15:30:00+00:00,1.169045802429475,1.1695419207010826,1.168870081917317,1.1693662001889247,100
2026-01-07 15:35:00+00:00,1.1693662001889247,1.1699479699086999,1.1690716335768934,1.1696534032966686,100
2026-01-07 15:40:00+00:00,1.1696534032966686,1.1696552053892346,1.1694148952889694,1.1694166973815354,100
2026-01-07 15:45:00+00:00,1.1694166973815354,1.1697268298708727,1.1692820223292544,1.1695921548185917,100
2026-01-07 15:50:00+00:00,1.1695921548185917,1.1696281977899008,1.169368924900938,1.1694049678722471,100
2026-01-07 15:55:00+00:00,1.1694049678722471,1.169935807860866,1.169228228007577,1.1697590679961958,100
2026-01-07 16:00:00+00:00,1.1697590679961958,1.170384576610575,1.1696247839999245,1.1702502926143037,100
2026-01-07 16:05:00+00:00,1.1702502926143037,1.1703634525283426,1.169854907749275,1.169968067663314,100
2026-01-07 16:10:00+00:00,1.169968067663314,1.1700855752553068,1.1696702486361694,1.1697877562281622,100
2026-01-07 16:15:00+00:00,1.1697877562281622,1.1699383601570263,1.1697366935829778,1.169887297511842,100
2026-01-07 16:20:00+00:00,1.169887297511842,1.170045585896876,1.1693632460866308,1.1695215344716647,100
2026-01-07 16:25:00+00:00,1.1695215344716647,1.169808714737281,1.1694475575068655,1.1697347377724818,100
2026-01-07 16:30:00+00:00,1.1697347377724818,1.1701053509428374,1.1694530101276033,1.1698236232979589,100
2026-01-07 16:35:00+00:00,1.1698236232979589,1.1699094304135444,1.1694849568325956,1.1695707639481812,100
2026-01-07 16:40:00+00:00,1.1695707639481812,1.1706424373145166,1.1694645014983587,1.170536174864694,100
2026-01-07 16:45:00+00:00,1.170536174864694,1.1712605979281399,1.1705118790907039,1.1712363021541496,100
2026-01-07 16:50:00+00:00,1.1712363021541496,1.1715451652617368,1.1711903302774973,1.1714991933850845,100
2026-01-07 16:55:00+00:00,1.1714991933850845,1.1715527866358704,1.1711339966813028,1.1711875899320887,100
2026-01-07 17:00:00+00:00,1.1711875899320887,1.1712244866886659,1.170621370622684,1.1706582673792612,100
2026-01-07 17:05:00+00:00,1.1706582673792612,1.1709135066609189,1.1705341957427686,1.1707894350244263,100
2026-01-07 17:10:00+00:00,1.1707894350244263,1.170918601930838,1.1705622082507823,1.170691375157194,100
2026-01-07 17:15:00+00:00,1.170691375157194,1.1709263021001373,1.1701085651358287,1.170343492078772,100
2026-01-07 17:20:00+00:00,1.170343492078772,1.1712066975825615,1.1702964305597385,1.171159636063528,100
2026-01-07 17:25:00+00:00,1.171159636063528,1.1711802411541279,1.1708519697747355,1.1708725748653355,100
2026-01-07 17:30:00+00:00,1.1708725748653355,1.1716170942894715,1.1707656730616105,1.1715101924857465,100
2026-01-07 17:35:00+00:00,1.1715101924857465,1.1716389047089983,1.1707059387141154,1.1708346509373673,100
2026-01-07 17:40:00+00:00,1.1708346509373673,1.1710669505643267,1.1707480270949318,1.1709803267218912,100
2026-01-07 17:45:00+00:00,1.1709803267218912,1.1721811421204726,1.1707215110506828,1.1719223264492642,100
2026-01-07 17:50:00+00:00,1.1719223264492642,1.1720232701365332,1.1711017743678511,1.17120271805512,100
2026-01-07 17:55:00+00:00,1.17120271805512,1.171525367768817,1.1711043188516528,1.1714269685653498,100
2026-01-07 18:00:00+00:00,1.1714269685653498,1.1719611711120224,1.1713991285623242,1.1719333311089968,100
2026-01-07 18:05:00+00:00,1.1719333311089968,1.1726795613715237,1.1717253469893778,1.1724715772519048,100
2026-01-07 18:10:00+00:00,1.1724715772519048,1.1734492840631752,1.172234120977925,1.1732118277891954,100
2026-01-07 18:15:00+00:00,1.1732118277891954,1.1737163047692556,1.173129345583594,1.1736338225636542,100
2026-01-07 18:20:00+00:00,1.1736338225636542,1.17382144247558,1.1727244656624944,1.1729120855744202,100
2026-01-07 18:25:00+00:00,1.1729120855744202,1.1731761002800147,1.172657185202444,1.1729211999080387,100
2026-01-07 18:30:00+00:00,1.1729211999080387,1.1740442087625693,1.1727414982743674,1.173864507128898,100
2026-01-07 18:35:00+00:00,1.173864507128898,1.174140655598234,1.1738211993157766,1.1740973477851127,100
2026-01-07 18:40:00+00:00,1.1740973477851127,1.1742630375576968,1.1740510791615935,1.1742167689341776,100
2026-01-07 18:45:00+00:00,1.1742167689341776,1.1752105455046693,1.1741086473322146,1.1751024239027064,100
2026-01-07 18:50:00+00:00,1.1751024239027064,1.1760765002798563,1.1748508141237324,1.1758248905008823,100
2026-01-07 18:55:00+00:00,1.1758248905008823,1.1758808015990374,1.1754773916577441,1.1755333027558992,100
2026-01-07 19:00:00+00:00,1.1755333027558992,1.1756577401544024,1.1748370829329418,1.174961520331445,100
2026-01-07 19:05:00+00:00,1.174961520331445,1.17540507126321,1.1747835823684039,1.175227133300169,100
2026-01-07 19:10:00+00:00,1.175227133300169,1.1754588626578324,1.1744190367926437,1.1746507661503072,100
2026-01-07 19:15:00+00:00,1.1746507661503072,1.1747901919569572,1.1743759334243593,1.1745153592310094,100
2026-01-07 19:20:00+00:00,1.1745153592310094,1.1747943887634713,1.173742357253148,1.17402138678561,100
2026-01-07 19:25:00+00:00,1.17402138678561,1.1749197256089665,1.1739320595239977,1.1748303983473543,100
2026-01-07 19:30:00+00:00,1.1748303983473543,1.175542000166959,1.174689850488883,1.1754014523084877,100
2026-01-07 19:35:00+00:00,1.1754014523084877,1.1759711897443548,1.175312501312525,1.175882238748392,100
2026-01-07 19:40:00+00:00,1.175882238748392,1.1762135300010779,1.1751658675967167,1.1754971588494025,100
2026-01-07 19:45:00+00:00,1.1754971588494025,1.1756797570526294,1.175046640740814,1.1752292389440409,100
2026-01-07 19:50:00+00:00,1.1752292389440409,1.1758753808364746,1.1751047363883753,1.175750878280809,100
2026-01-07 19:55:00+00:00,1.175750878280809,1.1762635075192096,1.1756416592408476,1.1761542884792482,100
2026-01-07 20:00:00+00:00,1.1761542884792482,1.1766589623557844,1.1760935326986068,1.176598206575143,100
2026-01-07 20:05:00+00:00,1.176598206575143,1.1766447396602278,1.1760473770738893,1.176093910158974,100
2026-01-07 20:10:00+00:00,1.176093910158974,1.1762309812929854,1.1760741125914564,1.1762111837254678,100
2026-01-07 20:15:00+00:00,1.1762111837254678,1.176283254561722,1.1756895429497802,1.1757616137860343,100
2026-01-07 20:20:00+00:00,1.1757616137860343,1.1759576194392478,1.175093079158634,1.1752890848118476,100
2026-01-07 20:25:00+00:00,1.1752890848118476,1.1754644271925816,1.174786939968249,1.174962282348983,100
2026-01-07 20:30:00+00:00,1.174962282348983,1.1758264013201958,1.17476200562319,1.1756261245944029,100
2026-01-07 20:35:00+00:00,1.1756261245944029,1.1757170959941854,1.175236509849181,1.1753274812489636,100
2026-01-07 20:40:00+00:00,1.1753274812489636,1.1757587702451378,1.1751442787690387,1.1755755677652129,100
2026-01-07 20:45:00+00:00,1.1755755677652129,1.1762249360375745,1.1754309992381442,1.1760803675105058,100
2026-01-07 20:50:00+00:00,1.1760803675105058,1.17610121478538,1.1760780578658494,1.1760989051407236,100
2026-01-07 20:55:00+00:00,1.1760989051407236,1.1761506973721254,1.1760456747179935,1.1760974669493953,100
2026-01-07 21:00:00+00:00,1.1760974669493953,1.1764265651509414,1.17515299848538,1.175482096686926,100
2026-01-07 21:05:00+00:00,1.175482096686926,1.1757977084576439,1.1754498008387881,1.175765412609506,100
2026-01-07 21:10:00+00:00,1.175765412609506,1.1763458022392876,1.1756776113765928,1.1762580010063743,100
2026-01-07 21:15:00+00:00,1.1762580010063743,1.1763031347543103,1.1762275151893975,1.1762726489373334,100
2026-01-07 21:20:00+00:00,1.1762726489373334,1.176473432533396,1.1761744581468387,1.1763752417429014,100
2026-01-07 21:25:00+00:00,1.1763752417429014,1.1766278111464181,1.176301511211396,1.1765540806149126,100
2026-01-07 21:30:00+00:00,1.1765540806149126,1.177535641551176,1.1764001395860055,1.1773817005222689,100
2026-01-07 21:35:00+00:00,1.1773817005222689,1.1779793562147836,1.1772806901600177,1.1778783458525324,100
2026-01-07 21:40:00+00:00,1.1778783458525324,1.1784038900435276,1.1776945886906585,1.1782201328816537,100
2026-01-07 21:45:00+00:00,1.1782201328816537,1.1785393216301048,1.1781586707599199,1.178477859508371,100
2026-01-07 21:50:00+00:00,1.178477859508371,1.17849147217703,1.1783373945470348,1.178351007215694,100
2026-01-07 21:55:00+00:00,1.178351007215694,1.1792646876408648,1.1782125198993587,1.1791262003245295,100
2026-01-07 22:00:00+00:00,1.1791262003245295,1.1793148158860396,1.1786948723941972,1.1788834879557073,100
2026-01-07 22:05:00+00:00,1.1788834879557073,1.1791272414990337,1.178878723699295,1.1791224772426214,100
2026-01-07 22:10:00+00:00,1.1791224772426214,1.1793209177666886,1.1790529233678304,1.1792513638918976,100
2026-01-07 22:15:00+00:00,1.1792513638918976,1.179937895093648,1.1790314406786975,1.179717971880448,100
2026-01-07 22:20:00+00:00,1.179717971880448,1.1797227381693813,1.179687669327985,1.1796924356169183,100
2026-01-07 22:25:00+00:00,1.1796924356169183,1.1797997197958532,1.1796779749710284,1.1797852591499634,100
2026-01-07 22:30:00+00:00,1.1797852591499634,1.1801458320577687,1.1797330885474167,1.180093661455222,100
2026-01-07 22:35:00+00:00,1.180093661455222,1.1801784347509199,1.1800657931748357,1.1801505664705336,100
2026-01-07 22:40:00+00:00,1.1801505664705336,1.1809950322411102,1.180052891396177,1.1808973571667536,100
2026-01-07 22:45:00+00:00,1.1808973571667536,1.1812272993689987,1.180714328541222,1.1810442707434672,100
2026-01-07 22:50:00+00:00,1.1810442707434672,1.1816345533186443,1.181027230605528,1.1816175131807052,100
2026-01-07 22:55:00+00:00,1.1816175131807052,1.1823173306572867,1.1816007768240544,1.182300594300636,100
2026-01-07 23:00:00+00:00,1.182300594300636,1.183073448730955,1.1821456807914188,1.182918535221738,100
2026-01-07 23:05:00+00:00,1.182918535221738,1.1829263314766056,1.182243909848358,1.1822517061032256,100
2026-01-07 23:10:00+00:00,1.1822517061032256,1.182538583251972,1.1821129110432942,1.1823997881920405,100
2026-01-07 23:15:00+00:00,1.1823997881920405,1.1828487945529877,1.1822193825825174,1.1826683889434646,100
2026-01-07 23:20:00+00:00,1.1826683889434646,1.1841360536719998,1.1822320776613187,1.1836997423898539,100
2026-01-07 23:25:00+00:00,1.1836997423898539,1.1849043184829946,1.1836328264346352,1.184837402527776,100
2026-01-07 23:30:00+00:00,1.184837402527776,1.1861519795274889,1.184584348897464,1.1858989258971768,100
2026-01-07 23:35:00+00:00,1.1858989258971768,1.18641794085331,1.1857483338000614,1.1862673487561946,100
2026-01-07 23:40:00+00:00,1.1862673487561946,1.1863144545325597,1.1858349594366098,1.185882065212975,100
2026-01-07 23:45:00+00:00,1.185882065212975,1.1869113825508382,1.1854232967605551,1.1864526140984184,100
2026-01-07 23:50:00+00:00,1.1864526140984184,1.1865841610268537,1.1863547673353052,1.1864863142637405,100
2026-01-07 23:55:00+00:00,1.1864863142637405,1.186574293540699,1.1861544333631282,1.1862424126400868,100
2026-01-08 00:00:00+00:00,1.1862424126400868,1.1870844903865467,1.1861029431434036,1.1869450208898635,100
2026-01-08 00:05:00+00:00,1.1869450208898635,1.1879338176150658,1.186851716198615,1.1878405129238172,100
2026-01-08 00:10:00+00:00,1.1878405129238172,1.1878909780879527,1.187664628237594,1.1877150934017295,100
2026-01-08 00:15:00+00:00,1.1877150934017295,1.187957624992863,1.1876428365542022,1.1878853681453356,100
2026-01-08 00:20:00+00:00,1.1878853681453356,1.1879288645272683,1.1878612693597166,1.1879047657416493,100
2026-01-08 00:25:00+00:00,1.1879047657416493,1.1879750146941939,1.1868411910300596,1.1869114399826042,100
2026-01-08 00:30:00+00:00,1.1869114399826042,1.1872113803985442,1.1868222739029557,1.1871222143188958,100
2026-01-08 00:35:00+00:00,1.1871222143188958,1.1872303687085342,1.1864033241999192,1.1865114785895576,100
2026-01-08 00:40:00+00:00,1.1865114785895576,1.186822555542423,1.1862942875371354,1.1866053644900008,100
2026-01-08 00:45:00+00:00,1.1866053644900008,1.1870352428263966,1.186540023666586,1.1869699020029818,100
2026-01-08 00:50:00+00:00,1.1869699020029818,1.1880645731341384,1.1867210102339127,1.1878156813650693,100
2026-01-08 00:55:00+00:00,1.1878156813650693,1.1882491047506343,1.1876253287665053,1.1880587521520702,100
2026-01-08 01:00:00+00:00,1.1880587521520702,1.188369965964333,1.1878574003486846,1.1881686141609473,100
2026-01-08 01:05:00+00:00,1.1881686141609473,1.1883641481280256,1.1881269237362038,1.188322457703282,100
2026-01-08 01:10:00+00:00,1.188322457703282,1.1889343760607618,1.1882665046647227,1.1888784230222025,100
2026-01-08 01:15:00+00:00,1.1888784230222025,1.1889463597205192,1.1873613482561314,1.187429284954448,100
2026-01-08 01:20:00+00:00,1.187429284954448,1.1878926621034316,1.1873051459852237,1.1877685231342072,100
2026-01-08 01:25:00+00:00,1.1877685231342072,1.1881355159749816,1.1877096431949845,1.1880766360357589,100
2026-01-08 01:30:00+00:00,1.1880766360357589,1.1882020465954573,1.1875862074781223,1.1877116180378207,100
2026-01-08 01:35:00+00:00,1.1877116180378207,1.18826509715272,1.1876659843139132,1.1882194634288126,100
2026-01-08 01:40:00+00:00,1.1882194634288126,1.188711696693803,1.188195192389352,1.1886874256543423,100
2026-01-08 01:45:00+00:00,1.1886874256543423,1.1887014746167737,1.1880130083332714,1.1880270572957028,100
2026-01-08 01:50:00+00:00,1.1880270572957028,1.1882211481963467,1.1878674419061512,1.1880615328067952,100
2026-01-08 01:55:00+00:00,1.1880615328067952,1.1882767656412372,1.1878231786038467,1.1880384114382887,100
2026-01-08 02:00:00+00:00,1.1880384114382887,1.188078318111803,1.1879975152984719,1.1880374219719863,100
2026-01-08 02:05:00+00:00,1.1880374219719863,1.1880635564907358,1.1871447949116263,1.1871709294303758,100
2026-01-08 02:10:00+00:00,1.1871709294303758,1.1874030729107368,1.1867961678157284,1.1870283112960893,100
2026-01-08 02:15:00+00:00,1.1870283112960893,1.1872241549273475,1.1869737703801928,1.187169614011451,100
2026-01-08 02:20:00+00:00,1.187169614011451,1.1872868876505656,1.1868359679650948,1.1869532416042095,100
2026-01-08 02:25:00+00:00,1.1869532416042095,1.1870699446103623,1.1869330191562646,1.1870497221624174,100
2026-01-08 02:30:00+00:00,1.1870497221624174,1.1871849341017362,1.186985464185116,1.1871206761244348,100
2026-01-08 02:35:00+00:00,1.1871206761244348,1.1872005026991708,1.1869147531958302,1.186994579770566,100
2026-01-08 02:40:00+00:00,1.186994579770566,1.187056925799351,1.1863911702268106,1.1864535162555956,100
2026-01-08 02:45:00+00:00,1.1864535162555956,1.186654486108239,1.1864268067180177,1.1866277765706612,100
2026-01-08 02:50:00+00:00,1.1866277765706612,1.1872240685273916,1.1864763544489634,1.1870726464056938,100
2026-01-08 02:55:00+00:00,1.1870726464056938,1.1877206693969673,1.1870164933533394,1.187664516344613,100
2026-01-08 03:00:00+00:00,1.187664516344613,1.1883195076096522,1.1875800318096836,1.188235023074723,100
2026-01-08 03:05:00+00:00,1.188235023074723,1.1883930330322183,1.1876419523582116,1.187799962315707,100
2026-01-08 03:10:00+00:00,1.187799962315707,1.1881223492970772,1.18778523612648,1.1881076231078502,100
2026-01-08 03:15:00+00:00,1.1881076231078502,1.1881821107383754,1.1874756172838254,1.1875501049143506,100
2026-01-08 03:20:00+00:00,1.1875501049143506,1.1876282516926362,1.1875174991975614,1.187595645975847,100
2026-01-08 03:25:00+00:00,1.187595645975847,1.1883585947615474,1.1874894467182193,1.1882523955039197,100
2026-01-08 03:30:00+00:00,1.1882523955039197,1.1883613989392632,1.187815060834368,1.1879240642697115,100
2026-01-08 03:35:00+00:00,1.1879240642697115,1.18798767705707,1.1875423366312843,1.1876059494186428,100
2026-01-08 03:40:00+00:00,1.1876059494186428,1.1877481527315108,1.1871152417551165,1.1872574450679845,100
2026-01-08 03:45:00+00:00,1.1872574450679845,1.1873617083619286,1.1867046715827752,1.1868089348767192,100
2026-01-08 03:50:00+00:00,1.1868089348767192,1.1874126095235682,1.1866482735218806,1.1872519481687296,100
2026-01-08 03:55:00+00:00,1.1872519481687296,1.1874974444192343,1.1860283564195064,1.1862738526700112,100
2026-01-08 04:00:00+00:00,1.1862738526700112,1.1863703259982268,1.1861637907787101,1.1862602641069258,100
2026-01-08 04:05:00+00:00,1.1862602641069258,1.186842503009987,1.1862172187991036,1.1867994577021648,100
2026-01-08 04:10:00+00:00,1.1867994577021648,1.1868542174524297,1.1865364141555435,1.1865911739058084,100
2026-01-08 04:15:00+00:00,1.1865911739058084,1.1875668994264243,1.1864251497529712,1.1874008752735872,100
2026-01-08 04:20:00+00:00,1.1874008752735872,1.1883237306262733,1.1873054844288777,1.1882283397815638,100
2026-01-08 04:25:00+00:00,1.1882283397815638,1.188356295597242,1.188020731076857,1.188148686892535,100
2026-01-08 04:30:00+00:00,1.188148686892535,1.1887877223499514,1.188050378420178,1.1886894138775943,100
2026-01-08 04:35:00+00:00,1.1886894138775943,1.189683812470747,1.1885642959952185,1.1895586945883712,100
2026-01-08 04:40:00+00:00,1.1895586945883712,1.1905226923892553,1.1895565418034928,1.190520539604377,100
2026-01-08 04:45:00+00:00,1.190520539604377,1.1909310969386178,1.1902097797000448,1.1906203370342856,100
2026-01-08 04:50:00+00:00,1.1906203370342856,1.1907580437879397,1.190590742816299,1.190728449569953,100
2026-01-08 04:55:00+00:00,1.190728449569953,1.1911186310576134,1.1906572542312408,1.1910474357189011,100
2026-01-08 05:00:00+00:00,1.1910474357189011,1.1912826592255992,1.1907560982032444,1.1909913217099424,100
2026-01-08 05:05:00+00:00,1.1909913217099424,1.191099659967232,1.1908055384433849,1.1909138767006746,100
2026-01-08 05:10:00+00:00,1.1909138767006746,1.1909156150723155,1.1908304622106125,1.1908322005822534,100
2026-01-08 05:15:00+00:00,1.1908322005822534,1.191053982156129,1.1908078386756842,1.1910296202495598,100
2026-01-08 05:20:00+00:00,1.1910296202495598,1.1920440695113417,1.1909965341271975,1.1920109833889794,100
2026-01-08 05:25:00+00:00,1.1920109833889794,1.1922328296029767,1.1919940523751293,1.1922158985891267,100
2026-01-08 05:30:00+00:00,1.1922158985891267,1.192239875097954,1.1919186655168206,1.1919426420256478,100
2026-01-08 05:35:00+00:00,1.1919426420256478,1.1927594485727002,1.191752497838625,1.1925693043856773,100
2026-01-08 05:40:00+00:00,1.1925693043856773,1.1926838008126022,1.1924797510400873,1.1925942474670121,100
2026-01-08 05:45:00+00:00,1.1925942474670121,1.1930959166333306,1.1925690323043499,1.1930707014706683,100
2026-01-08 05:50:00+00:00,1.1930707014706683,1.193228858789609,1.192744381856515,1.1929025391754557,100
2026-01-08 05:55:00+00:00,1.1929025391754557,1.19352661418426,1.1925970054628448,1.193221080471649,100
2026-01-08 06:00:00+00:00,1.193221080471649,1.193274989451345,1.1931287038940206,1.1931826128737166,100
2026-01-08 06:05:00+00:00,1.1931826128737166,1.1936191570851264,1.1929248163285018,1.1933613605399116,100
2026-01-08 06:10:00+00:00,1.1933613605399116,1.1936348791334497,1.1926661253639703,1.1929396439575084,100
2026-01-08 06:15:00+00:00,1.1929396439575084,1.1934924440231738,1.1928163575901543,1.1933691576558196,100
2026-01-08 06:20:00+00:00,1.1933691576558196,1.1942969836317423,1.1930831434711762,1.1940109694470988,100
2026-01-08 06:25:00+00:00,1.1940109694470988,1.1940372855171608,1.1939076182060686,1.1939339342761306,100
2026-01-08 06:30:00+00:00,1.1939339342761306,1.1940095438611964,1.1937751341005445,1.1938507436856103,100
2026-01-08 06:35:00+00:00,1.1938507436856103,1.1947584901741064,1.1936824471061718,1.194590193594668,100
2026-01-08 06:40:00+00:00,1.194590193594668,1.1947237199631784,1.1931782831316577,1.1933118095001682,100
2026-01-08 06:45:00+00:00,1.1933118095001682,1.1945614905237718,1.1932518348914738,1.1945015159150774,100
2026-01-08 06:50:00+00:00,1.1945015159150774,1.1949729247968515,1.1944741042338127,1.1949455131155868,100
2026-01-08 06:55:00+00:00,1.1949455131155868,1.1953370510093997,1.1948087396607219,1.1952002775545347,100
2026-01-08 07:00:00+00:00,1.1952002775545347,1.1954065903505404,1.1949901694451486,1.1951964822411543,100
2026-01-08 07:05:00+00:00,1.1951964822411543,1.1959673125169947,1.1950526578783984,1.195823488154239,100
2026-01-08 07:10:00+00:00,1.195823488154239,1.1961874170437747,1.1955996969791398,1.1959636258686757,100
2026-01-08 07:15:00+00:00,1.1959636258686757,1.1961320699371727,1.1958163455086366,1.1959847895771336,100
2026-01-08 07:20:00+00:00,1.1959847895771336,1.196535056119998,1.1957930498100775,1.196343316352942,100
2026-01-08 07:25:00+00:00,1.196343316352942,1.1967223641224096,1.1960352010304536,1.1964142487999212,100
2026-01-08 07:30:00+00:00,1.1964142487999212,1.1967190217992063,1.196159514922136,1.1964642879214211,100
2026-01-08 07:35:00+00:00,1.1964642879214211,1.1966458374299,1.1959862986423866,1.1961678481508655,100
2026-01-08 07:40:00+00:00,1.1961678481508655,1.1962114479035584,1.1958284473944176,1.1958720471471105,100
2026-01-08 07:45:00+00:00,1.1958720471471105,1.1959274644219806,1.195030451552837,1.195085868827707,100
2026-01-08 07:50:00+00:00,1.195085868827707,1.1953686846520681,1.1945346232212974,1.1948174390456585,100
2026-01-08 07:55:00+00:00,1.1948174390456585,1.194905851201991,1.1945834582049355,1.194671870361268,100
2026-01-08 08:00:00+00:00,1.194671870361268,1.194823269660672,1.1946712009269982,1.1948226002264022,100
2026-01-08 08:05:00+00:00,1.1948226002264022,1.1951416765820684,1.1947151842830894,1.1950342606387556,100
2026-01-08 08:10:00+00:00,1.1950342606387556,1.1954735215885088,1.1948628730275042,1.1953021339772574,100
2026-01-08 08:15:00+00:00,1.1953021339772574,1.1953782774240214,1.1949545973697544,1.1950307408165184,100
2026-01-08 08:20:00+00:00,1.1950307408165184,1.1955772600589507,1.1949991588237818,1.1955456780662141,100
2026-01-08 08:25:00+00:00,1.1955456780662141,1.1962116223426253,1.1954597942105833,1.1961257384869945,100
2026-01-08 08:30:00+00:00,1.1961257384869945,1.1965849469521026,1.196044482853107,1.196503691318215,100
2026-01-08 08:35:00+00:00,1.196503691318215,1.1967493086691794,1.1955851844613936,1.195830801812358,100
2026-01-08 08:40:00+00:00,1.195830801812358,1.1963923682652902,1.1955406342561035,1.1961022007090356,100
2026-01-08 08:45:00+00:00,1.1961022007090356,1.1962247888640105,1.1949544651595638,1.1950770533145387,100
2026-01-08 08:50:00+00:00,1.1950770533145387,1.1952385643314947,1.1947629941258942,1.19492450514285,100
2026-01-08 08:55:00+00:00,1.19492450514285,1.195188655955913,1.194903649271969,1.1951678000850319,100
2026-01-08 09:00:00+00:00,1.1951678000850319,1.1952725368234536,1.1950708152443221,1.1951755519827438,100
2026-01-08 09:05:00+00:00,1.1951755519827438,1.1953115500840514,1.1950362829010084,1.195172281002316,100
2026-01-08 09:10:00+00:00,1.195172281002316,1.1952067287593073,1.1948215488419773,1.1948559965989687,100
2026-01-08 09:15:00+00:00,1.1948559965989687,1.1950254895807817,1.1947755479145252,1.1949450408963382,100
2026-01-08 09:20:00+00:00,1.1949450408963382,1.1955795217317047,1.1947072721837273,1.1953417530190937,100
2026-01-08 09:25:00+00:00,1.1953417530190937,1.19561265018027,1.1953044877810144,1.1955753849421906,100
2026-01-08 09:30:00+00:00,1.1955753849421906,1.1957492068197948,1.1955721902455612,1.1957460121231653,100
2026-01-08 09:35:00+00:00,1.1957460121231653,1.1957671266121088,1.1956626036075217,1.1956837180964652,100
2026-01-08 09:40:00+00:00,1.1956837180964652,1.1957741645517956,1.1953312146637154,1.1954216611190458,100
2026-01-08 09:45:00+00:00,1.1954216611190458,1.1957566358446188,1.1953729180168577,1.1957078927424307,100
2026-01-08 09:50:00+00:00,1.1957078927424307,1.1957492875034668,1.1955716280511588,1.1956130228121948,100
2026-01-08 09:55:00+00:00,1.1956130228121948,1.1960437914946194,1.1953752011003862,1.1958059697828107,100
2026-01-08 10:00:00+00:00,1.1958059697828107,1.1958347650961811,1.1952663421373089,1.1952951374506793,100
2026-01-08 10:05:00+00:00,1.1952951374506793,1.1954471737478316,1.1952510569189485,1.1954030932161008,100
2026-01-08 10:10:00+00:00,1.1954030932161008,1.1954507143713518,1.1950728179828294,1.1951204391380803,100
2026-01-08 10:15:00+00:00,1.1951204391380803,1.1958452850718724,1.1950467273237573,1.1957715732575493,100
2026-01-08 10:20:00+00:00,1.1957715732575493,1.1959258431082826,1.1956997941808285,1.1958540640315618,100
2026-01-08 10:25:00+00:00,1.1958540640315618,1.196218156721506,1.195642420029851,1.1960065127197952,100
2026-01-08 10:30:00+00:00,1.1960065127197952,1.196383244555864,1.1957621260413374,1.1961388578774061,100
2026-01-08 10:35:00+00:00,1.1961388578774061,1.1963535998922552,1.1960426122269856,1.1962573542418347,100
2026-01-08 10:40:00+00:00,1.1962573542418347,1.1969678042511664,1.1961623797653427,1.1968728297746745,100
2026-01-08 10:45:00+00:00,1.1968728297746745,1.1973597587145914,1.1968537647593187,1.1973406936992357,100
2026-01-08 10:50:00+00:00,1.1973406936992357,1.19735908372882,1.197318618002269,1.1973370080318533,100
2026-01-08 10:55:00+00:00,1.1973370080318533,1.1975183064374786,1.1962941285854225,1.1964754269910478,100
2026-01-08 11:00:00+00:00,1.1964754269910478,1.1976757873583923,1.196236665805334,1.1974370261726786,100
2026-01-08 11:05:00+00:00,1.1974370261726786,1.1978930028783068,1.197403237264566,1.1978592139701942,100
2026-01-08 11:10:00+00:00,1.1978592139701942,1.198259410205239,1.1978433884868178,1.1982435847218627,100
2026-01-08 11:15:00+00:00,1.1982435847218627,1.1991008761745696,1.1982097928688418,1.1990670843215487,100
2026-01-08 11:20:00+00:00,1.1990670843215487,1.1992296136285499,1.1989140677990637,1.1990765971060648,100
2026-01-08 11:25:00+00:00,1.1990765971060648,1.1992962249247532,1.197864163802637,1.1980837916213254,100
2026-01-08 11:30:00+00:00,1.1980837916213254,1.198112572150751,1.1977927997644862,1.1978215802939118,100
2026-01-08 11:35:00+00:00,1.1978215802939118,1.198030221857388,1.1973177404599336,1.1975263820234097,100
2026-01-08 11:40:00+00:00,1.1975263820234097,1.197930197758256,1.1974592560857522,1.1978630718205985,100
2026-01-08 11:45:00+00:00,1.1978630718205985,1.1982774160820935,1.1978237783603731,1.1982381226218681,100
2026-01-08 11:50:00+00:00,1.1982381226218681,1.1983868134461462,1.197721273094386,1.197869963918664,100
2026-01-08 11:55:00+00:00,1.197869963918664,1.198416426374255,1.1977968772319096,1.1983433396875005,100
2026-01-08 12:00:00+00:00,1.1983433396875005,1.1987525856949326,1.1981507986732,1.1985600446806322,100
2026-01-08 12:05:00+00:00,1.1985600446806322,1.1993690487139252,1.198359816157823,1.1991688201911161,100
2026-01-08 12:10:00+00:00,1.1991688201911161,1.1994950893912086,1.1988059040908428,1.1991321732909352,100
2026-01-08 12:15:00+00:00,1.1991321732909352,1.1993369249824695,1.1987901215129229,1.198994873204457,100
2026-01-08 12:20:00+00:00,1.198994873204457,1.1993982110573176,1.1989006915471516,1.1993040294000121,100
2026-01-08 12:25:00+00:00,1.1993040294000121,1.1995985222189602,1.199147560648631,1.1994420534675792,100
2026-01-08 12:30:00+00:00,1.1994420534675792,1.1995394957041632,1.1990219990110045,1.1991194412475885,100
2026-01-08 12:35:00+00:00,1.1991194412475885,1.1994451201914402,1.1981825429240671,1.1985082218679188,100
2026-01-08 12:40:00+00:00,1.1985082218679188,1.1985211673833724,1.1984788782064664,1.19849182372192,100
2026-01-08 12:45:00+00:00,1.19849182372192,1.1991514602967734,1.198365578696877,1.1990252152717304,100
2026-01-08 12:50:00+00:00,1.1990252152717304,1.1993771812836191,1.1989790079066729,1.1993309739185616,100
2026-01-08 12:55:00+00:00,1.1993309739185616,1.1999199495498833,1.1990549851978702,1.199643960829192,100
2026-01-08 13:00:00+00:00,1.199643960829192,1.1996698869323394,1.199452193084259,1.1994781191874064,100
2026-01-08 13:05:00+00:00,1.1994781191874064,1.1998614315567802,1.1994123693796472,1.199795681749021,100
2026-01-08 13:10:00+00:00,1.199795681749021,1.1997974691968252,1.1994510610521656,1.1994528484999698,100
2026-01-08 13:15:00+00:00,1.1994528484999698,1.2004044883765952,1.199317406099246,1.2002690459758714,100
2026-01-08 13:20:00+00:00,1.2002690459758714,1.2005550405483465,1.199387299081134,1.1996732936536092,100
2026-01-08 13:25:00+00:00,1.1996732936536092,1.1997812128501064,1.1993968761362148,1.199504795332712,100
2026-01-08 13:30:00+00:00,1.199504795332712,1.199718040851342,1.199497515968476,1.1997107614871059,100
2026-01-08 13:35:00+00:00,1.1997107614871059,1.2004968034960957,1.1996006388028955,1.2003866808118853,100
2026-01-08 13:40:00+00:00,1.2003866808118853,1.2004946605151692,1.1998128156391048,1.1999207953423887,100
2026-01-08 13:45:00+00:00,1.1999207953423887,1.2002489938923444,1.19981070835376,1.2001389069037156,100
2026-01-08 13:50:00+00:00,1.2001389069037156,1.2003342133841903,1.1987912171189006,1.1989865235993753,100
2026-01-08 13:55:00+00:00,1.1989865235993753,1.199275995283177,1.1988871434294024,1.1991766151132042,100
2026-01-08 14:00:00+00:00,1.1991766151132042,1.1994614381374453,1.1987949779673903,1.1990798009916315,100
2026-01-08 14:05:00+00:00,1.1990798009916315,1.1994675241221222,1.1988679109846905,1.1992556341151812,100
2026-01-08 14:10:00+00:00,1.1992556341151812,1.1997359891896522,1.1992230613984243,1.1997034164728952,100
2026-01-08 14:15:00+00:00,1.1997034164728952,1.1999027402791536,1.199228778867243,1.1994281026735014,100
2026-01-08 14:20:00+00:00,1.1994281026735014,1.1995630488788342,1.1993879531601825,1.1995228993655154,100
2026-01-08 14:25:00+00:00,1.1995228993655154,1.1998421522923126,1.1986036907170885,1.1989229436438857,100
2026-01-08 14:30:00+00:00,1.1989229436438857,1.1991585752726743,1.1982810456801183,1.1985166773089069,100
2026-01-08 14:35:00+00:00,1.1985166773089069,1.1991047150041212,1.198242300063407,1.1988303377586214,100
2026-01-08 14:40:00+00:00,1.1988303377586214,1.1991683567744036,1.1980879601655867,1.198425979181369,100
2026-01-08 14:45:00+00:00,1.198425979181369,1.1985318897653991,1.197915139370703,1.1980210499547332,100
2026-01-08 14:50:00+00:00,1.1980210499547332,1.1980780941415947,1.197384327274854,1.1974413714617156,100
2026-01-08 14:55:00+00:00,1.1974413714617156,1.1980263675413891,1.1973446468520386,1.1979296429317121,100
2026-01-08 15:00:00+00:00,1.1979296429317121,1.1980065941454325,1.1974472379594838,1.1975241891732042,100
2026-01-08 15:05:00+00:00,1.1975241891732042,1.197562713498047,1.1971533250139474,1.1971918493387903,100
2026-01-08 15:10:00+00:00,1.1971918493387903,1.1974357458600813,1.1971761775466472,1.1974200740679382,100
2026-01-08 15:15:00+00:00,1.1974200740679382,1.1977875698011102,1.197227990447398,1.19759548618057,100
2026-01-08 15:20:00+00:00,1.19759548618057,1.1988504976270509,1.1975941746352015,1.1988491860816823,100
2026-01-08 15:25:00+00:00,1.1988491860816823,1.1989567923845013,1.197894994112549,1.1980026004153679,100
2026-01-08 15:30:00+00:00,1.1980026004153679,1.1980458326154562,1.197669536776254,1.1977127689763423,100
2026-01-08 15:35:00+00:00,1.1977127689763423,1.1980089794291875,1.1976827008320763,1.1979789112849215,100
2026-01-08 15:40:00+00:00,1.1979789112849215,1.1981458446832807,1.1977213751878188,1.197888308586178,100
2026-01-08 15:45:00+00:00,1.197888308586178,1.19792323789796,1.1973551183077569,1.197390047619539,100
2026-01-08 15:50:00+00:00,1.197390047619539,1.1981058689383859,1.1972164261527056,1.1979322474715526,100
2026-01-08 15:55:00+00:00,1.1979322474715526,1.1981874535511776,1.1978652281584956,1.1981204342381206,100
2026-01-08 16:00:00+00:00,1.1981204342381206,1.198235932306307,1.1978195639405267,1.197935062008713,100
2026-01-08 16:05:00+00:00,1.197935062008713,1.1981113978539588,1.1979166298115527,1.1980929656567985,100
2026-01-08 16:10:00+00:00,1.1980929656567985,1.1981154294278609,1.1978801281691998,1.1979025919402622,100
2026-01-08 16:15:00+00:00,1.1979025919402622,1.1979333582061897,1.197403324152178,1.1974340904181056,100
2026-01-08 16:20:00+00:00,1.1974340904181056,1.1979329100867477,1.1972438030611094,1.1977426227297516,100
2026-01-08 16:25:00+00:00,1.1977426227297516,1.1979739382660393,1.1977025326939705,1.1979338482302582,100
2026-01-08 16:30:00+00:00,1.1979338482302582,1.1982530809652356,1.197889693148893,1.1982089258838704,100
2026-01-08 16:35:00+00:00,1.1982089258838704,1.1983598590647901,1.1972349539569869,1.1973858871379066,100
2026-01-08 16:40:00+00:00,1.1973858871379066,1.1977099186813758,1.1967693565626623,1.1970933881061314,100
2026-01-08 16:45:00+00:00,1.1970933881061314,1.1976405299787225,1.1969495642411183,1.1974967061137094,100
2026-01-08 16:50:00+00:00,1.1974967061137094,1.1979966801696607,1.1974358458188612,1.1979358198748125,100
2026-01-08 16:55:00+00:00,1.1979358198748125,1.1981054735036665,1.197642561497276,1.1978122151261301,100
2026-01-08 17:00:00+00:00,1.1978122151261301,1.198100999482369,1.1973610507702293,1.1976498351264682,100
2026-01-08 17:05:00+00:00,1.1976498351264682,1.1980394749377066,1.1973961380720024,1.1977857778832408,100
2026-01-08 17:10:00+00:00,1.1977857778832408,1.198614469213068,1.1977806947856957,1.198609386115523,100
2026-01-08 17:15:00+00:00,1.198609386115523,1.1992486031399958,1.1985092337352712,1.199148450759744,100
2026-01-08 17:20:00+00:00,1.199148450759744,1.2000511514591325,1.1991117888962373,1.2000144895956257,100
2026-01-08 17:25:00+00:00,1.2000144895956257,1.2009701749080983,1.19998390196262,1.2009395872750925,100
2026-01-08 17:30:00+00:00,1.2009395872750925,1.2009905526081368,1.2007297965067132,1.2007807618397575,100
2026-01-08 17:35:00+00:00,1.2007807618397575,1.2008768923444653,1.2005398582360693,1.2006359887407771,100
2026-01-08 17:40:00+00:00,1.2006359887407771,1.2008839122600476,1.2005841800890953,1.2008321036083658,100
2026-01-08 17:45:00+00:00,1.2008321036083658,1.201438026489349,1.200745816532538,1.2013517394135211,100
2026-01-08 17:50:00+00:00,1.2013517394135211,1.2014706012631868,1.2011497284166637,1.2012685902663294,100
2026-01-08 17:55:00+00:00,1.2012685902663294,1.2020547280137883,1.2010398834037281,1.201826021151187,100
2026-01-08 18:00:00+00:00,1.201826021151187,1.2018558327517432,1.201113821457197,1.2011436330577532,100
2026-01-08 18:05:00+00:00,1.2011436330577532,1.2012814130666836,1.2009209880516813,1.2010587680606117,100
2026-01-08 18:10:00+00:00,1.2010587680606117,1.201907306807117,1.2009419465222844,1.2017904852687897,100
2026-01-08 18:15:00+00:00,1.2017904852687897,1.2026444545929555,1.2016246042498284,1.2024785735739942,100
2026-01-08 18:20:00+00:00,1.2024785735739942,1.2027874603880362,1.2022521501214576,1.2025610369354995,100
2026-01-08 18:25:00+00:00,1.2025610369354995,1.203341979547644,1.2024804834254805,1.203261426037625,100
2026-01-08 18:30:00+00:00,1.203261426037625,1.2032920632643291,1.2031974705669972,1.2032281077937013,100
2026-01-08 18:35:00+00:00,1.2032281077937013,1.2033675980899592,1.2030908162764207,1.2032303065726786,100
2026-01-08 18:40:00+00:00,1.2032303065726786,1.2036308414987928,1.2031995537764757,1.20360008870259,100
2026-01-08 18:45:00+00:00,1.20360008870259,1.2038212577163574,1.2032299983148105,1.203451167328578,100
2026-01-08 18:50:00+00:00,1.203451167328578,1.2034775865615304,1.202870781186392,1.2028972004193443,100
2026-01-08 18:55:00+00:00,1.2028972004193443,1.2029946067935142,1.2028349579611401,1.20293236433531,100
2026-01-08 19:00:00+00:00,1.20293236433531,1.2038132268114412,1.2028046170111417,1.203685479487273,100
2026-01-08 19:05:00+00:00,1.203685479487273,1.2042071757710737,1.2035074701351276,1.2040291664189284,100
2026-01-08 19:10:00+00:00,1.2040291664189284,1.2044478559296077,1.203987532997005,1.2044062225076841,100
2026-01-08 19:15:00+00:00,1.2044062225076841,1.2048294389694993,1.2041640423711872,1.2045872588330024,100
2026-01-08 19:20:00+00:00,1.2045872588330024,1.20493579637023,1.2044503462967484,1.204798883833976,100
2026-01-08 19:25:00+00:00,1.204798883833976,1.2056327879311202,1.2045803711710266,1.2054142752681707,100
2026-01-08 19:30:00+00:00,1.2054142752681707,1.2063504827119522,1.2053466865581244,1.206282894001906,100
2026-01-08 19:35:00+00:00,1.206282894001906,1.2062924750804005,1.2053177383708333,1.205327319449328,100
2026-01-08 19:40:00+00:00,1.205327319449328,1.2057223771166639,1.2052220489500318,1.2056171066173678,100
2026-01-08 19:45:00+00:00,1.2056171066173678,1.2061664500018068,1.2054162659781218,1.2059656093625608,100
2026-01-08 19:50:00+00:00,1.2059656093625608,1.2069942648136363,1.205923264712636,1.2069519201637113,100
2026-01-08 19:55:00+00:00,1.2069519201637113,1.2071129666682072,1.2064624957110939,1.2066235422155898,100
2026-01-08 20:00:00+00:00,1.2066235422155898,1.2071456653854418,1.2065238446020337,1.2070459677718857,100
2026-01-08 20:05:00+00:00,1.2070459677718857,1.207093808533148,1.2064871176217784,1.2065349583830407,100
2026-01-08 20:10:00+00:00,1.2065349583830407,1.2068130374315849,1.2063527427097074,1.2066308217582515,100
2026-01-08 20:15:00+00:00,1.2066308217582515,1.2068182852064617,1.205856841639838,1.2060443050880483,100
2026-01-08 20:20:00+00:00,1.2060443050880483,1.2064863884245427,1.2057833382444278,1.2062254215809223,100
2026-01-08 20:25:00+00:00,1.2062254215809223,1.2066310719639708,1.206055597953533,1.2064612483365815,100
2026-01-08 20:30:00+00:00,1.2064612483365815,1.2066256885718794,1.2064028800709916,1.2065673203062894,100
2026-01-08 20:35:00+00:00,1.2065673203062894,1.2070569337743213,1.2064203477500686,1.2069099612181005,100
2026-01-08 20:40:00+00:00,1.2069099612181005,1.2069957584043804,1.2068878553799103,1.2069736525661903,100
2026-01-08 20:45:00+00:00,1.2069736525661903,1.2071155749194094,1.2066986316826327,1.2068405540358518,100
2026-01-08 20:50:00+00:00,1.2068405540358518,1.207442730483435,1.2068011928905933,1.2074033693381765,100
2026-01-08 20:55:00+00:00,1.2074033693381765,1.2074949745218548,1.2067370904775465,1.2068286956612249,100
2026-01-08 21:00:00+00:00,1.2068286956612249,1.2072847575634447,1.2065785982557127,1.2070346601579325,100
2026-01-08 21:05:00+00:00,1.2070346601579325,1.2079614331033401,1.2068630497361603,1.207789822681568,100
2026-01-08 21:10:00+00:00,1.207789822681568,1.208483797517702,1.2076043283759021,1.2082983032120362,100
2026-01-08 21:15:00+00:00,1.2082983032120362,1.2083365227539553,1.207925175686845,1.207963395228764,100
2026-01-08 21:20:00+00:00,1.207963395228764,1.2081127550130095,1.2079165513534806,1.208065911137726,100
2026-01-08 21:25:00+00:00,1.208065911137726,1.208156735307082,1.2079894893793257,1.2080803135486815,100
2026-01-08 21:30:00+00:00,1.2080803135486815,1.2086779800975065,1.2079593113557276,1.2085569779045526,100
2026-01-08 21:35:00+00:00,1.2085569779045526,1.209032614419185,1.2084479077024288,1.2089235442170612,100
2026-01-08 21:40:00+00:00,1.2089235442170612,1.208962861435949,1.208595879226883,1.2086351964457709,100
2026-01-08 21:45:00+00:00,1.2086351964457709,1.2090518142895983,1.2084888127889233,1.2089054306327507,100
2026-01-08 21:50:00+00:00,1.2089054306327507,1.2089681122089535,1.2088265231548663,1.208889204731069,100
2026-01-08 21:55:00+00:00,1.208889204731069,1.2095005900898377,1.2087149659740912,1.2093263513328598,100
2026-01-08 22:00:00+00:00,1.2093263513328598,1.2093487457098389,1.2089646518426242,1.2089870462196033,100
2026-01-08 22:05:00+00:00,1.2089870462196033,1.2099378475042668,1.2088291876663468,1.2097799889510104,100
2026-01-08 22:10:00+00:00,1.2097799889510104,1.2100438563701787,1.2095434362934283,1.2098073037125967,100
2026-01-08 22:15:00+00:00,1.2098073037125967,1.2098755782416604,1.2095862640769564,1.20965453860602,100
2026-01-08 22:20:00+00:00,1.20965453860602,1.210209787398568,1.2095208086742295,1.2100760574667775,100
2026-01-08 22:25:00+00:00,1.2100760574667775,1.2103065992186146,1.2098208306816876,1.2100513724335247,100
2026-01-08 22:30:00+00:00,1.2100513724335247,1.210144466530468,1.210043835508231,1.2101369296051743,100
2026-01-08 22:35:00+00:00,1.2101369296051743,1.2103415493185805,1.2099558921492535,1.2101605118626597,100
2026-01-08 22:40:00+00:00,1.2101605118626597,1.2102099016589343,1.209949495863037,1.2099988856593116,100
2026-01-08 22:45:00+00:00,1.2099988856593116,1.210150701709138,1.2099388937987539,1.2100907098485802,100
2026-01-08 22:50:00+00:00,1.2100907098485802,1.2102479799331645,1.2092263133685497,1.209383583453134,100
2026-01-08 22:55:00+00:00,1.209383583453134,1.2095017816292444,1.2093369057284664,1.209455103904577,100
2026-01-08 23:00:00+00:00,1.209455103904577,1.2100305501042252,1.2092627021247777,1.209838148324426,100
2026-01-08 23:05:00+00:00,1.209838148324426,1.2100629738251438,1.2093978089650743,1.209622634465792,100
2026-01-08 23:10:00+00:00,1.209622634465792,1.209891534073815,1.2094091216173715,1.2096780212253944,100
2026-01-08 23:15:00+00:00,1.2096780212253944,1.2097938391058207,1.2096115121731887,1.209727330053615,100
2026-01-08 23:20:00+00:00,1.209727330053615,1.2103556987059603,1.209569527526758,1.2101978961791031,100
2026-01-08 23:25:00+00:00,1.2101978961791031,1.2105482440132393,1.209778229966696,1.2101285778008322,100
2026-01-08 23:30:00+00:00,1.2101285778008322,1.2102816695374692,1.2097671779606414,1.2099202696972784,100
2026-01-08 23:35:00+00:00,1.2099202696972784,1.210051185496801,1.2098273693567843,1.2099582851563069,100
2026-01-08 23:40:00+00:00,1.2099582851563069,1.21078772326286,1.209751890187695,1.2105813282942481,100
2026-01-08 23:45:00+00:00,1.2105813282942481,1.2112446775431063,1.2103051105449119,1.21096845979377,100
2026-01-08 23:50:00+00:00,1.21096845979377,1.211103452577952,1.2109104490168936,1.2110454418010757,100
2026-01-08 23:55:00+00:00,1.2110454418010757,1.2114790456946394,1.2109803214553199,1.2114139253488836,100
2026-01-09 00:00:00+00:00,1.2114139253488836,1.21194101966368,1.2114106192155996,1.211937713530396,100
2026-01-09 00:05:00+00:00,1.211937713530396,1.2121015500598187,1.2118947786635426,1.2120586151929653,100
2026-01-09 00:10:00+00:00,1.2120586151929653,1.2129048178393709,1.211765714847883,1.2126119174942886,100
2026-01-09 00:15:00+00:00,1.2126119174942886,1.2133717383488891,1.2124971003682943,1.2132569212228947,100
2026-01-09 00:20:00+00:00,1.2132569212228947,1.2137360757166502,1.2132423561872088,1.2137215106809642,100
2026-01-09 00:25:00+00:00,1.2137215106809642,1.2137422673538254,1.2131415599182802,1.2131623165911414,100
2026-01-09 00:30:00+00:00,1.2131623165911414,1.213347355671756,1.2128638953705606,1.2130489344511752,100
2026-01-09 00:35:00+00:00,1.2130489344511752,1.213206762188322,1.2128743312400607,1.2130321589772075,100
2026-01-09 00:40:00+00:00,1.2130321589772075,1.2131308326017598,1.2126257402634633,1.2127244138880156,100
2026-01-09 00:45:00+00:00,1.2127244138880156,1.2132273694926403,1.2126919856665987,1.2131949412712235,100
2026-01-09 00:50:00+00:00,1.2131949412712235,1.2137303533153092,1.2130837296229284,1.2136191416670141,100
2026-01-09 00:55:00+00:00,1.2136191416670141,1.2136737002462907,1.213418404789691,1.2134729633689676,100
2026-01-09 01:00:00+00:00,1.2134729633689676,1.2137093107917913,1.2132926072760102,1.213528954698834,100
2026-01-09 01:05:00+00:00,1.213528954698834,1.2141767266375765,1.213491198454224,1.2141389703929666,100
2026-01-09 01:10:00+00:00,1.2141389703929666,1.2145686917456173,1.213973023641798,1.2144027449944488,100
2026-01-09 01:15:00+00:00,1.2144027449944488,1.2145408992954358,1.2141215786775847,1.2142597329785718,100
2026-01-09 01:20:00+00:00,1.2142597329785718,1.214836194204141,1.214218263461533,1.2147947246871023,100
2026-01-09 01:25:00+00:00,1.2147947246871023,1.2158331103507818,1.214530029699695,1.2155684153633746,100
2026-01-09 01:30:00+00:00,1.2155684153633746,1.2160238714493832,1.2154640447329639,1.2159195008189725,100
2026-01-09 01:35:00+00:00,1.2159195008189725,1.21643905473092,1.215628084994957,1.2161476389069046,100
2026-01-09 01:40:00+00:00,1.2161476389069046,1.2162889182309211,1.2152759159712951,1.2154171952953117,100
2026-01-09 01:45:00+00:00,1.2154171952953117,1.2162107426960924,1.2153521262895868,1.2161456736903675,100
2026-01-09 01:50:00+00:00,1.2161456736903675,1.2165343548027225,1.2160102785356606,1.2163989596480156,100
2026-01-09 01:55:00+00:00,1.2163989596480156,1.2170223841747712,1.2161852424382305,1.216808666964986,100
2026-01-09 02:00:00+00:00,1.216808666964986,1.2175069590880043,1.2165412744848927,1.217239566607911,100
2026-01-09 02:05:00+00:00,1.217239566607911,1.2175002229598877,1.217168217941833,1.2174288742938097,100
2026-01-09 02:10:00+00:00,1.2174288742938097,1.2175129927835366,1.2169195393529315,1.2170036578426584,100
2026-01-09 02:15:00+00:00,1.2170036578426584,1.2171249783346616,1.2168785308500174,1.2169998513420206,100
2026-01-09 02:20:00+00:00,1.2169998513420206,1.2171578152051399,1.2169484282022613,1.2171063920653806,100
2026-01-09 02:25:00+00:00,1.2171063920653806,1.2173240056337853,1.2165426866702493,1.216760300238654,100
2026-01-09 02:30:00+00:00,1.216760300238654,1.2181643961014763,1.2166854138688419,1.2180895097316642,100
2026-01-09 02:35:00+00:00,1.2180895097316642,1.218673414459882,1.218015919644226,1.2185998243724439,100
2026-01-09 02:40:00+00:00,1.2185998243724439,1.219228338828159,1.2185987838890717,1.219227298344787,100
2026-01-09 02:45:00+00:00,1.219227298344787,1.2199522057531484,1.219143762110685,1.2198686695190466,100
2026-01-09 02:50:00+00:00,1.2198686695190466,1.2203414277829536,1.219819054004436,1.220291812268343,100
2026-01-09 02:55:00+00:00,1.220291812268343,1.220332808636464,1.2196179133967577,1.2196589097648787,100
2026-01-09 03:00:00+00:00,1.2196589097648787,1.2204147111664874,1.2195515189937425,1.2203073203953512,100
2026-01-09 03:05:00+00:00,1.2203073203953512,1.220394914983392,1.2201421414594793,1.22022973604752,100
2026-01-09 03:10:00+00:00,1.22022973604752,1.2202714915430426,1.2199632509231642,1.2200050064186867,100
2026-01-09 03:15:00+00:00,1.2200050064186867,1.2201008132774356,1.2196220715199915,1.2197178783787403,100
2026-01-09 03:20:00+00:00,1.2197178783787403,1.220065671670936,1.2194263764174198,1.2197741697096154,100
2026-01-09 03:25:00+00:00,1.2197741697096154,1.2202874711424565,1.2196044575790435,1.2201177590118846,100
2026-01-09 03:30:00+00:00,1.2201177590118846,1.2204591541876058,1.2193586198570858,1.219700015032807,100
2026-01-09 03:35:00+00:00,1.219700015032807,1.2198622149469052,1.2193156009415709,1.219477800855669,100
2026-01-09 03:40:00+00:00,1.219477800855669,1.2197094761281377,1.2189488516935236,1.2191805269659923,100
2026-01-09 03:45:00+00:00,1.2191805269659923,1.2197373676029475,1.2190511839137168,1.219608024550672,100
2026-01-09 03:50:00+00:00,1.219608024550672,1.2201159394806547,1.2194984791612107,1.2200063940911934,100
2026-01-09 03:55:00+00:00,1.2200063940911934,1.2205678056502316,1.2199537780264633,1.2205151895855015,100
2026-01-09 04:00:00+00:00,1.2205151895855015,1.2205253390868487,1.2197005345630538,1.219710684064401,100
2026-01-09 04:05:00+00:00,1.219710684064401,1.220281357384767,1.2196341652079807,1.2202048385283468,100
2026-01-09 04:10:00+00:00,1.2202048385283468,1.2206666226379463,1.2199649386666764,1.220426722776276,100
2026-01-09 04:15:00+00:00,1.220426722776276,1.2211270748271001,1.2203159207169816,1.2210162727678058,100
2026-01-09 04:20:00+00:00,1.2210162727678058,1.2217729021472348,1.220768598170336,1.221525227549765,100
2026-01-09 04:25:00+00:00,1.221525227549765,1.2218400690142917,1.2212197809605905,1.2215346224251171,100
2026-01-09 04:30:00+00:00,1.2215346224251171,1.2215655611658076,1.2208357200538416,1.220866658794532,100
2026-01-09 04:35:00+00:00,1.220866658794532,1.2210261472239885,1.219815169031654,1.2199746574611106,100
2026-01-09 04:40:00+00:00,1.2199746574611106,1.2199807212294733,1.2196750070055682,1.219681070773931,100
2026-01-09 04:45:00+00:00,1.219681070773931,1.220292195948291,1.2196066330273398,1.2202177582017,100
2026-01-09 04:50:00+00:00,1.2202177582017,1.2206375930714897,1.2200416041482267,1.2204614390180164,100
2026-01-09 04:55:00+00:00,1.2204614390180164,1.2208337478888087,1.2203255006920999,1.2206978095628922,100
2026-01-09 05:00:00+00:00,1.2206978095628922,1.220829239434611,1.2201241195705,1.2202555494422187,100
2026-01-09 05:05:00+00:00,1.2202555494422187,1.2204373776118247,1.219744319677616,1.219926147847222,100
2026-01-09 05:10:00+00:00,1.219926147847222,1.220009547644465,1.2196083103848507,1.2196917101820937,100
2026-01-09 05:15:00+00:00,1.2196917101820937,1.2211425452439544,1.2193609908312568,1.2208118258931175,100
2026-01-09 05:20:00+00:00,1.2208118258931175,1.2210900514510414,1.2205812574655364,1.2208594830234603,100
2026-01-09 05:25:00+00:00,1.2208594830234603,1.2216301708211559,1.2204362723944315,1.2212069601921272,100
2026-01-09 05:30:00+00:00,1.2212069601921272,1.2213249093341318,1.2206313672271933,1.220749316369198,100
2026-01-09 05:35:00+00:00,1.220749316369198,1.2211591416125784,1.2204309275852818,1.2208407528286622,100
2026-01-09 05:40:00+00:00,1.2208407528286622,1.2209222590195281,1.2205150636181967,1.2205965698090626,100
2026-01-09 05:45:00+00:00,1.2205965698090626,1.2206213377324269,1.220595835975805,1.2206206038991692,100
2026-01-09 05:50:00+00:00,1.2206206038991692,1.221388148629597,1.2204554895089084,1.2212230342393362,100
2026-01-09 05:55:00+00:00,1.2212230342393362,1.2218049103949034,1.221033859325697,1.2216157354812642,100
2026-01-09 06:00:00+00:00,1.2216157354812642,1.2219440918030966,1.2214829417533482,1.2218112980751805,100
2026-01-09 06:05:00+00:00,1.2218112980751805,1.2219562750963568,1.2217411193176244,1.2218860963388007,100
2026-01-09 06:10:00+00:00,1.2218860963388007,1.2227985373203787,1.2216779557073811,1.222590396688959,100
2026-01-09 06:15:00+00:00,1.222590396688959,1.2233037369519253,1.2225787368717025,1.2232920771346687,100
2026-01-09 06:20:00+00:00,1.2232920771346687,1.2233422846904898,1.222817679241277,1.2228678867970981,100
2026-01-09 06:25:00+00:00,1.2228678867970981,1.2229442032537747,1.2228281697579035,1.2229044862145801,100
2026-01-09 06:30:00+00:00,1.2229044862145801,1.2233659815433837,1.2226275166479752,1.2230890119767788,100
2026-01-09 06:35:00+00:00,1.2230890119767788,1.2240187317517355,1.222961901407243,1.2238916211821997,100
2026-01-09 06:40:00+00:00,1.2238916211821997,1.224676621868917,1.2236954183324342,1.2244804190191514,100
2026-01-09 06:45:00+00:00,1.2244804190191514,1.224500279902578,1.2241289530862212,1.2241488139696477,100
2026-01-09 06:50:00+00:00,1.2241488139696477,1.2247959924223664,1.2239091266109532,1.2245563050636719,100
2026-01-09 06:55:00+00:00,1.2245563050636719,1.2246765055512192,1.2244454145994386,1.224565615086986,100
2026-01-09 07:00:00+00:00,1.224565615086986,1.2250352062718683,1.2245409729108125,1.225010564095695,100
2026-01-09 07:05:00+00:00,1.225010564095695,1.2250127145782823,1.2243408835147136,1.224343033997301,100
2026-01-09 07:10:00+00:00,1.224343033997301,1.2243584237622538,1.22420205174966,1.2242174415146128,100
2026-01-09 07:15:00+00:00,1.2242174415146128,1.2245110014425422,1.2241211250050252,1.2244146849329547,100
2026-01-09 07:20:00+00:00,1.2244146849329547,1.2252619745983149,1.2243650784720546,1.2252123681374147,100
2026-01-09 07:25:00+00:00,1.2252123681374147,1.2252973964634313,1.225079206396017,1.2251642347220335,100
2026-01-09 07:30:00+00:00,1.2251642347220335,1.2252483623539359,1.2247766127129651,1.2248607403448675,100
2026-01-09 07:35:00+00:00,1.2248607403448675,1.2249481375655287,1.2247396621631859,1.224827059383847,100
2026-01-09 07:40:00+00:00,1.224827059383847,1.2249746956768623,1.2247773813215395,1.2249250176145547,100
2026-01-09 07:45:00+00:00,1.2249250176145547,1.2258626767806724,1.2248165513929317,1.2257542105590493,100
2026-01-09 07:50:00+00:00,1.2257542105590493,1.2257767190169486,1.2255096838247432,1.2255321922826425,100
2026-01-09 07:55:00+00:00,1.2255321922826425,1.225612560107637,1.2250754958765377,1.2251558637015323,100
2026-01-09 08:00:00+00:00,1.2251558637015323,1.225556859991109,1.225149341233092,1.2255503375226688,100
2026-01-09 08:05:00+00:00,1.2255503375226688,1.2269691894425705,1.2253836489876073,1.226802500907509,100
2026-01-09 08:10:00+00:00,1.226802500907509,1.2269200240612128,1.2265062293956708,1.2266237525493746,100
2026-01-09 08:15:00+00:00,1.2266237525493746,1.2272383617041336,1.2264751127493756,1.2270897219041346,100
2026-01-09 08:20:00+00:00,1.2270897219041346,1.2274925394630087,1.2270648346458648,1.227467652204739,100
2026-01-09 08:25:00+00:00,1.227467652204739,1.2280058598916948,1.2274661401095615,1.2280043477965172,100
2026-01-09 08:30:00+00:00,1.2280043477965172,1.228069954502829,1.2278434177658701,1.227909024472182,100
2026-01-09 08:35:00+00:00,1.227909024472182,1.2283625924128334,1.2278463864083253,1.2282999543489768,100
2026-01-09 08:40:00+00:00,1.2282999543489768,1.2284024723849916,1.2275377118069983,1.2276402298430131,100
2026-01-09 08:45:00+00:00,1.2276402298430131,1.228604934578071,1.2276360967231015,1.2286008014581593,100
2026-01-09 08:50:00+00:00,1.2286008014581593,1.228876042784784,1.228323729485118,1.2285989708117426,100
2026-01-09 08:55:00+00:00,1.2285989708117426,1.2286353129831935,1.2281683392470528,1.2282046814185037,100
2026-01-09 09:00:00+00:00,1.2282046814185037,1.2282597689782973,1.227832877669809,1.2278879652296026,100
2026-01-09 09:05:00+00:00,1.2278879652296026,1.2284779835311053,1.2276497413832128,1.2282397596847154,100
2026-01-09 09:10:00+00:00,1.2282397596847154,1.229316255203353,1.2281510881135753,1.2292275836322129,100
2026-01-09 09:15:00+00:00,1.2292275836322129,1.22942373878783,1.2284904302966653,1.2286865854522824,100
2026-01-09 09:20:00+00:00,1.2286865854522824,1.2287995606014666,1.2286581222215294,1.2287710973707135,100
2026-01-09 09:25:00+00:00,1.2287710973707135,1.2293127618508413,1.228691908231233,1.2292335727113608,100
2026-01-09 09:30:00+00:00,1.2292335727113608,1.2297359725067796,1.2290980131475548,1.2296004129429736,100
2026-01-09 09:35:00+00:00,1.2296004129429736,1.2297872197029738,1.2290678900950778,1.229254696855078,100
2026-01-09 09:40:00+00:00,1.229254696855078,1.2300193849982821,1.229141190912509,1.2299058790557131,100
2026-01-09 09:45:00+00:00,1.2299058790557131,1.230050412099444,1.2296847465399956,1.2298292795837265,100
2026-01-09 09:50:00+00:00,1.2298292795837265,1.2301155076737187,1.2296761748330065,1.2299624029229987,100
2026-01-09 09:55:00+00:00,1.2299624029229987,1.2299732480880812,1.2298512687472969,1.2298621139123793,100
2026-01-09 10:00:00+00:00,1.2298621139123793,1.2305712577145336,1.2298436639147816,1.2305528077169359,100
2026-01-09 10:05:00+00:00,1.2305528077169359,1.230716737543911,1.2304964685242845,1.2306603983512596,100
2026-01-09 10:10:00+00:00,1.2306603983512596,1.2313888973018676,1.230505619724457,1.231234118675065,100
2026-01-09 10:15:00+00:00,1.231234118675065,1.2316922068844427,1.2311883834249249,1.2316464716343025,100
2026-01-09 10:20:00+00:00,1.2316464716343025,1.232336833571569,1.2314498164034047,1.2321401783406711,100
2026-01-09 10:25:00+00:00,1.2321401783406711,1.2329899059121974,1.231860826542323,1.2327105541138492,100
2026-01-09 10:30:00+00:00,1.2327105541138492,1.2328514140956548,1.2325330886892758,1.2326739486710814,100
2026-01-09 10:35:00+00:00,1.2326739486710814,1.2326763136491488,1.2320906015613105,1.2320929665393778,100
2026-01-09 10:40:00+00:00,1.2320929665393778,1.232162887332789,1.2313389738365297,1.2314088946299409,100
2026-01-09 10:45:00+00:00,1.2314088946299409,1.2315327098020652,1.2305834817172216,1.230707296889346,100
2026-01-09 10:50:00+00:00,1.230707296889346,1.2314380552870823,1.2305579023218798,1.231288660719616,100
2026-01-09 10:55:00+00:00,1.231288660719616,1.2313625386663707,1.230705722258771,1.2307796002055256,100
2026-01-09 11:00:00+00:00,1.2307796002055256,1.2308957952782522,1.2306783356460729,1.2307945307187995,100
2026-01-09 11:05:00+00:00,1.2307945307187995,1.2310248788164917,1.2299944845448074,1.2302248326424996,100
2026-01-09 11:10:00+00:00,1.2302248326424996,1.2302973154748138,1.229906071794254,1.2299785546265682,100
2026-01-09 11:15:00+00:00,1.2299785546265682,1.2302047688709155,1.2291966370907426,1.2294228513350898,100
2026-01-09 11:20:00+00:00,1.2294228513350898,1.229677719093223,1.2288951860918398,1.2291500538499731,100
2026-01-09 11:25:00+00:00,1.2291500538499731,1.2292098561682476,1.2287260548397636,1.2287858571580381,100
2026-01-09 11:30:00+00:00,1.2287858571580381,1.2289338122034752,1.228597667917489,1.228745622962926,100
2026-01-09 11:35:00+00:00,1.228745622962926,1.229243029154752,1.2285484950258125,1.2290459012176385,100
2026-01-09 11:40:00+00:00,1.2290459012176385,1.2295268998576618,1.2290093217906477,1.229490320430671,100
2026-01-09 11:45:00+00:00,1.229490320430671,1.2294951174875413,1.228800228562011,1.2288050256188812,100
2026-01-09 11:50:00+00:00,1.2288050256188812,1.2290035018598144,1.2283895881145623,1.2285880643554956,100
2026-01-09 11:55:00+00:00,1.2285880643554956,1.2290743881105575,1.22854181880727,1.229028142562332,100
2026-01-09 12:00:00+00:00,1.229028142562332,1.2291343319005923,1.2288952246588196,1.22900141399708,100
2026-01-09 12:05:00+00:00,1.22900141399708,1.2293962612878744,1.228982620469608,1.2293774677604024,100
2026-01-09 12:10:00+00:00,1.2293774677604024,1.2304011557938441,1.2293552400464804,1.2303789280799222,100
2026-01-09 12:15:00+00:00,1.2303789280799222,1.2308893496692257,1.230268006459928,1.2307784280492315,100
2026-01-09 12:20:00+00:00,1.2307784280492315,1.2309088112958864,1.2307521146972782,1.230882497943933,100
2026-01-09 12:25:00+00:00,1.230882497943933,1.231018418531287,1.2307753449342056,1.2309112655215595,100
2026-01-09 12:30:00+00:00,1.2309112655215595,1.2309898111418014,1.2305427382281322,1.230621283848374,100
2026-01-09 12:35:00+00:00,1.230621283848374,1.2307052135415895,1.229835446633718,1.2299193763269334,100
2026-01-09 12:40:00+00:00,1.2299193763269334,1.230013915077996,1.2291193149041877,1.2292138536552504,100
2026-01-09 12:45:00+00:00,1.2292138536552504,1.2295567028073104,1.2291726123294167,1.2295154614814767,100
2026-01-09 12:50:00+00:00,1.2295154614814767,1.229833896617549,1.2292836333834751,1.2296020685195475,100
2026-01-09 12:55:00+00:00,1.2296020685195475,1.2301283542295918,1.229381784644496,1.2299080703545404,100
2026-01-09 13:00:00+00:00,1.2299080703545404,1.2303444835661783,1.2298944952003699,1.2303309084120078,100
2026-01-09 13:05:00+00:00,1.2303309084120078,1.2303532183941623,1.2301982162904415,1.230220526272596,100
2026-01-09 13:10:00+00:00,1.230220526272596,1.2303370742307382,1.2297612478464115,1.2298777958045537,100
2026-01-09 13:15:00+00:00,1.2298777958045537,1.22995611284969,1.229763104462502,1.2298414215076383,100
2026-01-09 13:20:00+00:00,1.2298414215076383,1.2301152593129985,1.2297154904008332,1.2299893282061933,100
2026-01-09 13:25:00+00:00,1.2299893282061933,1.230464378593611,1.2299122930204565,1.230387343407874,100
2026-01-09 13:30:00+00:00,1.230387343407874,1.2303951808022093,1.2303496499074935,1.2303574873018288,100
2026-01-09 13:35:00+00:00,1.2303574873018288,1.2311501229749784,1.2302730903953971,1.2310657260685467,100
2026-01-09 13:40:00+00:00,1.2310657260685467,1.2316203568478714,1.2309538955853503,1.231508526364675,100
2026-01-09 13:45:00+00:00,1.231508526364675,1.2318183521293244,1.2313735617895833,1.2316833875542328,100
2026-01-09 13:50:00+00:00,1.2316833875542328,1.2321572931732128,1.2314730519047699,1.2319469575237498,100
2026-01-09 13:55:00+00:00,1.2319469575237498,1.2326267699289915,1.2319155308887808,1.2325953432940224,100
2026-01-09 14:00:00+00:00,1.2325953432940224,1.2330492812951042,1.2325832579572593,1.233037195958341,100
2026-01-09 14:05:00+00:00,1.233037195958341,1.2333003857869604,1.2327207681445713,1.2329839579731907,100
2026-01-09 14:10:00+00:00,1.2329839579731907,1.2330833435750688,1.2328244597040516,1.2329238453059297,100
2026-01-09 14:15:00+00:00,1.2329238453059297,1.2331444814370236,1.2328846860243694,1.2331053221554633,100
2026-01-09 14:20:00+00:00,1.2331053221554633,1.2336926983339158,1.2329385578602317,1.2335259340386842,100
2026-01-09 14:25:00+00:00,1.2335259340386842,1.233683778025273,1.232778467050522,1.2329363110371108,100
2026-01-09 14:30:00+00:00,1.2329363110371108,1.2329395661945302,1.232792193635204,1.2327954487926234,100
2026-01-09 14:35:00+00:00,1.2327954487926234,1.2329081302258313,1.2324464883474195,1.2325591697806275,100
2026-01-09 14:40:00+00:00,1.2325591697806275,1.2328331748732282,1.2324025471810733,1.232676552273674,100
2026-01-09 14:45:00+00:00,1.232676552273674,1.2327124882593266,1.2324385055017384,1.232474441487391,100
2026-01-09 14:50:00+00:00,1.232474441487391,1.2325498212028811,1.2322443094213604,1.2323196891368506,100
2026-01-09 14:55:00+00:00,1.2323196891368506,1.232517531450707,1.231589375385653,1.2317872176995095,100
2026-01-09 15:00:00+00:00,1.2317872176995095,1.232752274643304,1.2317223245305726,1.232687381474367,100
2026-01-09 15:05:00+00:00,1.232687381474367,1.2328801116178454,1.2323760435888909,1.2325687737323692,100
2026-01-09 15:10:00+00:00,1.2325687737323692,1.233297925948387,1.2321896787107436,1.2329188309267614,100
2026-01-09 15:15:00+00:00,1.2329188309267614,1.233408283759664,1.2327505083401364,1.2332399611730391,100
2026-01-09 15:20:00+00:00,1.2332399611730391,1.2339497542729534,1.2331774046138346,1.2338871977137489,100
2026-01-09 15:25:00+00:00,1.2338871977137489,1.2343947078842603,1.2338035651717372,1.2343110753422486,100
2026-01-09 15:30:00+00:00,1.2343110753422486,1.2344984722704053,1.2341764520529968,1.2343638489811535,100
2026-01-09 15:35:00+00:00,1.2343638489811535,1.235112187422879,1.2342669689452004,1.2350153073869259,100
2026-01-09 15:40:00+00:00,1.2350153073869259,1.235495148579548,1.235013181435062,1.2354930226276841,100
2026-01-09 15:45:00+00:00,1.2354930226276841,1.2364306723758327,1.2353300484614467,1.2362676982095953,100
2026-01-09 15:50:00+00:00,1.2362676982095953,1.2364601331360432,1.2358045290536197,1.2359969639800676,100
2026-01-09 15:55:00+00:00,1.2359969639800676,1.2363522318844755,1.234996957801509,1.2353522257059169,100
2026-01-09 16:00:00+00:00,1.2353522257059169,1.2356931488157927,1.2346357361986955,1.2349766593085714,100
2026-01-09 16:05:00+00:00,1.2349766593085714,1.2350922684560586,1.2345162414238355,1.2346318505713227,100
2026-01-09 16:10:00+00:00,1.2346318505713227,1.2348174976643094,1.2342273636529797,1.2344130107459663,100
2026-01-09 16:15:00+00:00,1.2344130107459663,1.2344461281137098,1.2338771917283404,1.233910309096084,100
2026-01-09 16:20:00+00:00,1.233910309096084,1.2346169403656468,1.233882158567683,1.2345887898372458,100
2026-01-09 16:25:00+00:00,1.2345887898372458,1.235279743064194,1.234326915873737,1.2350178691006852,100
2026-01-09 16:30:00+00:00,1.2350178691006852,1.2352489090710683,1.235014570776696,1.235245610747079,100
2026-01-09 16:35:00+00:00,1.235245610747079,1.23577499871445,1.235237113375909,1.23576650134328,100
2026-01-09 16:40:00+00:00,1.23576650134328,1.2363932482732627,1.2357593296324583,1.236386076562441,100
2026-01-09 16:45:00+00:00,1.236386076562441,1.2364045860343276,1.2355838936363877,1.2356024031082742,100
2026-01-09 16:50:00+00:00,1.2356024031082742,1.2357005130368692,1.2355233056101529,1.235621415538748,100
2026-01-09 16:55:00+00:00,1.235621415538748,1.2357945822377736,1.2352599542605232,1.2354331209595488,100
2026-01-09 17:00:00+00:00,1.2354331209595488,1.2357441945050494,1.2353948361829945,1.235705909728495,100
2026-01-09 17:05:00+00:00,1.235705909728495,1.2357217308810777,1.2353238721029554,1.235339693255538,100
2026-01-09 17:10:00+00:00,1.235339693255538,1.2354762699372799,1.2351525398347118,1.2352891165164537,100
2026-01-09 17:15:00+00:00,1.2352891165164537,1.2356252266019687,1.234989619331369,1.235325729416884,100
2026-01-09 17:20:00+00:00,1.235325729416884,1.235758106408462,1.23512538192481,1.235557758916388,100
2026-01-09 17:25:00+00:00,1.235557758916388,1.2361666869607106,1.2354693316366043,1.236078259680927,100
2026-01-09 17:30:00+00:00,1.236078259680927,1.236195567180726,1.2358038590546783,1.2359211665544774,100
2026-01-09 17:35:00+00:00,1.2359211665544774,1.2363211968553731,1.2359141324775293,1.236314162778425,100
2026-01-09 17:40:00+00:00,1.236314162778425,1.2364628339972707,1.235877667217521,1.2360263384363666,100
2026-01-09 17:45:00+00:00,1.2360263384363666,1.2365420436560222,1.235847849041218,1.2363635542608735,100
2026-01-09 17:50:00+00:00,1.2363635542608735,1.237060725065517,1.2362700947536858,1.2369672655583293,100
2026-01-09 17:55:00+00:00,1.2369672655583293,1.2372552211157737,1.2368964589267712,1.2371844144842157,100
2026-01-09 18:00:00+00:00,1.2371844144842157,1.237337837102416,1.2369833443576856,1.237136766975886,100
2026-01-09 18:05:00+00:00,1.237136766975886,1.2376021291886417,1.2369219053753586,1.2373872675881143,100
2026-01-09 18:10:00+00:00,1.2373872675881143,1.237690810458611,1.2372791232294431,1.2375826660999398,100
2026-01-09 18:15:00+00:00,1.2375826660999398,1.2377212549345282,1.2374949050798336,1.237633493914422,100
2026-01-09 18:20:00+00:00,1.237633493914422,1.237660231681836,1.2374312679532928,1.2374580057207067,100
2026-01-09 18:25:00+00:00,1.2374580057207067,1.237756357796978,1.237368723425864,1.237667075502135,100
2026-01-09 18:30:00+00:00,1.237667075502135,1.2377265102070218,1.2366151205882843,1.236674555293171,100
2026-01-09 18:35:00+00:00,1.236674555293171,1.2368454854305706,1.2362495448885804,1.23642047502598,100
2026-01-09 18:40:00+00:00,1.23642047502598,1.2368178674186563,1.236415070844154,1.2368124632368303,100
2026-01-09 18:45:00+00:00,1.2368124632368303,1.236902366604507,1.2365545908076825,1.2366444941753592,100
2026-01-09 18:50:00+00:00,1.2366444941753592,1.2367848084375976,1.2365283542345413,1.2366686684967798,100
2026-01-09 18:55:00+00:00,1.2366686684967798,1.2367915555928533,1.236665832864201,1.2367887199602745,100
2026-01-09 19:00:00+00:00,1.2367887199602745,1.2368880541891836,1.2367837351838482,1.2368830694127573,100
2026-01-09 19:05:00+00:00,1.2368830694127573,1.2369028224631056,1.2361163722372597,1.236136125287608,100
2026-01-09 19:10:00+00:00,1.236136125287608,1.236762450621995,1.2360427594811125,1.2366690848154995,100
2026-01-09 19:15:00+00:00,1.2366690848154995,1.2369009936093265,1.2366670247668392,1.2368989335606662,100
2026-01-09 19:20:00+00:00,1.2368989335606662,1.2372607645618106,1.2365576554798252,1.2369194864809696,100
2026-01-09 19:25:00+00:00,1.2369194864809696,1.2372255214492511,1.2367262862404687,1.2370323212087502,100
2026-01-09 19:30:00+00:00,1.2370323212087502,1.2372066939397428,1.2367266032576079,1.2369009759886005,100
2026-01-09 19:35:00+00:00,1.2369009759886005,1.2369760733421005,1.2366039320877071,1.2366790294412071,100
2026-01-09 19:40:00+00:00,1.2366790294412071,1.2372441370931995,1.2364889670750412,1.2370540747270335,100
2026-01-09 19:45:00+00:00,1.2370540747270335,1.2371921413094205,1.237024837276197,1.2371629038585839,100
2026-01-09 19:50:00+00:00,1.2371629038585839,1.2373102349672906,1.2360402636798002,1.236187594788507,100
2026-01-09 19:55:00+00:00,1.236187594788507,1.236706446183086,1.2357795277965333,1.2362983791911122,100
2026-01-09 20:00:00+00:00,1.2362983791911122,1.2368396428328141,1.2362191509687837,1.2367604146104856,100
2026-01-09 20:05:00+00:00,1.2367604146104856,1.2373282046513692,1.2367243039081053,1.2372920939489889,100
2026-01-09 20:10:00+00:00,1.2372920939489889,1.2374745672584402,1.2370319360274704,1.2372144093369217,100
2026-01-09 20:15:00+00:00,1.2372144093369217,1.2372608954162239,1.2369732317745787,1.2370197178538809,100
2026-01-09 20:20:00+00:00,1.2370197178538809,1.2378834605266464,1.2369531160313172,1.2378168587040828,100
2026-01-09 20:25:00+00:00,1.2378168587040828,1.2380375192437478,1.2371667418988355,1.2373874024385005,100
2026-01-09 20:30:00+00:00,1.2373874024385005,1.2376696421558895,1.237358522492147,1.237640762209536,100
2026-01-09 20:35:00+00:00,1.237640762209536,1.2382558476380183,1.2374651398734744,1.2380802253019567,100
2026-01-09 20:40:00+00:00,1.2380802253019567,1.2384951259038208,1.2378601091223804,1.2382750097242445,100
2026-01-09 20:45:00+00:00,1.2382750097242445,1.2391311927615847,1.2380824438713787,1.2389386269087188,100
2026-01-09 20:50:00+00:00,1.2389386269087188,1.2393252284856235,1.2389277837461086,1.2393143853230133,100
2026-01-09 20:55:00+00:00,1.2393143853230133,1.2393915128734636,1.239261227647049,1.2393383551974992,100
2026-01-09 21:00:00+00:00,1.2393383551974992,1.2394638101917548,1.239143860469811,1.2392693154640666,100
2026-01-09 21:05:00+00:00,1.2392693154640666,1.2394845168036566,1.238702373629477,1.238917574969067,100
2026-01-09 21:10:00+00:00,1.238917574969067,1.2395230847777121,1.2388501561709344,1.2394556659795795,100
2026-01-09 21:15:00+00:00,1.2394556659795795,1.239550121087128,1.2390437537419252,1.2391382088494738,100
2026-01-09 21:20:00+00:00,1.2391382088494738,1.2394730993229,1.239050015128377,1.2393849056018031,100
2026-01-09 21:25:00+00:00,1.2393849056018031,1.2394273001892784,1.2392223442892887,1.239264738876764,100
2026-01-09 21:30:00+00:00,1.239264738876764,1.2398487986771325,1.2391250619994119,1.2397091217997804,100
2026-01-09 21:35:00+00:00,1.2397091217997804,1.2405212534708372,1.2395865910360186,1.2403987227070754,100
2026-01-09 21:40:00+00:00,1.2403987227070754,1.2404740942485981,1.2403501163766832,1.240425487918206,100
2026-01-09 21:45:00+00:00,1.240425487918206,1.2411007591404692,1.2401599253425593,1.2408351965648226,100
2026-01-09 21:50:00+00:00,1.2408351965648226,1.2408606331592744,1.2407912459543364,1.2408166825487883,100
2026-01-09 21:55:00+00:00,1.2408166825487883,1.24098296945803,1.240399372455922,1.2405656593651637,100
2026-01-09 22:00:00+00:00,1.2405656593651637,1.2407516447147966,1.24014111928733,1.2403271046369628,100
2026-01-09 22:05:00+00:00,1.2403271046369628,1.2409240741681384,1.2402615603662732,1.2408585298974488,100
2026-01-09 22:10:00+00:00,1.2408585298974488,1.2409171576613056,1.240797002961246,1.2408556307251029,100
2026-01-09 22:15:00+00:00,1.2408556307251029,1.2409167717818381,1.2405421150802578,1.240603256136993,100
2026-01-09 22:20:00+00:00,1.240603256136993,1.2411243053672776,1.240528477465783,1.2410495266960675,100
2026-01-09 22:25:00+00:00,1.2410495266960675,1.2411932255979805,1.2409347700581748,1.2410784689600878,100
2026-01-09 22:30:00+00:00,1.2410784689600878,1.241113641226355,1.24096794755528,1.2410031198215472,100
2026-01-09 22:35:00+00:00,1.2410031198215472,1.2412577128024225,1.2408200023565679,1.2410745953374431,100
2026-01-09 22:40:00+00:00,1.2410745953374431,1.2411253725169853,1.2410716055042856,1.2411223826838278,100
2026-01-09 22:45:00+00:00,1.2411223826838278,1.2413794167411747,1.2410787823618732,1.24133581641922,100
2026-01-09 22:50:00+00:00,1.24133581641922,1.241428414381317,1.2412979738880705,1.2413905718501674,100
2026-01-09 22:55:00+00:00,1.2413905718501674,1.2419424181786491,1.2413029290814341,1.2418547754099158,100
2026-01-09 23:00:00+00:00,1.2418547754099158,1.2426887844532495,1.2417777785719362,1.2426117876152698,100
2026-01-09 23:05:00+00:00,1.2426117876152698,1.2428397208115118,1.242596290332457,1.242824223528699,100
2026-01-09 23:10:00+00:00,1.242824223528699,1.2432697686510175,1.2425186324773552,1.2429641775996736,100
2026-01-09 23:15:00+00:00,1.2429641775996736,1.2430378003677487,1.2429480939855833,1.2430217167536584,100
2026-01-09 23:20:00+00:00,1.2430217167536584,1.2436343063364603,1.2428110129258203,1.2434236025086223,100
2026-01-09 23:25:00+00:00,1.2434236025086223,1.2436952700843322,1.2433847774506515,1.2436564450263614,100
2026-01-09 23:30:00+00:00,1.2436564450263614,1.2444580071133782,1.2435955948261008,1.2443971569131176,100
2026-01-09 23:35:00+00:00,1.2443971569131176,1.2449010918878183,1.2443275745787143,1.244831509553415,100
2026-01-09 23:40:00+00:00,1.244831509553415,1.2454547814865486,1.2446803901452068,1.2453036620783404,100
2026-01-09 23:45:00+00:00,1.2453036620783404,1.2453476110455017,1.245199766805076,1.2452437157722374,100
2026-01-09 23:50:00+00:00,1.2452437157722374,1.2455363569655116,1.2450979413891552,1.2453905825824294,100
2026-01-09 23:55:00+00:00,1.2453905825824294,1.245944376368709,1.2451332725475999,1.2456870663338795,100
2026-01-10 00:00:00+00:00,1.2456870663338795,1.2460072110498703,1.2455595450570045,1.2458796897729953,100
2026-01-10 00:05:00+00:00,1.2458796897729953,1.2461468049610929,1.2454854592499658,1.2457525744380633,100
2026-01-10 00:10:00+00:00,1.2457525744380633,1.2465490780535387,1.2455880908659511,1.2463845944814265,100
2026-01-10 00:15:00+00:00,1.2463845944814265,1.246498602281341,1.2463305929415522,1.2464446007414667,100
2026-01-10 00:20:00+00:00,1.2464446007414667,1.2469036354752445,1.245771552266399,1.2462305870001769,100
2026-01-10 00:25:00+00:00,1.2462305870001769,1.2464395274672626,1.245814708600539,1.2460236490676246,100
2026-01-10 00:30:00+00:00,1.2460236490676246,1.2463628145256336,1.2459982420879976,1.2463374075460065,100
2026-01-10 00:35:00+00:00,1.2463374075460065,1.247082909110423,1.246248251370713,1.2469937529351294,100
2026-01-10 00:40:00+00:00,1.2469937529351294,1.247061395721265,1.2464108127765352,1.246478455562671,100
2026-01-10 00:45:00+00:00,1.246478455562671,1.2471337906358109,1.2463389262666915,1.2469942613398315,100
2026-01-10 00:50:00+00:00,1.2469942613398315,1.247191600089545,1.2469722645668337,1.2471696033165474,100
2026-01-10 00:55:00+00:00,1.2471696033165474,1.247209105754746,1.2470612646952366,1.2471007671334353,100
2026-01-10 01:00:00+00:00,1.2471007671334353,1.2472442196797042,1.2467373267211388,1.2468807792674077,100
2026-01-10 01:05:00+00:00,1.2468807792674077,1.2469321828540711,1.2467736586145493,1.2468250622012127,100
2026-01-10 01:10:00+00:00,1.2468250622012127,1.2469770441383814,1.246542539769061,1.2466945217062297,100
2026-01-10 01:15:00+00:00,1.2466945217062297,1.2469031169003422,1.2464666096571846,1.246675204851297,100
2026-01-10 01:20:00+00:00,1.246675204851297,1.2469532943219952,1.2466714106971342,1.2469495001678323,100
2026-01-10 01:25:00+00:00,1.2469495001678323,1.2474351682571847,1.2467477574993866,1.247233425588739,100
2026-01-10 01:30:00+00:00,1.247233425588739,1.2474224961739888,1.2470961447113396,1.2472852152965894,100
2026-01-10 01:35:00+00:00,1.2472852152965894,1.2475166675359637,1.2471312874666205,1.2473627397059948,100
2026-01-10 01:40:00+00:00,1.2473627397059948,1.2474326089858467,1.247160432278813,1.247230301558665,100
2026-01-10 01:45:00+00:00,1.247230301558665,1.2479465236728504,1.247028518850036,1.2477447409642215,100
2026-01-10 01:50:00+00:00,1.2477447409642215,1.2478957844226732,1.247275674586104,1.2474267180445557,100
2026-01-10 01:55:00+00:00,1.2474267180445557,1.2478266525623134,1.2473110650286872,1.2477109995464448,100
2026-01-10 02:00:00+00:00,1.2477109995464448,1.2477690592454587,1.2474243202130213,1.2474823799120351,100
2026-01-10 02:05:00+00:00,1.2474823799120351,1.2475288373734508,1.247350844317384,1.2473973017787996,100
2026-01-10 02:10:00+00:00,1.2473973017787996,1.2475801036789929,1.2473378244997497,1.247520626399943,100
2026-01-10 02:15:00+00:00,1.247520626399943,1.2479820938140587,1.247313394469603,1.2477748618837188,100
2026-01-10 02:20:00+00:00,1.2477748618837188,1.2480717644350938,1.2475637233104158,1.2478606258617908,100
2026-01-10 02:25:00+00:00,1.2478606258617908,1.248006744382196,1.247789793103487,1.2479359116238922,100
2026-01-10 02:30:00+00:00,1.2479359116238922,1.248133641532985,1.2475613855840533,1.247759115493146,100
2026-01-10 02:35:00+00:00,1.247759115493146,1.2477858718943289,1.2474644579386325,1.2474912143398154,100
2026-01-10 02:40:00+00:00,1.2474912143398154,1.2475568505790042,1.2470828251036699,1.2471484613428587,100
2026-01-10 02:45:00+00:00,1.2471484613428587,1.2473134954991834,1.2466874604518694,1.246852494608194,100
2026-01-10 02:50:00+00:00,1.246852494608194,1.2469603225328343,1.2464435992129217,1.246551427137562,100
2026-01-10 02:55:00+00:00,1.246551427137562,1.2471146527745687,1.246425336104159,1.2469885617411658,100
2026-01-10 03:00:00+00:00,1.2469885617411658,1.2470736614340507,1.2468313970650478,1.2469164967579327,100
2026-01-10 03:05:00+00:00,1.2469164967579327,1.246971006674346,1.2466432905229528,1.246697800439366,100
2026-01-10 03:10:00+00:00,1.246697800439366,1.2470010011307178,1.24660848988922,1.2469116905805717,100
2026-01-10 03:15:00+00:00,1.2469116905805717,1.2471362690461618,1.2468745581774867,1.2470991366430768,100
2026-01-10 03:20:00+00:00,1.2470991366430768,1.2472789502094812,1.2469552585188588,1.2471350720852632,100
2026-01-10 03:25:00+00:00,1.2471350720852632,1.2472796803691133,1.2468955998035054,1.2470402080873555,100
2026-01-10 03:30:00+00:00,1.2470402080873555,1.2470623059045947,1.246950371295836,1.2469724691130752,100
2026-01-10 03:35:00+00:00,1.2469724691130752,1.2474471788765418,1.2467178329599216,1.247192542723388,100
2026-01-10 03:40:00+00:00,1.247192542723388,1.2471982333917784,1.247186389772008,1.2471920804403982,100
2026-01-10 03:45:00+00:00,1.2471920804403982,1.247285365609417,1.247048283945265,1.2471415691142838,100
2026-01-10 03:50:00+00:00,1.2471415691142838,1.2475520841524705,1.2468020927906438,1.2472126078288306,100
2026-01-10 03:55:00+00:00,1.2472126078288306,1.2473135395698625,1.24697751458529,1.2470784463263218,100
2026-01-10 04:00:00+00:00,1.2470784463263218,1.2478849317060365,1.246856058522149,1.2476625439018638,100
2026-01-10 04:05:00+00:00,1.2476625439018638,1.2478121266919568,1.247538248285917,1.24768783107601,100
2026-01-10 04:10:00+00:00,1.24768783107601,1.2476948798113954,1.2472871216444883,1.2472941703798737,100
2026-01-10 04:15:00+00:00,1.2472941703798737,1.2478153668999563,1.2471861851966883,1.247707381716771,100
2026-01-10 04:20:00+00:00,1.247707381716771,1.248088176704388,1.2476682127974363,1.2480490077850535,100
2026-01-10 04:25:00+00:00,1.2480490077850535,1.24838364810055,1.2475290726799964,1.2478637129954928,100
2026-01-10 04:30:00+00:00,1.2478637129954928,1.247934772695038,1.2478356553864145,1.2479067150859597,100
2026-01-10 04:35:00+00:00,1.2479067150859597,1.2481058737273754,1.247422905362805,1.2476220640042206,100
2026-01-10 04:40:00+00:00,1.2476220640042206,1.2477411634601396,1.2475953536420665,1.2477144530979856,100
2026-01-10 04:45:00+00:00,1.2477144530979856,1.2478273646322873,1.2473718245984233,1.247484736132725,100
2026-01-10 04:50:00+00:00,1.247484736132725,1.2475229519557314,1.247317620602438,1.2473558364254442,100
2026-01-10 04:55:00+00:00,1.2473558364254442,1.2475299822068209,1.2472243729710915,1.247398518752468,100
2026-01-10 05:00:00+00:00,1.247398518752468,1.247556098224771,1.2473689218632438,1.2475265013355468,100
2026-01-10 05:05:00+00:00,1.2475265013355468,1.2476283129901864,1.2473278557519853,1.247429667406625,100
2026-01-10 05:10:00+00:00,1.247429667406625,1.2477820741778356,1.2473361786217003,1.247688585392911,100
2026-01-10 05:15:00+00:00,1.247688585392911,1.2477668787464284,1.2470286828240673,1.2471069761775848,100
2026-01-10 05:20:00+00:00,1.2471069761775848,1.24720496183182,1.2465989033714473,1.2466968890256824,100
2026-01-10 05:25:00+00:00,1.2466968890256824,1.247217082185874,1.246480217426587,1.2470004105867785,100
2026-01-10 05:30:00+00:00,1.2470004105867785,1.247151089305817,1.246167272783669,1.2463179515027076,100
2026-01-10 05:35:00+00:00,1.2463179515027076,1.2464567750969915,1.2458438282036783,1.2459826517979622,100
2026-01-10 05:40:00+00:00,1.2459826517979622,1.246006915097699,1.2456820426716655,1.2457063059714022,100
2026-01-10 05:45:00+00:00,1.2457063059714022,1.2458171855841451,1.2448530099889636,1.2449638896017066,100
2026-01-10 05:50:00+00:00,1.2449638896017066,1.2456822538001464,1.2448326304965163,1.2455509946949561,100
2026-01-10 05:55:00+00:00,1.2455509946949561,1.2457333751731958,1.2451571635190792,1.245339543997319,100
2026-01-10 06:00:00+00:00,1.245339543997319,1.2454429831957226,1.2450678842341416,1.2451713234325452,100
2026-01-10 06:05:00+00:00,1.2451713234325452,1.2452880809997688,1.244862201077295,1.2449789586445186,100
2026-01-10 06:10:00+00:00,1.2449789586445186,1.2451690119684626,1.244954441183445,1.245144494507389,100
2026-01-10 06:15:00+00:00,1.245144494507389,1.2457681989272926,1.2449773416674388,1.2456010460873423,100
2026-01-10 06:20:00+00:00,1.2456010460873423,1.245700214700473,1.2452988296916778,1.2453979983048085,100
2026-01-10 06:25:00+00:00,1.2453979983048085,1.245444240586516,1.2452901907981766,1.2453364330798842,100
2026-01-10 06:30:00+00:00,1.2453364330798842,1.2455111521995876,1.244812433481657,1.2449871526013605,100
2026-01-10 06:35:00+00:00,1.2449871526013605,1.2450206173469665,1.2447521077802377,1.2447855725258437,100
2026-01-10 06:40:00+00:00,1.2447855725258437,1.244971255883509,1.2445927179452978,1.2447784013029632,100
2026-01-10 06:45:00+00:00,1.2447784013029632,1.245047834874812,1.2445146841418921,1.2447841177137409,100
2026-01-10 06:50:00+00:00,1.2447841177137409,1.2449200962402385,1.2446704886815962,1.2448064672080938,100
2026-01-10 06:55:00+00:00,1.2448064672080938,1.2448159109202939,1.2446756700776236,1.2446851137898236,100
2026-01-10 07:00:00+00:00,1.2446851137898236,1.2449896273486878,1.2444057181448542,1.2447102317037184,100
2026-01-10 07:05:00+00:00,1.2447102317037184,1.2447944120939018,1.2442214259293483,1.2443056063195317,100
2026-01-10 07:10:00+00:00,1.2443056063195317,1.2446236917104303,1.243892392579048,1.2442104779699465,100
2026-01-10 07:15:00+00:00,1.2442104779699465,1.244378005789526,1.2436180208751366,1.243785548694716,100
2026-01-10 07:20:00+00:00,1.243785548694716,1.2442392145872216,1.2437173134818904,1.244170979374396,100
2026-01-10 07:25:00+00:00,1.244170979374396,1.244503296219505,1.2439165531328638,1.2442488699779728,100
2026-01-10 07:30:00+00:00,1.2442488699779728,1.2445196255496367,1.2441674238703488,1.2444381794420127,100
2026-01-10 07:35:00+00:00,1.2444381794420127,1.2445471051568227,1.2432628880586625,1.2433718137734724,100
2026-01-10 07:40:00+00:00,1.2433718137734724,1.244427065721676,1.242848698356419,1.2439039503046228,100
2026-01-10 07:45:00+00:00,1.2439039503046228,1.2439655255052322,1.243767874611025,1.2438294498116345,100
2026-01-10 07:50:00+00:00,1.2438294498116345,1.2438375918862952,1.2436738127580602,1.243681954832721,100
2026-01-10 07:55:00+00:00,1.243681954832721,1.243857076772486,1.2432216434026302,1.2433967653423952,100
2026-01-10 08:00:00+00:00,1.2433967653423952,1.2435639374524945,1.2430151259658493,1.2431822980759486,100
2026-01-10 08:05:00+00:00,1.2431822980759486,1.2433987482581241,1.242583860564298,1.2428003107464736,100
2026-01-10 08:10:00+00:00,1.2428003107464736,1.242977683890228,1.2424536556351682,1.2426310287789226,100
2026-01-10 08:15:00+00:00,1.2426310287789226,1.2431018802866707,1.242399087226979,1.242869938734727,100
2026-01-10 08:20:00+00:00,1.242869938734727,1.2430449107284836,1.2427563067484215,1.242931278742178,100
2026-01-10 08:25:00+00:00,1.242931278742178,1.2434768678666643,1.242776958754451,1.2433225478789374,100
2026-01-10 08:30:00+00:00,1.2433225478789374,1.244064332969557,1.2432610058554638,1.2440027909460836,100
2026-01-10 08:35:00+00:00,1.2440027909460836,1.244099447218927,1.243916292972888,1.2440129492457315,100
2026-01-10 08:40:00+00:00,1.2440129492457315,1.2441175661527326,1.2433902663085947,1.2434948832155959,100
2026-01-10 08:45:00+00:00,1.2434948832155959,1.244074160053424,1.2434492824144971,1.2440285592523253,100
2026-01-10 08:50:00+00:00,1.2440285592523253,1.2440612690429742,1.2438547802548954,1.2438874900455443,100
2026-01-10 08:55:00+00:00,1.2438874900455443,1.2444858584154952,1.2436261365866061,1.244224504956557,100
2026-01-10 09:00:00+00:00,1.244224504956557,1.2447078923761605,1.244122257995523,1.2446056454151264,100
2026-01-10 09:05:00+00:00,1.2446056454151264,1.2449490272361357,1.2445996746326153,1.2449430564536246,100
2026-01-10 09:10:00+00:00,1.2449430564536246,1.2450210538274245,1.244837809723367,1.2449158070971669,100
2026-01-10 09:15:00+00:00,1.2449158070971669,1.2450547811098975,1.2448377024662056,1.2449766764789363,100
2026-01-10 09:20:00+00:00,1.2449766764789363,1.245158456644334,1.2443216069810514,1.2445033871464493,100
2026-01-10 09:25:00+00:00,1.2445033871464493,1.2447140958686533,1.2444954364346184,1.2447061451568224,100
2026-01-10 09:30:00+00:00,1.2447061451568224,1.244872928857912,1.2444419193271932,1.2446087030282826,100
2026-01-10 09:35:00+00:00,1.2446087030282826,1.2452391424244074,1.2443272610793465,1.2449577004754713,100
2026-01-10 09:40:00+00:00,1.2449577004754713,1.2454931366774475,1.2439580151961718,1.244493451398148,100
2026-01-10 09:45:00+00:00,1.244493451398148,1.2446621373585955,1.2443657753177955,1.244534461278243,100
2026-01-10 09:50:00+00:00,1.244534461278243,1.244895306489968,1.2440180244994663,1.2443788697111913,100
2026-01-10 09:55:00+00:00,1.2443788697111913,1.2443815337433555,1.2438057567238114,1.2438084207559756,100
2026-01-10 10:00:00+00:00,1.2438084207559756,1.243924135109367,1.2436009500765868,1.2437166644299782,100
2026-01-10 10:05:00+00:00,1.2437166644299782,1.2440450202993703,1.2436297272391752,1.2439580831085673,100
2026-01-10 10:10:00+00:00,1.2439580831085673,1.2442021985936151,1.243144522594489,1.243388638079537,100
2026-01-10 10:15:00+00:00,1.243388638079537,1.2435243567793133,1.2433032953961067,1.243439014095883,100
2026-01-10 10:20:00+00:00,1.243439014095883,1.2435659003896447,1.243032768130366,1.2431596544241275,100
2026-01-10 10:25:00+00:00,1.2431596544241275,1.2433191298729074,1.2427159615475631,1.242875436996343,100
2026-01-10 10:30:00+00:00,1.242875436996343,1.242877005126475,1.2426574541654238,1.2426590222955558,100
2026-01-10 10:35:00+00:00,1.2426590222955558,1.2429503113043219,1.2425420078291027,1.2428332968378688,100
2026-01-10 10:40:00+00:00,1.2428332968378688,1.2429224412157227,1.242477256431472,1.242566400809326,100
2026-01-10 10:45:00+00:00,1.242566400809326,1.2429424123480266,1.242416447535271,1.2427924590739716,100
2026-01-10 10:50:00+00:00,1.2427924590739716,1.2433405829006823,1.2427670431690645,1.2433151669957752,100
2026-01-10 10:55:00+00:00,1.2433151669957752,1.243535333421291,1.243271151614249,1.2434913180397649,100
2026-01-10 11:00:00+00:00,1.2434913180397649,1.2439528798008337,1.2432595109751698,1.2437210727362387,100
2026-01-10 11:05:00+00:00,1.2437210727362387,1.2440892270838453,1.243712210365169,1.2440803647127756,100
2026-01-10 11:10:00+00:00,1.2440803647127756,1.2440859905826118,1.2439784702973862,1.2439840961672224,100
2026-01-10 11:15:00+00:00,1.2439840961672224,1.244129249881661,1.2437317578313898,1.2438769115458284,100
2026-01-10 11:20:00+00:00,1.2438769115458284,1.244058807105017,1.2435340298196367,1.2437159253788252,100
2026-01-10 11:25:00+00:00,1.2437159253788252,1.243853149496761,1.243499560753328,1.2436367848712637,100
2026-01-10 11:30:00+00:00,1.2436367848712637,1.243778892847497,1.2433064229584738,1.2434485309347072,100
2026-01-10 11:35:00+00:00,1.2434485309347072,1.2436119753090975,1.2428965891944552,1.2430600335688455,100
2026-01-10 11:40:00+00:00,1.2430600335688455,1.24343639368992,1.2427662631236978,1.2431426232447722,100
2026-01-10 11:45:00+00:00,1.2431426232447722,1.2434196437314302,1.2427372956225484,1.2430143161092064,100
2026-01-10 11:50:00+00:00,1.2430143161092064,1.2432530466037133,1.2429268985839614,1.2431656290784683,100
2026-01-10 11:55:00+00:00,1.2431656290784683,1.2432376401806788,1.243007612640779,1.2430796237429895,100
2026-01-10 12:00:00+00:00,1.2430796237429895,1.2433371475863364,1.243031632527246,1.2432891563705928,100
2026-01-10 12:05:00+00:00,1.2432891563705928,1.2438925478835414,1.2429864106291522,1.2435898021421008,100
2026-01-10 12:10:00+00:00,1.2435898021421008,1.2439219726472326,1.2433886028844041,1.243720773389536,100
2026-01-10 12:15:00+00:00,1.243720773389536,1.2442148310756367,1.243708005820399,1.2442020635064999,100
2026-01-10 12:20:00+00:00,1.2442020635064999,1.2442994950605364,1.2437666020744798,1.2438640336285163,100
2026-01-10 12:25:00+00:00,1.2438640336285163,1.2440385897115418,1.2431762651213603,1.2433508212043858,100
2026-01-10 12:30:00+00:00,1.2433508212043858,1.2434255145295197,1.2432875235271208,1.2433622168522547,100
2026-01-10 12:35:00+00:00,1.2433622168522547,1.243486041382868,1.2430683326614849,1.243192157192098,100
2026-01-10 12:40:00+00:00,1.243192157192098,1.2434552482665557,1.2428132501420934,1.243076341216551,100
2026-01-10 12:45:00+00:00,1.243076341216551,1.2436699151406445,1.2429598445966419,1.2435534185207353,100
2026-01-10 12:50:00+00:00,1.2435534185207353,1.2439456843442807,1.243395653487781,1.2437879193113264,100
2026-01-10 12:55:00+00:00,1.2437879193113264,1.244432532580468,1.243566868275188,1.2442114815443295,100
2026-01-10 13:00:00+00:00,1.2442114815443295,1.2442394204443008,1.2441953395526006,1.244223278452572,100
2026-01-10 13:05:00+00:00,1.244223278452572,1.2442508038162896,1.2441964541387665,1.244223979502484,100
2026-01-10 13:10:00+00:00,1.244223979502484,1.2444336498060593,1.2439583759392154,1.2441680462427906,100
2026-01-10 13:15:00+00:00,1.2441680462427906,1.244311187024953,1.2439383745396857,1.244081515321848,100
2026-01-10 13:20:00+00:00,1.244081515321848,1.2442768488032205,1.2439951667432225,1.244190500224595,100
2026-01-10 13:25:00+00:00,1.244190500224595,1.2444653073594916,1.24389921675125,1.2441740238861465,100
2026-01-10 13:30:00+00:00,1.2441740238861465,1.2443055129544065,1.2437411876049087,1.2438726766731687,100
2026-01-10 13:35:00+00:00,1.2438726766731687,1.2442520545935194,1.2438348044443557,1.2442141823647064,100
2026-01-10 13:40:00+00:00,1.2442141823647064,1.2443284121052849,1.2440065232596174,1.2441207530001959,100
2026-01-10 13:45:00+00:00,1.2441207530001959,1.2444437601716234,1.2434022490741712,1.2437252562455987,100
2026-01-10 13:50:00+00:00,1.2437252562455987,1.2439816890227988,1.2436993905786156,1.2439558233558157,100
2026-01-10 13:55:00+00:00,1.2439558233558157,1.2443212656528464,1.2437984937071893,1.24416393600422,100
2026-01-10 14:00:00+00:00,1.24416393600422,1.244302975016662,1.2433554797912911,1.2434945188037332,100
2026-01-10 14:05:00+00:00,1.2434945188037332,1.2435251822802076,1.2431547243320191,1.2431853878084935,100
2026-01-10 14:10:00+00:00,1.2431853878084935,1.2440273075333224,1.2431062148511554,1.2439481345759842,100
2026-01-10 14:15:00+00:00,1.2439481345759842,1.2445912054421833,1.243876761434402,1.244519832300601,100
2026-01-10 14:20:00+00:00,1.244519832300601,1.2446557132233123,1.244507292825964,1.2446431737486752,100
2026-01-10 14:25:00+00:00,1.2446431737486752,1.2451996442360618,1.2445425707902857,1.2450990412776723,100
2026-01-10 14:30:00+00:00,1.2450990412776723,1.2451281254501732,1.2449600994068521,1.244989183579353,100
2026-01-10 14:35:00+00:00,1.244989183579353,1.2453627395496614,1.2449536862640593,1.2453272422343677,100
2026-01-10 14:40:00+00:00,1.2453272422343677,1.245528849449927,1.245285445879453,1.2454870530950122,100
2026-01-10 14:45:00+00:00,1.2454870530950122,1.245681618334411,1.2452578277456188,1.2454523929850176,100
2026-01-10 14:50:00+00:00,1.2454523929850176,1.2455266150998432,1.2442834344592326,1.2443576565740582,100
2026-01-10 14:55:00+00:00,1.2443576565740582,1.2443703805925588,1.2439070816377764,1.243919805656277,100
2026-01-10 15:00:00+00:00,1.243919805656277,1.2440255823169324,1.243651900219017,1.2437576768796723,100
2026-01-10 15:05:00+00:00,1.2437576768796723,1.243922002743788,1.2437022888605942,1.24386661472471,100
2026-01-10 15:10:00+00:00,1.24386661472471,1.2442760043040586,1.2436739256959608,1.2440833152753095,100
2026-01-10 15:15:00+00:00,1.2440833152753095,1.2444476352684342,1.243912704358467,1.2442770243515917,100
2026-01-10 15:20:00+00:00,1.2442770243515917,1.244295925784101,1.244162218098184,1.2441811195306933,100
2026-01-10 15:25:00+00:00,1.2441811195306933,1.2441968382382071,1.2441176906259785,1.2441334093334924,100
2026-01-10 15:30:00+00:00,1.2441334093334924,1.2447240299379148,1.2440386847572036,1.244629305361626,100
2026-01-10 15:35:00+00:00,1.244629305361626,1.2447378601190051,1.2446179210540733,1.2447264758114525,100
2026-01-10 15:40:00+00:00,1.2447264758114525,1.2451647771710241,1.2446188936524065,1.2450571950119782,100
2026-01-10 15:45:00+00:00,1.2450571950119782,1.2451436762099874,1.2446222802408868,1.244708761438896,100
2026-01-10 15:50:00+00:00,1.244708761438896,1.244894774267044,1.2444238803713454,1.2446098931994933,100
2026-01-10 15:55:00+00:00,1.2446098931994933,1.2452898020344658,1.2444559645488422,1.2451358733838147,100
2026-01-10 16:00:00+00:00,1.2451358733838147,1.2452985620811372,1.2445399986701926,1.244702687367515,100
2026-01-10 16:05:00+00:00,1.244702687367515,1.2447060941679657,1.2446359996586982,1.2446394064591488,100
2026-01-10 16:10:00+00:00,1.2446394064591488,1.2451694223749128,1.2444962707537914,1.2450262866695554,100
2026-01-10 16:15:00+00:00,1.2450262866695554,1.2452230298737565,1.244660461822837,1.2448572050270381,100
2026-01-10 16:20:00+00:00,1.2448572050270381,1.245253747267458,1.2446491428854964,1.2450456851259164,100
2026-01-10 16:25:00+00:00,1.2450456851259164,1.2450670256112844,1.2447282318929596,1.2447495723783275,100
2026-01-10 16:30:00+00:00,1.2447495723783275,1.2451493102739104,1.2444898280441805,1.2448895659397634,100
2026-01-10 16:35:00+00:00,1.2448895659397634,1.2449778237038664,1.2447641526866697,1.2448524104507728,100
2026-01-10 16:40:00+00:00,1.2448524104507728,1.2449416210008384,1.244720397436218,1.2448096079862836,100
2026-01-10 16:45:00+00:00,1.2448096079862836,1.2453715226533284,1.2447877839231627,1.2453496985902075,100
2026-01-10 16:50:00+00:00,1.2453496985902075,1.2457827313822363,1.2453465779387152,1.245779610730744,100
2026-01-10 16:55:00+00:00,1.245779610730744,1.2466258757600743,1.245433173747114,1.2462794387764444,100
2026-01-10 17:00:00+00:00,1.2462794387764444,1.2465654824624643,1.2461023097193813,1.2463883534054012,100
2026-01-10 17:05:00+00:00,1.2463883534054012,1.2464826032790401,1.2461634296897606,1.2462576795633995,100
2026-01-10 17:10:00+00:00,1.2462576795633995,1.2468202547719294,1.2460759828870376,1.2466385580955675,100
2026-01-10 17:15:00+00:00,1.2466385580955675,1.247086895951897,1.2466033403847958,1.2470516782411254,100
2026-01-10 17:20:00+00:00,1.2470516782411254,1.2470762995815161,1.2470450277912764,1.247069649131667,100
2026-01-10 17:25:00+00:00,1.247069649131667,1.2475610714626626,1.2470511955108854,1.247542617841881,100
2026-01-10 17:30:00+00:00,1.247542617841881,1.247652219668336,1.2475205892855068,1.2476301911119618,100
2026-01-10 17:35:00+00:00,1.2476301911119618,1.2479652365121334,1.2475187690888312,1.2478538144890028,100
2026-01-10 17:40:00+00:00,1.2478538144890028,1.24793918791758,1.2478164023639526,1.24790177579253,100
2026-01-10 17:45:00+00:00,1.24790177579253,1.2480483228384627,1.2476342503787656,1.2477807974246984,100
2026-01-10 17:50:00+00:00,1.2477807974246984,1.2483607617567625,1.2477006144994107,1.2482805788314748,100
2026-01-10 17:55:00+00:00,1.2482805788314748,1.2485603982806612,1.2480856444722288,1.2483654639214152,100
2026-01-10 18:00:00+00:00,1.2483654639214152,1.2485585287848706,1.247863686593646,1.2480567514571015,100
2026-01-10 18:05:00+00:00,1.2480567514571015,1.2495044101240274,1.2477656609185441,1.24921331958547,100
2026-01-10 18:10:00+00:00,1.24921331958547,1.2495004838794916,1.249154130682276,1.2494412949762976,100
2026-01-10 18:15:00+00:00,1.2494412949762976,1.2498322277635494,1.2493977344896305,1.2497886672768823,100
2026-01-10 18:20:00+00:00,1.2497886672768823,1.2499407898761783,1.2491577120903887,1.2493098346896847,100
2026-01-10 18:25:00+00:00,1.2493098346896847,1.2494827329355578,1.2489257748152087,1.2490986730610818,100
2026-01-10 18:30:00+00:00,1.2490986730610818,1.249192141069498,1.2487053360301312,1.2487988040385474,100
2026-01-10 18:35:00+00:00,1.2487988040385474,1.2488644353384442,1.2486029973552446,1.2486686286551414,100
2026-01-10 18:40:00+00:00,1.2486686286551414,1.2487324969989129,1.2485341713820584,1.2485980397258298,100
2026-01-10 18:45:00+00:00,1.2485980397258298,1.2486452535946457,1.2484729913751464,1.2485202052439623,100
2026-01-10 18:50:00+00:00,1.2485202052439623,1.248559470416118,1.2484917665974469,1.2485310317696026,100
2026-01-10 18:55:00+00:00,1.2485310317696026,1.248801183834743,1.2484034452692718,1.2486735973344123,100
2026-01-10 19:00:00+00:00,1.2486735973344123,1.248966734024014,1.248662290761746,1.2489554274513477,100
2026-01-10 19:05:00+00:00,1.2489554274513477,1.2490393156709396,1.2486480378727645,1.2487319260923564,100
2026-01-10 19:10:00+00:00,1.2487319260923564,1.248881757084368,1.248674303581837,1.2488241345738487,100
2026-01-10 19:15:00+00:00,1.2488241345738487,1.2494037625253247,1.2485104806494884,1.2490901086009645,100
2026-01-10 19:20:00+00:00,1.2490901086009645,1.2498421327885731,1.248945998007134,1.2496980221947427,100
2026-01-10 19:25:00+00:00,1.2496980221947427,1.2500243372568305,1.2496639950584878,1.2499903101205756,100
2026-01-10 19:30:00+00:00,1.2499903101205756,1.2504070580555444,1.2499545170765982,1.250371265011567,100
2026-01-10 19:35:00+00:00,1.250371265011567,1.2505569091178257,1.2500612602300607,1.2502469043363194,100
2026-01-10 19:40:00+00:00,1.2502469043363194,1.250541981353955,1.2495058751806347,1.2498009521982703,100
2026-01-10 19:45:00+00:00,1.2498009521982703,1.2500702066951999,1.249269799018988,1.2495390535159177,100
2026-01-10 19:50:00+00:00,1.2495390535159177,1.2499921256387447,1.2494060030256635,1.2498590751484906,100
2026-01-10 19:55:00+00:00,1.2498590751484906,1.2498628342892006,1.2495416911125763,1.2495454502532863,100
2026-01-10 20:00:00+00:00,1.2495454502532863,1.2495659601861318,1.249018350215049,1.2490388601478943,100
2026-01-10 20:05:00+00:00,1.2490388601478943,1.2493975814012337,1.2487933935966629,1.2491521148500022,100
2026-01-10 20:10:00+00:00,1.2491521148500022,1.249629998481215,1.2490442063057494,1.2495220899369621,100
2026-01-10 20:15:00+00:00,1.2495220899369621,1.2499003200525804,1.249499243136071,1.2498774732516893,100
2026-01-10 20:20:00+00:00,1.2498774732516893,1.2499663228898141,1.2498659943446206,1.2499548439827455,100
2026-01-10 20:25:00+00:00,1.2499548439827455,1.2500010544577553,1.2498297504229559,1.2498759608979657,100
2026-01-10 20:30:00+00:00,1.2498759608979657,1.2502991417398128,1.2498649222812923,1.2502881031231394,100
2026-01-10 20:35:00+00:00,1.2502881031231394,1.2507584698994243,1.2500914237815313,1.2505617905578161,100
2026-01-10 20:40:00+00:00,1.2505617905578161,1.250815196303652,1.250240891639014,1.2504942973848499,100
2026-01-10 20:45:00+00:00,1.2504942973848499,1.251221411895835,1.2502691660001282,1.2509962805111132,100
2026-01-10 20:50:00+00:00,1.2509962805111132,1.251251645975176,1.2508837188459079,1.2511390843099706,100
2026-01-10 20:55:00+00:00,1.2511390843099706,1.2512617202160317,1.2508760706414335,1.2509987065474946,100
2026-01-10 21:00:00+00:00,1.2509987065474946,1.2516734616918983,1.2509615435906547,1.2516362987350584,100
2026-01-10 21:05:00+00:00,1.2516362987350584,1.2516889244097564,1.2512348229625452,1.2512874486372432,100
2026-01-10 21:10:00+00:00,1.2512874486372432,1.2522591664258287,1.2510070563916837,1.2519787741802693,100
2026-01-10 21:15:00+00:00,1.2519787741802693,1.2522858802928125,1.251724016900162,1.2520311230127052,100
2026-01-10 21:20:00+00:00,1.2520311230127052,1.252125047977611,1.2513253171890926,1.2514192421539982,100
2026-01-10 21:25:00+00:00,1.2514192421539982,1.2517416223092943,1.2512323700171073,1.2515547501724034,100
2026-01-10 21:30:00+00:00,1.2515547501724034,1.2522667459367742,1.2514771380170338,1.2521891337814046,100
2026-01-10 21:35:00+00:00,1.2521891337814046,1.2523589775573252,1.25215118010752,1.2523210238834406,100
2026-01-10 21:40:00+00:00,1.2523210238834406,1.252828734561361,1.2522475622636597,1.25275527294158,100
2026-01-10 21:45:00+00:00,1.25275527294158,1.2527654878802352,1.2524552956095245,1.2524655105481797,100
2026-01-10 21:50:00+00:00,1.2524655105481797,1.2526342511740014,1.2516572686076597,1.2518260092334814,100
2026-01-10 21:55:00+00:00,1.2518260092334814,1.2520909225134484,1.2516603129342345,1.2519252262142015,100
2026-01-10 22:00:00+00:00,1.2519252262142015,1.252305325430684,1.2518340240964647,1.2522141233129471,100
2026-01-10 22:05:00+00:00,1.2522141233129471,1.2523829444662733,1.2521376546674607,1.252306475820787,100
2026-01-10 22:10:00+00:00,1.252306475820787,1.2531666784370905,1.2519507429744072,1.2528109455907108,100
2026-01-10 22:15:00+00:00,1.2528109455907108,1.2528278879954702,1.2522520098571848,1.2522689522619441,100
2026-01-10 22:20:00+00:00,1.2522689522619441,1.2522975436214059,1.2519544167964718,1.2519830081559336,100
2026-01-10 22:25:00+00:00,1.2519830081559336,1.2521977132373312,1.2519048254314946,1.2521195305128923,100
2026-01-10 22:30:00+00:00,1.2521195305128923,1.252363680242808,1.2519084885680676,1.2521526382979833,100
2026-01-10 22:35:00+00:00,1.2521526382979833,1.253047591680582,1.251826988136194,1.252721941518793,100
2026-01-10 22:40:00+00:00,1.252721941518793,1.2528497452735612,1.2526874074843903,1.2528152112391586,100
2026-01-10 22:45:00+00:00,1.2528152112391586,1.2529230446836346,1.2525890925400187,1.2526969259844947,100
2026-01-10 22:50:00+00:00,1.2526969259844947,1.2529023141296924,1.252632594879241,1.2528379830244387,100
2026-01-10 22:55:00+00:00,1.2528379830244387,1.2530743122966213,1.2526865700083343,1.2529228992805168,100
2026-01-10 23:00:00+00:00,1.2529228992805168,1.2530813032106083,1.252767218279273,1.2529256222093645,100
2026-01-10 23:05:00+00:00,1.2529256222093645,1.2531808169582686,1.252809767378802,1.253064962127706,100
2026-01-10 23:10:00+00:00,1.253064962127706,1.2533363423678734,1.2530377629463665,1.253309143186534,100
2026-01-10 23:15:00+00:00,1.253309143186534,1.253679709015278,1.25311287437394,1.253483440202684,100
2026-01-10 23:20:00+00:00,1.253483440202684,1.253554344360573,1.253148403657081,1.25321930781497,100
2026-01-10 23:25:00+00:00,1.25321930781497,1.2534328901448155,1.2523991955401226,1.252612777869968,100
2026-01-10 23:30:00+00:00,1.252612777869968,1.253252680601277,1.252394157249157,1.253034059980466,100
2026-01-10 23:35:00+00:00,1.253034059980466,1.2530920828941388,1.2526248588295654,1.2526828817432383,100
2026-01-10 23:40:00+00:00,1.2526828817432383,1.2526859947673519,1.2523234446591347,1.2523265576832483,100
2026-01-10 23:45:00+00:00,1.2523265576832483,1.2524633108416465,1.2519720243278027,1.252108777486201,100
2026-01-10 23:50:00+00:00,1.252108777486201,1.252146935063437,1.2515110279556787,1.2515491855329148,100
2026-01-10 23:55:00+00:00,1.2515491855329148,1.2516216807667375,1.250865998902146,1.2509384941359687,100
2026-01-11 00:00:00+00:00,1.2509384941359687,1.2509815654419327,1.2505783990932364,1.2506214703992005,100
2026-01-11 00:05:00+00:00,1.2506214703992005,1.2507044980979551,1.250470906815684,1.2505539345144387,100
2026-01-11 00:10:00+00:00,1.2505539345144387,1.2509017941607576,1.2505464821805408,1.2508943418268597,100
2026-01-11 00:15:00+00:00,1.2508943418268597,1.2509765234832173,1.2508622487673333,1.250944430423691,100
2026-01-11 00:20:00+00:00,1.250944430423691,1.2511198510156554,1.2504876175657778,1.2506630381577422,100
2026-01-11 00:25:00+00:00,1.2506630381577422,1.250803189767601,1.250624017531396,1.250764169141255,100
2026-01-11 00:30:00+00:00,1.250764169141255,1.251538110199856,1.2505007535349024,1.2512746945935034,100
2026-01-11 00:35:00+00:00,1.2512746945935034,1.251522554795502,1.2510455920569814,1.25129345225898,100
2026-01-11 00:40:00+00:00,1.25129345225898,1.2514845330458793,1.2511921905620338,1.251383271348933,100
2026-01-11 00:45:00+00:00,1.251383271348933,1.2518368149632202,1.251254604577085,1.251708148191372,100
2026-01-11 00:50:00+00:00,1.251708148191372,1.2518892579397642,1.2514390830871336,1.2516201928355257,100
2026-01-11 00:55:00+00:00,1.2516201928355257,1.2517758395442566,1.2509524437449326,1.2511080904536636,100
2026-01-11 01:00:00+00:00,1.2511080904536636,1.2514623459145893,1.251090598599286,1.2514448540602117,100
2026-01-11 01:05:00+00:00,1.2514448540602117,1.2521344299702395,1.2512218193414566,1.2519113952514844,100
2026-01-11 01:10:00+00:00,1.2519113952514844,1.2522103952596955,1.2518277331517758,1.2521267331599868,100
2026-01-11 01:15:00+00:00,1.2521267331599868,1.2521946994751225,1.2519397023460133,1.252007668661149,100
2026-01-11 01:20:00+00:00,1.252007668661149,1.2527682157607767,1.251968829296163,1.2527293763957907,100
2026-01-11 01:25:00+00:00,1.2527293763957907,1.2527455490827561,1.2526187677885823,1.2526349404755477,100
2026-01-11 01:30:00+00:00,1.2526349404755477,1.2527368559190655,1.2524642150364946,1.2525661304800124,100
2026-01-11 01:35:00+00:00,1.2525661304800124,1.2526107600868979,1.2521297034041567,1.2521743330110422,100
2026-01-11 01:40:00+00:00,1.2521743330110422,1.2524184361914237,1.25200372633981,1.2522478295201915,100
2026-01-11 01:45:00+00:00,1.2522478295201915,1.2526412498294028,1.2522208490020503,1.2526142693112616,100
2026-01-11 01:50:00+00:00,1.2526142693112616,1.2529801241800653,1.2523213681910594,1.2526872230598631,100
2026-01-11 01:55:00+00:00,1.2526872230598631,1.253757752196253,1.2524332647478484,1.2535037938842384,100
2026-01-11 02:00:00+00:00,1.2535037938842384,1.2536055017200534,1.253445585282524,1.253547293118339,100
2026-01-11 02:05:00+00:00,1.253547293118339,1.2537544068226694,1.2534164537279966,1.253623567432327,100
2026-01-11 02:10:00+00:00,1.253623567432327,1.2542267591587135,1.253380932479907,1.2539841242062935,100
2026-01-11 02:15:00+00:00,1.2539841242062935,1.2546397366744222,1.2538231482729336,1.2544787607410623,100
2026-01-11 02:20:00+00:00,1.2544787607410623,1.2551100104118795,1.2543747437346877,1.255005993405505,100
2026-01-11 02:25:00+00:00,1.255005993405505,1.2554921100520262,1.2549595671107268,1.255445683757248,100
2026-01-11 02:30:00+00:00,1.255445683757248,1.2560355963361685,1.2552522476510717,1.255842160229992,100
2026-01-11 02:35:00+00:00,1.255842160229992,1.2569215491729375,1.2557266266306955,1.256806015573641,100
2026-01-11 02:40:00+00:00,1.256806015573641,1.2568956718095758,1.2561793762473432,1.2562690324832781,100
2026-01-11 02:45:00+00:00,1.2562690324832781,1.2569113594671992,1.256255565564367,1.256897892548288,100
2026-01-11 02:50:00+00:00,1.256897892548288,1.257046115443794,1.2562847790574723,1.2564330019529781,100
2026-01-11 02:55:00+00:00,1.2564330019529781,1.2566324571475944,1.256082690294288,1.2562821454889044,100
2026-01-11 03:00:00+00:00,1.2562821454889044,1.2564708544807486,1.255623982556963,1.2558126915488073,100
2026-01-11 03:05:00+00:00,1.2558126915488073,1.2559878563925109,1.2555229287757415,1.255698093619445,100
2026-01-11 03:10:00+00:00,1.255698093619445,1.2562431965529017,1.2555851853921396,1.2561302883255963,100
2026-01-11 03:15:00+00:00,1.2561302883255963,1.2561422644430715,1.2556764534189802,1.2556884295364554,100
2026-01-11 03:20:00+00:00,1.2556884295364554,1.2560381854704044,1.2556366337044764,1.2559863896384253,100
2026-01-11 03:25:00+00:00,1.2559863896384253,1.2565436369299368,1.2558559541194079,1.2564132014109193,100
2026-01-11 03:30:00+00:00,1.2564132014109193,1.2565988528123966,1.2561041599047833,1.2562898113062606,100
2026-01-11 03:35:00+00:00,1.2562898113062606,1.2565308488227385,1.256123241039572,1.2563642785560498,100
2026-01-11 03:40:00+00:00,1.2563642785560498,1.2564019941512121,1.256114542202863,1.2561522577980253,100
2026-01-11 03:45:00+00:00,1.2561522577980253,1.2563828951019114,1.2558184598102982,1.2560490971141842,100
2026-01-11 03:50:00+00:00,1.2560490971141842,1.2561804829551848,1.255951160447291,1.2560825462882916,100
2026-01-11 03:55:00+00:00,1.2560825462882916,1.2565503748819653,1.2558780784676067,1.2563459070612804,100
2026-01-11 04:00:00+00:00,1.2563459070612804,1.2565720566481162,1.2561575685723672,1.256383718159203,100
2026-01-11 04:05:00+00:00,1.256383718159203,1.2564461123102033,1.2563641092017923,1.2564265033527926,100
2026-01-11 04:10:00+00:00,1.2564265033527926,1.2566282901666463,1.2563638299374091,1.2565656167512629,100
2026-01-11 04:15:00+00:00,1.2565656167512629,1.256934495135739,1.2562225448080897,1.256591423192566,100
2026-01-11 04:20:00+00:00,1.256591423192566,1.2566172519732182,1.2563305287646311,1.2563563575452834,100
2026-01-11 04:25:00+00:00,1.2563563575452834,1.2567129970106223,1.25542023450587,1.255776873971209,100
2026-01-11 04:30:00+00:00,1.255776873971209,1.2558881008238383,1.2553060557982525,1.2554172826508818,100
2026-01-11 04:35:00+00:00,1.2554172826508818,1.2555145817955993,1.2548152651131266,1.254912564257844,100
2026-01-11 04:40:00+00:00,1.254912564257844,1.25538131456742,1.254803494802423,1.2552722451119989,100
2026-01-11 04:45:00+00:00,1.2552722451119989,1.2553016204830567,1.2551039590841409,1.2551333344551987,100
2026-01-11 04:50:00+00:00,1.2551333344551987,1.2554347694980972,1.2549732579884296,1.255274693031328,100
2026-01-11 04:55:00+00:00,1.255274693031328,1.255669401284458,1.2550930838571435,1.2554877921102734,100
2026-01-11 05:00:00+00:00,1.2554877921102734,1.2561380390941184,1.255390220714773,1.2560404676986179,100
2026-01-11 05:05:00+00:00,1.2560404676986179,1.2560888865907014,1.2558747219953006,1.255923140887384,100
2026-01-11 05:10:00+00:00,1.255923140887384,1.2563344643201428,1.2558667875620835,1.2562781109948422,100
2026-01-11 05:15:00+00:00,1.2562781109948422,1.2564346091141152,1.255682360688047,1.25583885880732,100
2026-01-11 05:20:00+00:00,1.25583885880732,1.256283552145357,1.255783611964683,1.2562283053027201,100
2026-01-11 05:25:00+00:00,1.2562283053027201,1.256410625475148,1.2558802408090657,1.2560625609814935,100
2026-01-11 05:30:00+00:00,1.2560625609814935,1.2566929303400314,1.2559844505529136,1.2566148199114515,100
2026-01-11 05:35:00+00:00,1.2566148199114515,1.2566263455271092,1.2561233857825005,1.2561349113981581,100
2026-01-11 05:40:00+00:00,1.2561349113981581,1.2569121223708848,1.2560998337108347,1.2568770446835613,100
2026-01-11 05:45:00+00:00,1.2568770446835613,1.2571179497328764,1.256095209341177,1.256336114390492,100
2026-01-11 05:50:00+00:00,1.256336114390492,1.2568381553251133,1.2562779226219865,1.2567799635566077,100
2026-01-11 05:55:00+00:00,1.2567799635566077,1.257074372075124,1.2566445078190107,1.256938916337527,100
2026-01-11 06:00:00+00:00,1.256938916337527,1.2570480974854792,1.256709273231553,1.2568184543795051,100
2026-01-11 06:05:00+00:00,1.2568184543795051,1.2569328174263676,1.2564174264444372,1.2565317894912997,100
2026-01-11 06:10:00+00:00,1.2565317894912997,1.257269419479772,1.2563128017044605,1.2570504316929327,100
2026-01-11 06:15:00+00:00,1.2570504316929327,1.2573132019042785,1.2568843265822858,1.2571470967936316,100
2026-01-11 06:20:00+00:00,1.2571470967936316,1.2574110300584445,1.2571160163820867,1.2573799496468996,100
2026-01-11 06:25:00+00:00,1.2573799496468996,1.2573958513146308,1.2572916973904176,1.2573075990581488,100
2026-01-11 06:30:00+00:00,1.2573075990581488,1.2575209841165642,1.2572012561481518,1.2574146412065672,100
2026-01-11 06:35:00+00:00,1.2574146412065672,1.2575285676187715,1.257061883604908,1.2571758100171122,100
2026-01-11 06:40:00+00:00,1.2571758100171122,1.2571980040220498,1.2566892334244435,1.2567114274293811,100
2026-01-11 06:45:00+00:00,1.2567114274293811,1.2574752975744612,1.2564360847260025,1.2571999548710826,100
2026-01-11 06:50:00+00:00,1.2571999548710826,1.2574187557592411,1.2568416946882883,1.2570604955764468,100
2026-01-11 06:55:00+00:00,1.2570604955764468,1.2573491490970075,1.2565380876969119,1.2568267412174725,100
2026-01-11 07:00:00+00:00,1.2568267412174725,1.2573152377094308,1.2567966061219062,1.2572851026138645,100
2026-01-11 07:05:00+00:00,1.2572851026138645,1.2573867158860574,1.2568056637579685,1.2569072770301615,100
2026-01-11 07:10:00+00:00,1.2569072770301615,1.2571915968550944,1.2566113930545497,1.2568957128794827,100
2026-01-11 07:15:00+00:00,1.2568957128794827,1.2569880861284322,1.2567726002715218,1.2568649735204713,100
2026-01-11 07:20:00+00:00,1.2568649735204713,1.2571311659133555,1.256814963350597,1.2570811557434811,100
2026-01-11 07:25:00+00:00,1.2570811557434811,1.2572106810046382,1.2568844426591435,1.2570139679203005,100
2026-01-11 07:30:00+00:00,1.2570139679203005,1.2574327922018234,1.2569625926075094,1.2573814168890323,100
2026-01-11 07:35:00+00:00,1.2573814168890323,1.2575292827535456,1.2573230511101197,1.257470916974633,100
2026-01-11 07:40:00+00:00,1.257470916974633,1.25770196946998,1.2574210341433425,1.2576520866386895,100
2026-01-11 07:45:00+00:00,1.2576520866386895,1.2576723557576177,1.2571349666470475,1.2571552357659757,100
2026-01-11 07:50:00+00:00,1.2571552357659757,1.2576958254010884,1.2571234414866306,1.2576640311217433,100
2026-01-11 07:55:00+00:00,1.2576640311217433,1.2578184356186406,1.2574443532338129,1.2575987577307102,100
2026-01-11 08:00:00+00:00,1.2575987577307102,1.2577112334606535,1.2574680058438985,1.2575804815738418,100
2026-01-11 08:05:00+00:00,1.2575804815738418,1.2576104174480405,1.2570901920908417,1.2571201279650404,100
2026-01-11 08:10:00+00:00,1.2571201279650404,1.2577271799831176,1.2569727128032662,1.2575797648213434,100
2026-01-11 08:15:00+00:00,1.2575797648213434,1.2576811377430992,1.2572178044443605,1.2573191773661163,100
2026-01-11 08:20:00+00:00,1.2573191773661163,1.257519398167959,1.2565867161004645,1.2567869369023073,100
2026-01-11 08:25:00+00:00,1.2567869369023073,1.2568688626427746,1.2563734656266137,1.256455391367081,100
2026-01-11 08:30:00+00:00,1.256455391367081,1.256804735031271,1.2563100901213269,1.2566594337855168,100
2026-01-11 08:35:00+00:00,1.2566594337855168,1.2570475350686698,1.256401773507491,1.256789874790644,100
2026-01-11 08:40:00+00:00,1.256789874790644,1.257110018624131,1.2565443425749303,1.2568644864084173,100
2026-01-11 08:45:00+00:00,1.2568644864084173,1.2569128774658715,1.256601170832881,1.2566495618903353,100
2026-01-11 08:50:00+00:00,1.2566495618903353,1.256666521518011,1.2560392096567563,1.256056169284432,100
2026-01-11 08:55:00+00:00,1.256056169284432,1.2563851657221836,1.2558559990024585,1.25618499544021,100
2026-01-11 09:00:00+00:00,1.25618499544021,1.256410241222059,1.2560263980885937,1.2562516438704427,100
2026-01-11 09:05:00+00:00,1.2562516438704427,1.2566128192173245,1.2562285263847042,1.256589701731586,100
2026-01-11 09:10:00+00:00,1.256589701731586,1.2567346126886871,1.256348520852963,1.2564934318100642,100
2026-01-11 09:15:00+00:00,1.2564934318100642,1.256516283592016,1.2563381692352062,1.256361021017158,100
2026-01-11 09:20:00+00:00,1.256361021017158,1.2566654109795876,1.2562478544445628,1.2565522444069923,100
2026-01-11 09:25:00+00:00,1.2565522444069923,1.2567343092891212,1.2561637308902898,1.2563457957724187,100
2026-01-11 09:30:00+00:00,1.2563457957724187,1.2571035168146307,1.2561486754914883,1.2569063965337004,100
2026-01-11 09:35:00+00:00,1.2569063965337004,1.257148701886686,1.2559244998053265,1.2561668051583121,100
2026-01-11 09:40:00+00:00,1.2561668051583121,1.2563291413325455,1.2557107484922507,1.255873084666484,100
2026-01-11 09:45:00+00:00,1.255873084666484,1.256539903750531,1.2558467615619924,1.2565135806460392,100
2026-01-11 09:50:00+00:00,1.2565135806460392,1.257587581830684,1.256386723172548,1.257460724357193,100
2026-01-11 09:55:00+00:00,1.257460724357193,1.2574800029239221,1.257408823114517,1.2574281016812463,100
2026-01-11 10:00:00+00:00,1.2574281016812463,1.257466003110755,1.257186393570313,1.2572242949998216,100
2026-01-11 10:05:00+00:00,1.2572242949998216,1.2574238292910285,1.2567373709293441,1.256936905220551,100
2026-01-11 10:10:00+00:00,1.256936905220551,1.257051122215202,1.2568760046640244,1.2569902216586755,100
2026-01-11 10:15:00+00:00,1.2569902216586755,1.2571149437430746,1.2569881819561968,1.257112904040596,100
2026-01-11 10:20:00+00:00,1.257112904040596,1.2573524750923868,1.2568880202209545,1.2571275912727453,100
2026-01-11 10:25:00+00:00,1.2571275912727453,1.2574439377710656,1.2567128251875943,1.2570291716859145,100
2026-01-11 10:30:00+00:00,1.2570291716859145,1.2571622205389594,1.2569111527389716,1.2570442015920165,100
2026-01-11 10:35:00+00:00,1.2570442015920165,1.257255101914662,1.2569630679888568,1.2571739683115024,100
2026-01-11 10:40:00+00:00,1.2571739683115024,1.2572230384381002,1.2566848786453346,1.2567339487719325,100
2026-01-11 10:45:00+00:00,1.2567339487719325,1.2570695264604343,1.2567316936399724,1.2570672713284743,100
2026-01-11 10:50:00+00:00,1.2570672713284743,1.257295620110016,1.2565645090803375,1.2567928578618792,100
2026-01-11 10:55:00+00:00,1.2567928578618792,1.2569306343061553,1.256049505317617,1.256187281761893,100
2026-01-11 11:00:00+00:00,1.256187281761893,1.2565037776306671,1.2559279674229955,1.2562444632917695,100
2026-01-11 11:05:00+00:00,1.2562444632917695,1.2564335890083322,1.255567043625205,1.2557561693417678,100
2026-01-11 11:10:00+00:00,1.2557561693417678,1.2562083150890404,1.2557142212823011,1.2561663670295737,100
2026-01-11 11:15:00+00:00,1.2561663670295737,1.2567022305431155,1.2559174889215563,1.256453352435098,100
2026-01-11 11:20:00+00:00,1.256453352435098,1.2565429162019113,1.2562149046475466,1.2563044684143598,100
2026-01-11 11:25:00+00:00,1.2563044684143598,1.256658478247269,1.2562360142177997,1.2565900240507089,100
2026-01-11 11:30:00+00:00,1.2565900240507089,1.2566288049597973,1.2563548951305168,1.2563936760396053,100
2026-01-11 11:35:00+00:00,1.2563936760396053,1.2564861378748262,1.2557805170627072,1.2558729788979281,100
2026-01-11 11:40:00+00:00,1.2558729788979281,1.2559117450320985,1.2557247221711043,1.2557634883052746,100
2026-01-11 11:45:00+00:00,1.2557634883052746,1.2562445018880686,1.2556560264862164,1.2561370400690104,100
2026-01-11 11:50:00+00:00,1.2561370400690104,1.2563463290003065,1.2560105864683189,1.256219875399615,100
2026-01-11 11:55:00+00:00,1.256219875399615,1.2564899898855895,1.2556078289982753,1.2558779434842497,100
2026-01-11 12:00:00+00:00,1.2558779434842497,1.2562268155017755,1.2558028944392052,1.256151766456731,100
2026-01-11 12:05:00+00:00,1.256151766456731,1.257128239177824,1.255973427393908,1.256949900115001,100
2026-01-11 12:10:00+00:00,1.256949900115001,1.257085229904123,1.2564951764051835,1.2566305061943055,100
2026-01-11 12:15:00+00:00,1.2566305061943055,1.2568474194606682,1.2564999752120554,1.2567168884784181,100
2026-01-11 12:20:00+00:00,1.2567168884784181,1.256737631171991,1.2558570063765617,1.2558777490701347,100
2026-01-11 12:25:00+00:00,1.2558777490701347,1.2561401293986472,1.2552868830480461,1.2555492633765586,100
2026-01-11 12:30:00+00:00,1.2555492633765586,1.255687253126517,1.2550746463801297,1.2552126361300882,100
2026-01-11 12:35:00+00:00,1.2552126361300882,1.255389296340365,1.255077327959183,1.2552539881694598,100
2026-01-11 12:40:00+00:00,1.2552539881694598,1.2554581480987097,1.2546727319781403,1.2548768919073903,100
2026-01-11 12:45:00+00:00,1.2548768919073903,1.2551741540514119,1.2547934696472742,1.2550907317912958,100
2026-01-11 12:50:00+00:00,1.2550907317912958,1.25523600852571,1.2546042630991225,1.2547495398335367,100
2026-01-11 12:55:00+00:00,1.2547495398335367,1.2547685976437912,1.2542389278715305,1.254257985681785,100
2026-01-11 13:00:00+00:00,1.254257985681785,1.2546485838884258,1.2542578367231845,1.2546484349298253,100
2026-01-11 13:05:00+00:00,1.2546484349298253,1.2547825901404337,1.2544410966614812,1.2545752518720896,100
2026-01-11 13:10:00+00:00,1.2545752518720896,1.25475073460177,1.254548237446041,1.2547237201757213,100
2026-01-11 13:15:00+00:00,1.2547237201757213,1.2549091753136825,1.2546355913346092,1.2548210464725704,100
2026-01-11 13:20:00+00:00,1.2548210464725704,1.2552737927964353,1.2547427504697881,1.255195496793653,100
2026-01-11 13:25:00+00:00,1.255195496793653,1.2551959682072822,1.2551411392965433,1.2551416107101725,100
2026-01-11 13:30:00+00:00,1.2551416107101725,1.2554487186914696,1.254152481743832,1.2544595897251292,100
2026-01-11 13:35:00+00:00,1.2544595897251292,1.2546308053915878,1.2540865779430463,1.254257793609505,100
2026-01-11 13:40:00+00:00,1.254257793609505,1.2547276676044106,1.254030788653686,1.2545006626485915,100
2026-01-11 13:45:00+00:00,1.2545006626485915,1.2546022958771759,1.2544891332153605,1.2545907664439448,100
2026-01-11 13:50:00+00:00,1.2545907664439448,1.2546791248238172,1.2543160152433135,1.2544043736231858,100
2026-01-11 13:55:00+00:00,1.2544043736231858,1.254899490111805,1.254136975727063,1.2546320922156822,100
2026-01-11 14:00:00+00:00,1.2546320922156822,1.2548166318873017,1.2545022775797938,1.2546868172514134,100
2026-01-11 14:05:00+00:00,1.2546868172514134,1.254874363483267,1.2546540625871772,1.2548416088190308,100
2026-01-11 14:10:00+00:00,1.2548416088190308,1.25498645139446,1.2545359356851824,1.2546807782606115,100
2026-01-11 14:15:00+00:00,1.2546807782606115,1.2548622490309311,1.2542200209375616,1.2544014917078812,100
2026-01-11 14:20:00+00:00,1.2544014917078812,1.2544529181141078,1.254223264145155,1.2542746905513815,100
2026-01-11 14:25:00+00:00,1.2542746905513815,1.2544221005635765,1.2536441807843843,1.2537915907965793,100
2026-01-11 14:30:00+00:00,1.2537915907965793,1.254102009065594,1.2537735011283184,1.2540839193973332,100
2026-01-11 14:35:00+00:00,1.2540839193973332,1.2542459946864557,1.253823639405079,1.2539857146942015,100
2026-01-11 14:40:00+00:00,1.2539857146942015,1.2540234729608535,1.2535082952968832,1.2535460535635352,100
2026-01-11 14:45:00+00:00,1.2535460535635352,1.2540934713794523,1.25333363622788,1.253881054043797,100
2026-01-11 14:50:00+00:00,1.253881054043797,1.254053673759045,1.2537864674344468,1.2539590871496948,100
2026-01-11 14:55:00+00:00,1.2539590871496948,1.2541654266773852,1.2533166873837929,1.2535230269114832,100
2026-01-11 15:00:00+00:00,1.2535230269114832,1.2537370586038434,1.2523854585301877,1.252599490222548,100
2026-01-11 15:05:00+00:00,1.252599490222548,1.2530147677363288,1.2523577513733424,1.2527730288871233,100
2026-01-11 15:10:00+00:00,1.2527730288871233,1.2530688461275221,1.2526386551223618,1.2529344723627607,100
2026-01-11 15:15:00+00:00,1.2529344723627607,1.252950313570765,1.2528335682014686,1.2528494094094729,100
2026-01-11 15:20:00+00:00,1.2528494094094729,1.2529811533130242,1.2526076935447492,1.2527394374483005,100
2026-01-11 15:25:00+00:00,1.2527394374483005,1.253381817612432,1.2524207796739586,1.2530631598380901,100
2026-01-11 15:30:00+00:00,1.2530631598380901,1.253335519724603,1.2530076136755,1.2532799735620128,100
2026-01-11 15:35:00+00:00,1.2532799735620128,1.253330524450277,1.2530833392993364,1.2531338901876006,100
2026-01-11 15:40:00+00:00,1.2531338901876006,1.2537726985918745,1.253098110927468,1.2537369193317418,100
2026-01-11 15:45:00+00:00,1.2537369193317418,1.2538762112268895,1.2537258227289254,1.2538651146240731,100
2026-01-11 15:50:00+00:00,1.2538651146240731,1.2539872032430415,1.2530670043926313,1.2531890930115996,100
2026-01-11 15:55:00+00:00,1.2531890930115996,1.2534141354383026,1.2529214936916353,1.2531465361183383,100
2026-01-11 16:00:00+00:00,1.2531465361183383,1.2535505790036363,1.253035529888107,1.2534395727734051,100
2026-01-11 16:05:00+00:00,1.2534395727734051,1.2535085268314168,1.2531258838534012,1.2531948379114128,100
2026-01-11 16:10:00+00:00,1.2531948379114128,1.2532237832858888,1.2528190505936936,1.2528479959681695,100
2026-01-11 16:15:00+00:00,1.2528479959681695,1.2532914082183473,1.252805585701315,1.2532489979514927,100
2026-01-11 16:20:00+00:00,1.2532489979514927,1.2534200779585738,1.2526859273534836,1.2528570073605647,100
2026-01-11 16:25:00+00:00,1.2528570073605647,1.2530345353634351,1.2528515309151784,1.2530290589180488,100
2026-01-11 16:30:00+00:00,1.2530290589180488,1.253417911491479,1.252876170694931,1.253265023268361,100
2026-01-11 16:35:00+00:00,1.253265023268361,1.2535290166268944,1.2530774615526556,1.253341454911189,100
2026-01-11 16:40:00+00:00,1.253341454911189,1.2534863461934187,1.253255057078895,1.2533999483611247,100
2026-01-11 16:45:00+00:00,1.2533999483611247,1.2534964463384486,1.2533845489055446,1.2534810468828685,100
2026-01-11 16:50:00+00:00,1.2534810468828685,1.2536050148921545,1.2529715202710594,1.2530954882803453,100
2026-01-11 16:55:00+00:00,1.2530954882803453,1.25316956117111,1.2526068310041378,1.2526809038949025,100
2026-01-11 17:00:00+00:00,1.2526809038949025,1.2529565108676834,1.2526670159433162,1.2529426229160971,100
2026-01-11 17:05:00+00:00,1.2529426229160971,1.2531879918519726,1.252771793893579,1.2530171628294544,100
2026-01-11 17:10:00+00:00,1.2530171628294544,1.253247819906787,1.2522903948431385,1.252521051920471,100
2026-01-11 17:15:00+00:00,1.252521051920471,1.2527478776530798,1.2522973469161807,1.2525241726487895,100
2026-01-11 17:20:00+00:00,1.2525241726487895,1.2528888214894003,1.2524449056958813,1.2528095545364921,100
2026-01-11 17:25:00+00:00,1.2528095545364921,1.2529635167694027,1.2523124951849927,1.2524664574179032,100
2026-01-11 17:30:00+00:00,1.2524664574179032,1.2528065949929332,1.2523771702492879,1.252717307824318,100
2026-01-11 17:35:00+00:00,1.252717307824318,1.2538007425224558,1.2525201616416857,1.2536035963398235,100
2026-01-11 17:40:00+00:00,1.2536035963398235,1.2536394539621345,1.253053323218173,1.253089180840484,100
2026-01-11 17:45:00+00:00,1.253089180840484,1.253221284790199,1.2528304759329087,1.2529625798826236,100
2026-01-11 17:50:00+00:00,1.2529625798826236,1.2531506450092562,1.2527495288484054,1.252937593975038,100
2026-01-11 17:55:00+00:00,1.252937593975038,1.2535624682877287,1.2528529341118806,1.2534778084245712,100
2026-01-11 18:00:00+00:00,1.2534778084245712,1.2537772195247123,1.2533024060525235,1.2536018171526646,100
2026-01-11 18:05:00+00:00,1.2536018171526646,1.2540891677514854,1.2534857354138047,1.2539730860126255,100
2026-01-11 18:10:00+00:00,1.2539730860126255,1.2541178901138401,1.25306045409944,1.2532052582006545,100
2026-01-11 18:15:00+00:00,1.2532052582006545,1.25329787982864,1.2528768830970467,1.2529695047250322,100
2026-01-11 18:20:00+00:00,1.2529695047250322,1.2531015066248794,1.2529264030224665,1.2530584049223137,100
2026-01-11 18:25:00+00:00,1.2530584049223137,1.2531955791216054,1.252561761978251,1.2526989361775427,100
2026-01-11 18:30:00+00:00,1.2526989361775427,1.2528209285417031,1.252333594678036,1.2524555870421965,100
2026-01-11 18:35:00+00:00,1.2524555870421965,1.252943123133546,1.2519944865082728,1.2524820225996223,100
2026-01-11 18:40:00+00:00,1.2524820225996223,1.253112861649776,1.252353997211756,1.2529848362619098,100
2026-01-11 18:45:00+00:00,1.2529848362619098,1.253751625090172,1.2528030874430203,1.2535698762712824,100
2026-01-11 18:50:00+00:00,1.2535698762712824,1.2538752039816747,1.2535201992774376,1.25382552698783,100
2026-01-11 18:55:00+00:00,1.25382552698783,1.2542618423320813,1.253760740803552,1.2541970561478033,100
2026-01-11 19:00:00+00:00,1.2541970561478033,1.2543529760351027,1.2541307592100164,1.2542866790973157,100
2026-01-11 19:05:00+00:00,1.2542866790973157,1.2545450279265,1.2539422728190055,1.2542006216481898,100
2026-01-11 19:10:00+00:00,1.2542006216481898,1.2546213018157693,1.254067005561853,1.2544876857294325,100
2026-01-11 19:15:00+00:00,1.2544876857294325,1.254716588118968,1.2541813326388638,1.2544102350283992,100
2026-01-11 19:20:00+00:00,1.2544102350283992,1.2546796813446015,1.2537256427953711,1.2539950891115734,100
2026-01-11 19:25:00+00:00,1.2539950891115734,1.2543328451020468,1.253981257717599,1.2543190137080724,100
2026-01-11 19:30:00+00:00,1.2543190137080724,1.2544599521096802,1.2539884367240848,1.2541293751256926,100
2026-01-11 19:35:00+00:00,1.2541293751256926,1.2547437027651163,1.2540684519325183,1.254682779571942,100
2026-01-11 19:40:00+00:00,1.254682779571942,1.2548155938911154,1.2546436997647905,1.254776514083964,100
2026-01-11 19:45:00+00:00,1.254776514083964,1.255438453731686,1.2546750349638804,1.2553369746116025,100
2026-01-11 19:50:00+00:00,1.2553369746116025,1.2556687907467916,1.2552713447368997,1.2556031608720888,100
2026-01-11 19:55:00+00:00,1.2556031608720888,1.255626723521774,1.2552790764950303,1.2553026391447155,100
2026-01-11 20:00:00+00:00,1.2553026391447155,1.255815986950709,1.2552681813750424,1.255781529181036,100
2026-01-11 20:05:00+00:00,1.255781529181036,1.25614368993701,1.2557454276931737,1.2561075884491477,100
2026-01-11 20:10:00+00:00,1.2561075884491477,1.2562625277034092,1.2560197670073152,1.2561747062615767,100
2026-01-11 20:15:00+00:00,1.2561747062615767,1.2562387944771976,1.2557782394715857,1.2558423276872066,100
2026-01-11 20:20:00+00:00,1.2558423276872066,1.255913927603755,1.255550735319565,1.2556223352361133,100
2026-01-11 20:25:00+00:00,1.2556223352361133,1.2558322495827206,1.2553887523690686,1.2555986667156758,100
2026-01-11 20:30:00+00:00,1.2555986667156758,1.2558815520860518,1.2554390904271562,1.2557219757975322,100
2026-01-11 20:35:00+00:00,1.2557219757975322,1.2562147739126877,1.2556633861909927,1.2561561843061482,100
2026-01-11 20:40:00+00:00,1.2561561843061482,1.256447759794616,1.2556359629662572,1.255927538454725,100
2026-01-11 20:45:00+00:00,1.255927538454725,1.256622887351945,1.2557641477058321,1.256459496603052,100
2026-01-11 20:50:00+00:00,1.256459496603052,1.2568866359506243,1.2563140971022764,1.2567412364498487,100
2026-01-11 20:55:00+00:00,1.2567412364498487,1.257625756523954,1.2566336212593596,1.2575181413334648,100
2026-01-11 21:00:00+00:00,1.2575181413334648,1.2577874892286423,1.25746251049477,1.2577318583899475,100
2026-01-11 21:05:00+00:00,1.2577318583899475,1.2578668968021982,1.2573624178944558,1.2574974563067065,100
2026-01-11 21:10:00+00:00,1.2574974563067065,1.2576564214508943,1.257003548688911,1.2571625138330988,100
2026-01-11 21:15:00+00:00,1.2571625138330988,1.2573582936232979,1.2568876171788845,1.2570833969690836,100
2026-01-11 21:20:00+00:00,1.2570833969690836,1.2573061993765289,1.257040391707152,1.2572631941145973,100
2026-01-11 21:25:00+00:00,1.2572631941145973,1.25771979844045,1.2571360192377616,1.2575926235636143,100
2026-01-11 21:30:00+00:00,1.2575926235636143,1.257619091320733,1.2574837481267798,1.2575102158838984,100
2026-01-11 21:35:00+00:00,1.2575102158838984,1.258301982257686,1.2574349381779102,1.2582267045516977,100
2026-01-11 21:40:00+00:00,1.2582267045516977,1.2588214872213823,1.2581408936981262,1.2587356763678108,100
2026-01-11 21:45:00+00:00,1.2587356763678108,1.2587466291716625,1.2585282203976782,1.2585391732015299,100
2026-01-11 21:50:00+00:00,1.2585391732015299,1.2586343114407526,1.257601740462698,1.2576968787019207,100
2026-01-11 21:55:00+00:00,1.2576968787019207,1.2578445775175204,1.2576068229536022,1.2577545217692019,100
2026-01-11 22:00:00+00:00,1.2577545217692019,1.2577864880034428,1.2577089337926626,1.2577409000269035,100
2026-01-11 22:05:00+00:00,1.2577409000269035,1.2578327506214197,1.2574932167912378,1.257585067385754,100
2026-01-11 22:10:00+00:00,1.257585067385754,1.2579005344535037,1.2574908900515795,1.2578063571193292,100
2026-01-11 22:15:00+00:00,1.2578063571193292,1.257942540661932,1.2577669473692312,1.257903130911834,100
2026-01-11 22:20:00+00:00,1.257903130911834,1.257938419395817,1.2577928033898063,1.2578280918737892,100
2026-01-11 22:25:00+00:00,1.2578280918737892,1.2581134153394444,1.2578119538292696,1.2580972772949248,100
2026-01-11 22:30:00+00:00,1.2580972772949248,1.258417727612735,1.257882144316191,1.2582025946340012,100
2026-01-11 22:35:00+00:00,1.2582025946340012,1.2582751720995276,1.2578013736781584,1.2578739511436847,100
2026-01-11 22:40:00+00:00,1.2578739511436847,1.2579041249452916,1.2576362169869588,1.2576663907885657,100
2026-01-11 22:45:00+00:00,1.2576663907885657,1.2577251198724304,1.2575626590827393,1.257621388166604,100
2026-01-11 22:50:00+00:00,1.257621388166604,1.257842361574097,1.2575376180636912,1.2577585914711842,100
2026-01-11 22:55:00+00:00,1.2577585914711842,1.258046936581675,1.2567924535157762,1.257080798626267,100
2026-01-11 23:00:00+00:00,1.257080798626267,1.2571591678799916,1.2567773972384668,1.2568557664921913,100
2026-01-11 23:05:00+00:00,1.2568557664921913,1.2570202008517444,1.2562623348991284,1.2564267692586815,100
2026-01-11 23:10:00+00:00,1.2564267692586815,1.2566481780835268,1.2561948280455906,1.256416236870436,100
2026-01-11 23:15:00+00:00,1.256416236870436,1.257230632618009,1.2562940176973607,1.2571084134449337,100
2026-01-11 23:20:00+00:00,1.2571084134449337,1.2571416451251185,1.2568892027087617,1.2569224343889465,100
2026-01-11 23:25:00+00:00,1.2569224343889465,1.2575593287122628,1.2568314903772955,1.2574683847006118,100
2026-01-11 23:30:00+00:00,1.2574683847006118,1.2576394758238056,1.2570006607194981,1.257171751842692,100
2026-01-11 23:35:00+00:00,1.257171751842692,1.2575013548415854,1.2568370189128208,1.2571666219117144,100
2026-01-11 23:40:00+00:00,1.2571666219117144,1.2582501447628354,1.2569839289491438,1.2580674518002648,100
2026-01-11 23:45:00+00:00,1.2580674518002648,1.2582247537980291,1.2579525154915179,1.2581098174892822,100
2026-01-11 23:50:00+00:00,1.2581098174892822,1.258278190035588,1.257394751402247,1.2575631239485527,100
2026-01-11 23:55:00+00:00,1.2575631239485527,1.2583416130154532,1.257430698213561,1.2582091872804615,100
2026-01-12 00:00:00+00:00,1.2582091872804615,1.2585750206358732,1.2581611806567017,1.2585270140121134,100
2026-01-12 00:05:00+00:00,1.2585270140121134,1.258586770471485,1.257948460707248,1.2580082171666196,100
2026-01-12 00:10:00+00:00,1.2580082171666196,1.2587547641540713,1.2578387786414622,1.258585325628914,100
2026-01-12 00:15:00+00:00,1.258585325628914,1.2586195889731668,1.2583015655608596,1.2583358289051125,100
2026-01-12 00:20:00+00:00,1.2583358289051125,1.258451208941313,1.2583039245400263,1.2584193045762266,100
2026-01-12 00:25:00+00:00,1.2584193045762266,1.2587344566575431,1.258201224068179,1.2585163761494955,100
2026-01-12 00:30:00+00:00,1.2585163761494955,1.2586831138735686,1.2584387102314922,1.2586054479555653,100
2026-01-12 00:35:00+00:00,1.2586054479555653,1.258645973648355,1.2584697340960938,1.2585102597888835,100
2026-01-12 00:40:00+00:00,1.2585102597888835,1.2588191843323469,1.2582308389972974,1.2585397635407607,100
2026-01-12 00:45:00+00:00,1.2585397635407607,1.2587079683143414,1.258507867715657,1.2586760724892376,100
2026-01-12 00:50:00+00:00,1.2586760724892376,1.2589601617514061,1.258099106076604,1.2583831953387725,100
2026-01-12 00:55:00+00:00,1.2583831953387725,1.2586599974299792,1.2581866231920857,1.2584634252832925,100
2026-01-12 01:00:00+00:00,1.2584634252832925,1.258742180549188,1.2583425018718875,1.258621257137783,100
2026-01-12 01:05:00+00:00,1.258621257137783,1.258838748620428,1.2576365228210296,1.2578540143036745,100
2026-01-12 01:10:00+00:00,1.2578540143036745,1.2584601212274642,1.2577689819928268,1.2583750889166165,100
2026-01-12 01:15:00+00:00,1.2583750889166165,1.2590109316414213,1.2580823196712005,1.2587181623960053,100
2026-01-12 01:20:00+00:00,1.2587181623960053,1.2588601593189055,1.2579407723998381,1.2580827693227383,100
2026-01-12 01:25:00+00:00,1.2580827693227383,1.2582237808221963,1.2578795581761297,1.2580205696755877,100
2026-01-12 01:30:00+00:00,1.2580205696755877,1.2585552420788706,1.2578628386646256,1.2583975110679084,100
2026-01-12 01:35:00+00:00,1.2583975110679084,1.2585118958217334,1.2577177917678497,1.2578321765216747,100
2026-01-12 01:40:00+00:00,1.2578321765216747,1.2579625430763357,1.257576786835424,1.257707153390085,100
2026-01-12 01:45:00+00:00,1.257707153390085,1.2578486738299468,1.2573093918544964,1.2574509122943582,100
2026-01-12 01:50:00+00:00,1.2574509122943582,1.258204220304112,1.2572667210464539,1.2580200290562076,100
2026-01-12 01:55:00+00:00,1.2580200290562076,1.258235544634489,1.2576098692102844,1.2578253847885659,100
2026-01-12 02:00:00+00:00,1.2578253847885659,1.2578713624300304,1.2577749201640704,1.257820897805535,100
2026-01-12 02:05:00+00:00,1.257820897805535,1.2578379727981486,1.2577164406570143,1.2577335156496279,100
2026-01-12 02:10:00+00:00,1.2577335156496279,1.258315940744686,1.257475052346848,1.2580574774419062,100
2026-01-12 02:15:00+00:00,1.2580574774419062,1.258284994117547,1.2579451162265876,1.2581726329022282,100
2026-01-12 02:20:00+00:00,1.2581726329022282,1.2584109226899758,1.257413626261858,1.2576519160496056,100
2026-01-12 02:25:00+00:00,1.2576519160496056,1.2578134869256146,1.256803576511195,1.2569651473872039,100
2026-01-12 02:30:00+00:00,1.2569651473872039,1.2571529864503421,1.2567720892560907,1.256959928319229,100
2026-01-12 02:35:00+00:00,1.256959928319229,1.2570911153923963,1.256573596696368,1.2567047837695353,100
2026-01-12 02:40:00+00:00,1.2567047837695353,1.257074796594029,1.256527515488426,1.2568975283129196,100
2026-01-12 02:45:00+00:00,1.2568975283129196,1.2569812643874538,1.256653720089419,1.2567374561639533,100
2026-01-12 02:50:00+00:00,1.2567374561639533,1.2569209404200352,1.2566697121105035,1.2568531963665854,100
2026-01-12 02:55:00+00:00,1.2568531963665854,1.257100225290843,1.2563013447718114,1.256548373696069,100
2026-01-12 03:00:00+00:00,1.256548373696069,1.2568509556892626,1.2562864554385083,1.256589037431702,100
2026-01-12 03:05:00+00:00,1.256589037431702,1.2568046680540395,1.256438951694086,1.2566545823164235,100
2026-01-12 03:10:00+00:00,1.2566545823164235,1.257303025830826,1.256559867491738,1.2572083110061405,100
2026-01-12 03:15:00+00:00,1.2572083110061405,1.2574163204404691,1.2571064904562366,1.2573144998905652,100
2026-01-12 03:20:00+00:00,1.2573144998905652,1.2573630534462648,1.2571556837770204,1.25720423733272,100
2026-01-12 03:25:00+00:00,1.25720423733272,1.2577351724431232,1.2571705357185994,1.2577014708290026,100
2026-01-12 03:30:00+00:00,1.2577014708290026,1.257763379256446,1.2572611894573487,1.257323097884792,100
2026-01-12 03:35:00+00:00,1.257323097884792,1.257916154072921,1.257033266392529,1.2576263225806579,100
2026-01-12 03:40:00+00:00,1.2576263225806579,1.2580923526206922,1.257312902597031,1.2577789326370654,100
2026-01-12 03:45:00+00:00,1.2577789326370654,1.2581240121130344,1.257307978158494,1.257653057634463,100
2026-01-12 03:50:00+00:00,1.257653057634463,1.258655794133814,1.2574737509664848,1.2584764874658358,100
2026-01-12 03:55:00+00:00,1.2584764874658358,1.2586278900106476,1.2578647137421781,1.2580161162869898,100
2026-01-12 04:00:00+00:00,1.2580161162869898,1.2582157445925837,1.2577271881729948,1.2579268164785886,100
2026-01-12 04:05:00+00:00,1.2579268164785886,1.2581881417849983,1.2575322181761064,1.257793543482516,100
2026-01-12 04:10:00+00:00,1.257793543482516,1.2583586623059067,1.2576084895913142,1.2581736084147048,100
2026-01-12 04:15:00+00:00,1.2581736084147048,1.2582470413159397,1.257696731710104,1.2577701646113388,100
2026-01-12 04:20:00+00:00,1.2577701646113388,1.2584221790884937,1.2575485529679873,1.2582005674451422,100
2026-01-12 04:25:00+00:00,1.2582005674451422,1.2584324732672751,1.2580439258184877,1.2582758316406206,100
2026-01-12 04:30:00+00:00,1.2582758316406206,1.258379655470058,1.2578250176578327,1.25792884148727,100
2026-01-12 04:35:00+00:00,1.25792884148727,1.2579584589457766,1.2578804279461087,1.2579100454046153,100
2026-01-12 04:40:00+00:00,1.2579100454046153,1.2579210182842502,1.2574631238882243,1.2574740967678593,100
2026-01-12 04:45:00+00:00,1.2574740967678593,1.2577590801918959,1.2572773694329429,1.2575623528569795,100
2026-01-12 04:50:00+00:00,1.2575623528569795,1.2575624376011585,1.2568987018412954,1.2568987865854744,100
2026-01-12 04:55:00+00:00,1.2568987865854744,1.2570974593286248,1.2566980348402712,1.2568967075834216,100
2026-01-12 05:00:00+00:00,1.2568967075834216,1.2569818893911644,1.256852211083781,1.2569373928915237,100
2026-01-12 05:05:00+00:00,1.2569373928915237,1.2572251600504896,1.2566773557440056,1.2569651229029715,100
2026-01-12 05:10:00+00:00,1.2569651229029715,1.2571328298062225,1.256761991543736,1.256929698446987,100
2026-01-12 05:15:00+00:00,1.256929698446987,1.2572605501018201,1.2569096249369072,1.2572404765917402,100
2026-01-12 05:20:00+00:00,1.2572404765917402,1.2575066213009563,1.2572063169917531,1.2574724617009692,100
2026-01-12 05:25:00+00:00,1.2574724617009692,1.2575119513424486,1.2569494576650093,1.2569889473064888,100
2026-01-12 05:30:00+00:00,1.2569889473064888,1.2571364022318334,1.2569280480249876,1.2570755029503322,100
2026-01-12 05:35:00+00:00,1.2570755029503322,1.2570932353046524,1.2564667481853664,1.2564844805396866,100
2026-01-12 05:40:00+00:00,1.2564844805396866,1.2565717803591585,1.2564662867780396,1.2565535865975115,100
2026-01-12 05:45:00+00:00,1.2565535865975115,1.2568187012583416,1.2563379122520464,1.2566030269128765,100
2026-01-12 05:50:00+00:00,1.2566030269128765,1.2569685069939107,1.256390047077112,1.2567555271581463,100
2026-01-12 05:55:00+00:00,1.2567555271581463,1.2573289206248952,1.256622191963036,1.257195585429785,100
2026-01-12 06:00:00+00:00,1.257195585429785,1.2574066237317163,1.256792968686266,1.2570040069881974,100
2026-01-12 06:05:00+00:00,1.2570040069881974,1.2570130961200345,1.2561395164052935,1.2561486055371307,100
2026-01-12 06:10:00+00:00,1.2561486055371307,1.2562186066338659,1.2558800326773758,1.255950033774111,100
2026-01-12 06:15:00+00:00,1.255950033774111,1.2559952600386746,1.255847496384925,1.2558927226494887,100
2026-01-12 06:20:00+00:00,1.2558927226494887,1.2560146308072726,1.2558924674061216,1.2560143755639055,100
2026-01-12 06:25:00+00:00,1.2560143755639055,1.2561519584841012,1.255288728898861,1.2554263118190567,100
2026-01-12 06:30:00+00:00,1.2554263118190567,1.2555443833288196,1.2553535967302372,1.25547166824,100
2026-01-12 06:35:00+00:00,1.25547166824,1.2556192108936794,1.2554322348183549,1.2555797774720343,100
2026-01-12 06:40:00+00:00,1.2555797774720343,1.2560114229751251,1.2555292512294616,1.2559608967325524,100
2026-01-12 06:45:00+00:00,1.2559608967325524,1.2564845150348116,1.2558797130764603,1.2564033313787195,100
2026-01-12 06:50:00+00:00,1.2564033313787195,1.2570372219695922,1.2563334287224568,1.2569673193133295,100
2026-01-12 06:55:00+00:00,1.2569673193133295,1.2571977355148105,1.2565438407319764,1.2567742569334575,100
2026-01-12 07:00:00+00:00,1.2567742569334575,1.256797702635147,1.256713742925851,1.2567371886275405,100
2026-01-12 07:05:00+00:00,1.2567371886275405,1.2568961887707046,1.2566179619967264,1.2567769621398905,100
2026-01-12 07:10:00+00:00,1.2567769621398905,1.2567973874299612,1.256619252368551,1.2566396776586217,100
2026-01-12 07:15:00+00:00,1.2566396776586217,1.2566905204195753,1.256563106720161,1.2566139494811146,100
2026-01-12 07:20:00+00:00,1.2566139494811146,1.2574451659404016,1.256555550500493,1.25738676695978,100
2026-01-12 07:25:00+00:00,1.25738676695978,1.2578733307873742,1.257353693342461,1.257840257170055,100
2026-01-12 07:30:00+00:00,1.257840257170055,1.2580740314938053,1.257669105546951,1.2579028798707013,100
2026-01-12 07:35:00+00:00,1.2579028798707013,1.2579584286761163,1.2572430705742275,1.2572986193796425,100
2026-01-12 07:40:00+00:00,1.2572986193796425,1.2576392248007366,1.2572463771986944,1.2575869826197885,100
2026-01-12 07:45:00+00:00,1.2575869826197885,1.257748780988688,1.2574868612522163,1.2576486596211158,100
2026-01-12 07:50:00+00:00,1.2576486596211158,1.2577103381792956,1.257273951864259,1.2573356304224388,100
2026-01-12 07:55:00+00:00,1.2573356304224388,1.2574656484051163,1.2572282614142973,1.2573582793969749,100
2026-01-12 08:00:00+00:00,1.2573582793969749,1.257587404281451,1.2571261959763746,1.2573553208608508,100
2026-01-12 08:05:00+00:00,1.2573553208608508,1.2576966819604265,1.257033706576156,1.2573750676757318,100
2026-01-12 08:10:00+00:00,1.2573750676757318,1.257407015676964,1.257022567723211,1.257054515724443,100
2026-01-12 08:15:00+00:00,1.257054515724443,1.2571635916427641,1.2566449591330335,1.2567540350513546,100
2026-01-12 08:20:00+00:00,1.2567540350513546,1.256837015363594,1.2560518770520779,1.2561348573643172,100
2026-01-12 08:25:00+00:00,1.2561348573643172,1.2566751309879565,1.255859536717298,1.2563998103409373,100
2026-01-12 08:30:00+00:00,1.2563998103409373,1.2565903163316547,1.2560027011616421,1.2561932071523596,100
2026-01-12 08:35:00+00:00,1.2561932071523596,1.2562999548491731,1.2560435481411676,1.256150295837981,100
2026-01-12 08:40:00+00:00,1.256150295837981,1.256206000178199,1.2559568253227442,1.256012529662962,100
2026-01-12 08:45:00+00:00,1.256012529662962,1.2569006247260803,1.255912951579161,1.2568010466422792,100
2026-01-12 08:50:00+00:00,1.2568010466422792,1.256814454340925,1.2565528502781762,1.256566257976822,100
2026-01-12 08:55:00+00:00,1.256566257976822,1.2566024675406495,1.2564122963718884,1.256448505935716,100
2026-01-12 09:00:00+00:00,1.256448505935716,1.256655375058365,1.2558739393545988,1.256080808477248,100
2026-01-12 09:05:00+00:00,1.256080808477248,1.2563688760494254,1.2556356807235798,1.2559237482957573,100
2026-01-12 09:10:00+00:00,1.2559237482957573,1.2560633152059784,1.2558343518828619,1.255973918793083,100
2026-01-12 09:15:00+00:00,1.255973918793083,1.2560302532696535,1.2557739939637103,1.2558303284402808,100
2026-01-12 09:20:00+00:00,1.2558303284402808,1.2563584143589042,1.2558137013202715,1.256341787238895,100
2026-01-12 09:25:00+00:00,1.256341787238895,1.2566520186729915,1.256278592141756,1.2565888235758527,100
2026-01-12 09:30:00+00:00,1.2565888235758527,1.2567069821597456,1.2559935164408356,1.2561116750247285,100
2026-01-12 09:35:00+00:00,1.2561116750247285,1.256488015031558,1.255846688494127,1.2562230285009566,100
2026-01-12 09:40:00+00:00,1.2562230285009566,1.2563032287513987,1.256100340559822,1.256180540810264,100
2026-01-12 09:45:00+00:00,1.256180540810264,1.2562071103075454,1.2559093903043903,1.2559359598016717,100
2026-01-12 09:50:00+00:00,1.2559359598016717,1.2563559328558798,1.2557493703672624,1.2561693434214705,100
2026-01-12 09:55:00+00:00,1.2561693434214705,1.2561996220367353,1.2558859290536262,1.255916207668891,100
2026-01-12 10:00:00+00:00,1.255916207668891,1.2563901227082237,1.2546544710688334,1.2551283861081661,100
2026-01-12 10:05:00+00:00,1.2551283861081661,1.255132264564816,1.2547996763498135,1.2548035548064633,100
2026-01-12 10:10:00+00:00,1.2548035548064633,1.2550398098148385,1.254375952244538,1.2546122072529131,100
2026-01-12 10:15:00+00:00,1.2546122072529131,1.255172176696118,1.2545253380171704,1.2550853074603752,100
2026-01-12 10:20:00+00:00,1.2550853074603752,1.255127604795357,1.2544520319721555,1.2544943293071373,100
2026-01-12 10:25:00+00:00,1.2544943293071373,1.2545765653819014,1.2541170523943626,1.2541992884691266,100
2026-01-12 10:30:00+00:00,1.2541992884691266,1.2542044791041718,1.2536371558441277,1.2536423464791728,100
2026-01-12 10:35:00+00:00,1.2536423464791728,1.253794965923971,1.2536199828570513,1.2537726023018496,100
2026-01-12 10:40:00+00:00,1.2537726023018496,1.2538419154894946,1.2533456206428282,1.2534149338304732,100
2026-01-12 10:45:00+00:00,1.2534149338304732,1.253440415665495,1.253388082386206,1.2534135642212278,100
2026-01-12 10:50:00+00:00,1.2534135642212278,1.253935491766463,1.2532531057324798,1.253775033277715,100
2026-01-12 10:55:00+00:00,1.253775033277715,1.2540529370567937,1.2532117937904181,1.253489697569497,100
2026-01-12 11:00:00+00:00,1.253489697569497,1.253540393640476,1.2531643799282128,1.253215075999192,100
2026-01-12 11:05:00+00:00,1.253215075999192,1.253282328704309,1.252988726409512,1.253055979114629,100
2026-01-12 11:10:00+00:00,1.253055979114629,1.2532061063696527,1.252722268212817,1.2528723954678407,100
2026-01-12 11:15:00+00:00,1.2528723954678407,1.2529413051263116,1.2525614897728,1.2526303994312709,100
2026-01-12 11:20:00+00:00,1.2526303994312709,1.252644771405212,1.25251046429265,1.252524836266591,100
2026-01-12 11:25:00+00:00,1.252524836266591,1.2527256269835976,1.252328617178814,1.2525294078958205,100
2026-01-12 11:30:00+00:00,1.2525294078958205,1.252852566022564,1.2524366566655112,1.2527598147922547,100
2026-01-12 11:35:00+00:00,1.2527598147922547,1.2530114055598933,1.2522345916465734,1.252486182414212,100
2026-01-12 11:40:00+00:00,1.252486182414212,1.2525246613810141,1.2524547377560462,1.2524932167228484,100
2026-01-12 11:45:00+00:00,1.2524932167228484,1.253018807773365,1.25235618445788,1.2528817755083967,100
2026-01-12 11:50:00+00:00,1.2528817755083967,1.253134126284551,1.2524014863471298,1.252653837123284,100
2026-01-12 11:55:00+00:00,1.252653837123284,1.2529077324338151,1.2523374410905734,1.2525913364011045,100
2026-01-12 12:00:00+00:00,1.2525913364011045,1.2526383275312023,1.252326387079742,1.2523733782098398,100
2026-01-12 12:05:00+00:00,1.2523733782098398,1.2525503529636104,1.2522749815135223,1.2524519562672929,100
2026-01-12 12:10:00+00:00,1.2524519562672929,1.252701566801842,1.2520741956601307,1.2523238061946798,100
2026-01-12 12:15:00+00:00,1.2523238061946798,1.2524394512917831,1.252054636596043,1.2521702816931464,100
2026-01-12 12:20:00+00:00,1.2521702816931464,1.2522526013262418,1.2517691056032934,1.2518514252363888,100
2026-01-12 12:25:00+00:00,1.2518514252363888,1.2518711964009548,1.2517277067272239,1.2517474778917899,100
2026-01-12 12:30:00+00:00,1.2517474778917899,1.2521519335299163,1.2515556104020749,1.2519600660402013,100
2026-01-12 12:35:00+00:00,1.2519600660402013,1.2520303579390428,1.251676182814108,1.2517464747129496,100
2026-01-12 12:40:00+00:00,1.2517464747129496,1.251816577207518,1.2514010095100698,1.2514711120046382,100
2026-01-12 12:45:00+00:00,1.2514711120046382,1.2519157136168573,1.2514583763233693,1.2519029779355884,100
2026-01-12 12:50:00+00:00,1.2519029779355884,1.252314410343183,1.2518346461170862,1.2522460785246807,100
2026-01-12 12:55:00+00:00,1.2522460785246807,1.252741224823878,1.2521685822479325,1.2526637285471298,100
2026-01-12 13:00:00+00:00,1.2526637285471298,1.2528079188342036,1.2523263917564624,1.2524705820435362,100
2026-01-12 13:05:00+00:00,1.2524705820435362,1.2528710270390486,1.2522982946776406,1.252698739673153,100
2026-01-12 13:10:00+00:00,1.252698739673153,1.2537316064397788,1.2525675165748758,1.2536003833415015,100
2026-01-12 13:15:00+00:00,1.2536003833415015,1.2542871309769523,1.2533466583043298,1.2540334059397806,100
2026-01-12 13:20:00+00:00,1.2540334059397806,1.2543964076740544,1.2539982581062803,1.254361259840554,100
2026-01-12 13:25:00+00:00,1.254361259840554,1.254585195280056,1.2539433690318842,1.2541673044713861,100
2026-01-12 13:30:00+00:00,1.2541673044713861,1.2544951680181147,1.2538311829221886,1.2541590464689172,100
2026-01-12 13:35:00+00:00,1.2541590464689172,1.2541823988793954,1.2540375573682208,1.254060909778699,100
2026-01-12 13:40:00+00:00,1.254060909778699,1.2541839180021928,1.2540529926855242,1.254176000909018,100
2026-01-12 13:45:00+00:00,1.254176000909018,1.254770386176581,1.2540728565148682,1.2546672417824314,100
2026-01-12 13:50:00+00:00,1.2546672417824314,1.2549710439722481,1.2546451412205335,1.2549489434103502,100
2026-01-12 13:55:00+00:00,1.2549489434103502,1.255081923884768,1.2545494135241124,1.25468239399853,100
2026-01-12 14:00:00+00:00,1.25468239399853,1.2547291722722282,1.254510779170018,1.2545575574437162,100
2026-01-12 14:05:00+00:00,1.2545575574437162,1.255292530100982,1.2542399621379146,1.2549749347951804,100
2026-01-12 14:10:00+00:00,1.2549749347951804,1.2551388432470916,1.2549472658611274,1.2551111743130385,100
2026-01-12 14:15:00+00:00,1.2551111743130385,1.2559657692981667,1.255003640251158,1.2558582352362861,100
2026-01-12 14:20:00+00:00,1.2558582352362861,1.2559665682238879,1.2555919909085411,1.2557003238961428,100
2026-01-12 14:25:00+00:00,1.2557003238961428,1.255845089684524,1.255680452626043,1.255825218414424,100
2026-01-12 14:30:00+00:00,1.255825218414424,1.2560525898171306,1.255461488583784,1.2556888599864906,100
2026-01-12 14:35:00+00:00,1.2556888599864906,1.2559294245955017,1.2556418413015034,1.2558824059105145,100
2026-01-12 14:40:00+00:00,1.2558824059105145,1.2559314241421418,1.2554174784053478,1.255466496636975,100
2026-01-12 14:45:00+00:00,1.255466496636975,1.255709695184777,1.2554482255861816,1.2556914241339836,100
2026-01-12 14:50:00+00:00,1.2556914241339836,1.2561248526302027,1.2555967187309904,1.2560301472272095,100
2026-01-12 14:55:00+00:00,1.2560301472272095,1.2561994818340534,1.2559419583005784,1.2561112929074223,100
2026-01-12 15:00:00+00:00,1.2561112929074223,1.2568225772381878,1.2557215473346053,1.2564328316653708,100
2026-01-12 15:05:00+00:00,1.2564328316653708,1.2564610293801959,1.2563906293465734,1.2564188270613985,100
2026-01-12 15:10:00+00:00,1.2564188270613985,1.2569802098852167,1.2561817673628044,1.2567431501866226,100
2026-01-12 15:15:00+00:00,1.2567431501866226,1.25699256978855,1.2558802451263724,1.2561296647282998,100
2026-01-12 15:20:00+00:00,1.2561296647282998,1.2564894647905107,1.256067917019788,1.2564277170819989,100
2026-01-12 15:25:00+00:00,1.2564277170819989,1.2567346863584303,1.2561616393579271,1.2564686086343586,100
2026-01-12 15:30:00+00:00,1.2564686086343586,1.2566695195286703,1.2560279818019533,1.256228892696265,100
2026-01-12 15:35:00+00:00,1.256228892696265,1.2562961254640808,1.2561013105796364,1.256168543347452,100
2026-01-12 15:40:00+00:00,1.256168543347452,1.256646315457201,1.2559599596768263,1.2564377317865751,100
2026-01-12 15:45:00+00:00,1.2564377317865751,1.2567514292010937,1.2562332770773157,1.2565469744918343,100
2026-01-12 15:50:00+00:00,1.2565469744918343,1.2572861535587907,1.2564095238970707,1.2571487029640271,100
2026-01-12 15:55:00+00:00,1.2571487029640271,1.2581254135535864,1.2569669880960512,1.2579436986856105,100
2026-01-12 16:00:00+00:00,1.2579436986856105,1.2580079236721047,1.257381850506043,1.2574460754925372,100
2026-01-12 16:05:00+00:00,1.2574460754925372,1.2576382848657615,1.2573996695568268,1.257591878930051,100
2026-01-12 16:10:00+00:00,1.257591878930051,1.2576633012151517,1.257286853903529,1.2573582761886295,100
2026-01-12 16:15:00+00:00,1.2573582761886295,1.257440092325782,1.2572283057281355,1.257310121865288,100
2026-01-12 16:20:00+00:00,1.257310121865288,1.2574377086169966,1.2570657774857417,1.2571933642374502,100
2026-01-12 16:25:00+00:00,1.2571933642374502,1.2572194353686663,1.2570332725331637,1.2570593436643798,100
2026-01-12 16:30:00+00:00,1.2570593436643798,1.2571342967112924,1.2570433856796501,1.2571183387265628,100
2026-01-12 16:35:00+00:00,1.2571183387265628,1.2573038835636956,1.2567951153495667,1.2569806601866995,100
2026-01-12 16:40:00+00:00,1.2569806601866995,1.2570342462973596,1.2568934096238773,1.2569469957345374,100
2026-01-12 16:45:00+00:00,1.2569469957345374,1.257053807606635,1.2562901487796243,1.256396960651722,100
2026-01-12 16:50:00+00:00,1.256396960651722,1.2565668000397154,1.2561713960657712,1.2563412354537646,100
2026-01-12 16:55:00+00:00,1.2563412354537646,1.2565392655488272,1.2555714088322187,1.2557694389272813,100
2026-01-12 17:00:00+00:00,1.2557694389272813,1.2557742433684644,1.2556950549798116,1.2556998594209947,100
2026-01-12 17:05:00+00:00,1.2556998594209947,1.2560397448370784,1.255625157880337,1.2559650432964207,100
2026-01-12 17:10:00+00:00,1.2559650432964207,1.2560974390491435,1.2550722564691157,1.2552046522218385,100
2026-01-12 17:15:00+00:00,1.2552046522218385,1.2557396523783741,1.2549990164998202,1.2555340166563558,100
2026-01-12 17:20:00+00:00,1.2555340166563558,1.256137427190466,1.2553056367680546,1.2559090473021648,100
2026-01-12 17:25:00+00:00,1.2559090473021648,1.2561061488435927,1.2557100012072426,1.2559071027486706,100
2026-01-12 17:30:00+00:00,1.2559071027486706,1.2560110875011445,1.2558432471398255,1.2559472318922995,100
2026-01-12 17:35:00+00:00,1.2559472318922995,1.2563817801403983,1.2559392527486934,1.2563738009967922,100
2026-01-12 17:40:00+00:00,1.2563738009967922,1.2563821573797522,1.2561868991857486,1.2561952555687086,100
2026-01-12 17:45:00+00:00,1.2561952555687086,1.256441981445078,1.2554741569838272,1.2557208828601967,100
2026-01-12 17:50:00+00:00,1.2557208828601967,1.2564456454977582,1.2555589591887248,1.2562837218262863,100
2026-01-12 17:55:00+00:00,1.2562837218262863,1.2567150506424096,1.25601988614751,1.2564512149636333,100
2026-01-12 18:00:00+00:00,1.2564512149636333,1.2564739279740584,1.25635437961233,1.256377092622755,100
2026-01-12 18:05:00+00:00,1.256377092622755,1.2570074598138985,1.2560389711499707,1.256669338341114,100
2026-01-12 18:10:00+00:00,1.256669338341114,1.2567795186581239,1.2565690174677804,1.2566791977847902,100
2026-01-12 18:15:00+00:00,1.2566791977847902,1.2571141612100207,1.256654907087238,1.2570898705124685,100
2026-01-12 18:20:00+00:00,1.2570898705124685,1.2576217391979885,1.2570383828901424,1.2575702515756624,100
2026-01-12 18:25:00+00:00,1.2575702515756624,1.2579417158220476,1.2575340239356174,1.2579054881820027,100
2026-01-12 18:30:00+00:00,1.2579054881820027,1.2586423541633143,1.2578017249112,1.2585385908925115,100
2026-01-12 18:35:00+00:00,1.2585385908925115,1.2585565404553132,1.258260006589649,1.2582779561524506,100
2026-01-12 18:40:00+00:00,1.2582779561524506,1.2587032028661853,1.2581970300623238,1.2586222767760584,100
2026-01-12 18:45:00+00:00,1.2586222767760584,1.2587674578927155,1.2582972034449689,1.258442384561626,100
2026-01-12 18:50:00+00:00,1.258442384561626,1.258641571376711,1.2580647873092672,1.2582639741243522,100
2026-01-12 18:55:00+00:00,1.2582639741243522,1.258498434833769,1.2581747657877143,1.2584092264971312,100
2026-01-12 19:00:00+00:00,1.2584092264971312,1.258851568526802,1.258318344736454,1.258760686766125,100
2026-01-12 19:05:00+00:00,1.258760686766125,1.2587623065593874,1.25854101034771,1.2585426301409723,100
2026-01-12 19:10:00+00:00,1.2585426301409723,1.2587721797340705,1.258097403782553,1.2583269533756511,100
2026-01-12 19:15:00+00:00,1.2583269533756511,1.2594185512343923,1.258263248766619,1.2593548466253601,100
2026-01-12 19:20:00+00:00,1.2593548466253601,1.2594340353672997,1.2588448729916857,1.2589240617336253,100
2026-01-12 19:25:00+00:00,1.2589240617336253,1.2591428336514228,1.258300933026968,1.2585197049447656,100
2026-01-12 19:30:00+00:00,1.2585197049447656,1.2591162771090871,1.2582214527363096,1.258818024900631,100
2026-01-12 19:35:00+00:00,1.258818024900631,1.2589089916869969,1.258231589740609,1.2583225565269747,100
2026-01-12 19:40:00+00:00,1.2583225565269747,1.258394013460563,1.2580122181305922,1.2580836750641804,100
2026-01-12 19:45:00+00:00,1.2580836750641804,1.2581052675983964,1.2580736738600025,1.2580952663942184,100
2026-01-12 19:50:00+00:00,1.2580952663942184,1.2582032540478538,1.2580504647018553,1.2581584523554907,100
2026-01-12 19:55:00+00:00,1.2581584523554907,1.2582764105294282,1.2578008355007544,1.2579187936746918,100
2026-01-12 20:00:00+00:00,1.2579187936746918,1.2579578797058903,1.2576603119591132,1.2576993979903117,100
2026-01-12 20:05:00+00:00,1.2576993979903117,1.2577715426410752,1.2574110435745556,1.257483188225319,100
2026-01-12 20:10:00+00:00,1.257483188225319,1.2575561840099079,1.2574729998364724,1.2575459956210613,100
2026-01-12 20:15:00+00:00,1.2575459956210613,1.257568721611322,1.2575449004260226,1.2575676264162834,100
2026-01-12 20:20:00+00:00,1.2575676264162834,1.2576896983695312,1.2572163756658994,1.2573384476191471,100
2026-01-12 20:25:00+00:00,1.2573384476191471,1.2573729939114466,1.2569702784423786,1.2570048247346781,100
2026-01-12 20:30:00+00:00,1.2570048247346781,1.2571560294878399,1.2566790217360282,1.25683022648919,100
2026-01-12 20:35:00+00:00,1.25683022648919,1.2569230688453714,1.2567540222663942,1.2568468646225757,100
2026-01-12 20:40:00+00:00,1.2568468646225757,1.2571037488789327,1.2566696178269847,1.2569265020833418,100
2026-01-12 20:45:00+00:00,1.2569265020833418,1.257236980964683,1.2569170197453825,1.2572274986267238,100
2026-01-12 20:50:00+00:00,1.2572274986267238,1.2574661830538068,1.256736869334639,1.256975553761722,100
2026-01-12 20:55:00+00:00,1.256975553761722,1.2570582306496156,1.2567451575832265,1.2568278344711201,100
2026-01-12 21:00:00+00:00,1.2568278344711201,1.2570101587539848,1.2567890418796002,1.2569713661624649,100
2026-01-12 21:05:00+00:00,1.2569713661624649,1.2569787121549938,1.2565667273637249,1.2565740733562538,100
2026-01-12 21:10:00+00:00,1.2565740733562538,1.2570521363836449,1.2561974284231097,1.2566754914505007,100
2026-01-12 21:15:00+00:00,1.2566754914505007,1.2572614883971496,1.256426380054953,1.257012377001602,100
2026-01-12 21:20:00+00:00,1.257012377001602,1.2575213916702719,1.2569565040289763,1.2574655186976462,100
2026-01-12 21:25:00+00:00,1.2574655186976462,1.2575427276162194,1.2574362492460365,1.2575134581646097,100
2026-01-12 21:30:00+00:00,1.2575134581646097,1.2580344155291154,1.2573491602422895,1.2578701176067952,100
2026-01-12 21:35:00+00:00,1.2578701176067952,1.258236645384267,1.2578135796445955,1.2581801074220673,100
2026-01-12 21:40:00+00:00,1.2581801074220673,1.2581858713206453,1.2579314091672944,1.2579371730658724,100
2026-01-12 21:45:00+00:00,1.2579371730658724,1.258259154992875,1.2578154035112232,1.2581373854382258,100
2026-01-12 21:50:00+00:00,1.2581373854382258,1.25818683170434,1.2580441741981299,1.2580936204642441,100
2026-01-12 21:55:00+00:00,1.2580936204642441,1.2583946148605059,1.2574388338821607,1.2577398282784225,100
2026-01-12 22:00:00+00:00,1.2577398282784225,1.2581408542044408,1.257499566627181,1.2579005925531994,100
2026-01-12 22:05:00+00:00,1.2579005925531994,1.2580657346522683,1.2574682549532803,1.2576333970523492,100
2026-01-12 22:10:00+00:00,1.2576333970523492,1.2578175920503105,1.2570893759661486,1.2572735709641099,100
2026-01-12 22:15:00+00:00,1.2572735709641099,1.2573174077811267,1.2572381174373484,1.2572819542543652,100
2026-01-12 22:20:00+00:00,1.2572819542543652,1.2581068550582633,1.257235648045248,1.258060548849146,100
2026-01-12 22:25:00+00:00,1.258060548849146,1.258329724238823,1.2579266568447092,1.258195832234386,100
2026-01-12 22:30:00+00:00,1.258195832234386,1.2587027013287295,1.258135938327834,1.2586428074221776,100
2026-01-12 22:35:00+00:00,1.2586428074221776,1.2591889907384426,1.2583499229788357,1.2588961062951007,100
2026-01-12 22:40:00+00:00,1.2588961062951007,1.25912400666888,1.258636763405925,1.2588646637797043,100
2026-01-12 22:45:00+00:00,1.2588646637797043,1.2593355763283873,1.2588263200366459,1.2592972325853289,100
2026-01-12 22:50:00+00:00,1.2592972325853289,1.2596208440492151,1.258892285568869,1.2592158970327552,100
2026-01-12 22:55:00+00:00,1.2592158970327552,1.259304446518945,1.2590892304318337,1.2591777799180235,100
2026-01-12 23:00:00+00:00,1.2591777799180235,1.2602088899626795,1.2590736411051833,1.2601047511498393,100
2026-01-12 23:05:00+00:00,1.2601047511498393,1.26034097213844,1.259407175357271,1.2596433963458717,100
2026-01-12 23:10:00+00:00,1.2596433963458717,1.2596849905252137,1.2591152484767079,1.2591568426560498,100
2026-01-12 23:15:00+00:00,1.2591568426560498,1.259161772547468,1.2588671816702317,1.25887211156165,100
2026-01-12 23:20:00+00:00,1.25887211156165,1.2589263274275222,1.2587410755250703,1.2587952913909426,100
2026-01-12 23:25:00+00:00,1.2587952913909426,1.259016791234033,1.2581754633452804,1.258396963188371,100
2026-01-12 23:30:00+00:00,1.258396963188371,1.258779064972317,1.2582002979884221,1.2585823997723682,100
2026-01-12 23:35:00+00:00,1.2585823997723682,1.2587219302485564,1.2583605209080975,1.2585000513842857,100
2026-01-12 23:40:00+00:00,1.2585000513842857,1.2585752226416298,1.2584632030774796,1.2585383743348237,100
2026-01-12 23:45:00+00:00,1.2585383743348237,1.2587415379986524,1.257962068120724,1.2581652317845526,100
2026-01-12 23:50:00+00:00,1.2581652317845526,1.2586000458315005,1.258048336288321,1.258483150335269,100
2026-01-12 23:55:00+00:00,1.258483150335269,1.25917664972061,1.258462528428553,1.2591560278138942,100
2026-01-13 00:00:00+00:00,1.2591560278138942,1.2593290756146354,1.259130266885105,1.259303314685846,100
2026-01-13 00:05:00+00:00,1.259303314685846,1.2594036923544714,1.2592669494365702,1.2593673271051955,100
2026-01-13 00:10:00+00:00,1.2593673271051955,1.259401710197516,1.2591632459526758,1.2591976290449962,100
2026-01-13 00:15:00+00:00,1.2591976290449962,1.2594900050309061,1.258589947657053,1.258882323642963,100
2026-01-13 00:20:00+00:00,1.258882323642963,1.2589773047707529,1.2581113228911942,1.2582063040189841,100
2026-01-13 00:25:00+00:00,1.2582063040189841,1.2582478525257688,1.2579959156026905,1.2580374641094751,100
2026-01-13 00:30:00+00:00,1.2580374641094751,1.2586054979049701,1.257977922230987,1.258545956026482,100
2026-01-13 00:35:00+00:00,1.258545956026482,1.258723611104869,1.2579482885529722,1.2581259436313592,100
2026-01-13 00:40:00+00:00,1.2581259436313592,1.2587578750901918,1.2580066736489341,1.2586386051077667,100
2026-01-13 00:45:00+00:00,1.2586386051077667,1.2591018896295842,1.2582992623032985,1.258762546825116,100
2026-01-13 00:50:00+00:00,1.258762546825116,1.2588034412587668,1.258474265053293,1.2585151594869437,100
2026-01-13 00:55:00+00:00,1.2585151594869437,1.2586415869332739,1.2582676599856555,1.2583940874319857,100
2026-01-13 01:00:00+00:00,1.2583940874319857,1.258944205912228,1.2583220094338115,1.2588721279140538,100
2026-01-13 01:05:00+00:00,1.2588721279140538,1.2588933885428886,1.2585088517195993,1.258530112348434,100
2026-01-13 01:10:00+00:00,1.258530112348434,1.2587554076621381,1.2585140308602012,1.2587393261739053,100
2026-01-13 01:15:00+00:00,1.2587393261739053,1.2589950513635584,1.2586605644520639,1.258916289641717,100
2026-01-13 01:20:00+00:00,1.258916289641717,1.2590852502567977,1.2589096275405132,1.259078588155594,100
2026-01-13 01:25:00+00:00,1.259078588155594,1.25922899191971,1.2588477807556107,1.2589981845197267,100
2026-01-13 01:30:00+00:00,1.2589981845197267,1.2593704641388785,1.2587993480973416,1.2591716277164935,100
2026-01-13 01:35:00+00:00,1.2591716277164935,1.2593361721935545,1.2591505685078341,1.2593151129848952,100
2026-01-13 01:40:00+00:00,1.2593151129848952,1.2594023590196433,1.2590677714989253,1.2591550175336734,100
2026-01-13 01:45:00+00:00,1.2591550175336734,1.259184977302384,1.2586280408258146,1.2586580005945252,100
2026-01-13 01:50:00+00:00,1.2586580005945252,1.2588237449575221,1.2585211980784625,1.2586869424414595,100
2026-01-13 01:55:00+00:00,1.2586869424414595,1.2587710928257305,1.2580127132280552,1.2580968636123262,100
2026-01-13 02:00:00+00:00,1.2580968636123262,1.2583209297340487,1.2577446736515223,1.2579687397732449,100
2026-01-13 02:05:00+00:00,1.2579687397732449,1.2581451191037818,1.2574675205980437,1.2576438999285806,100
2026-01-13 02:10:00+00:00,1.2576438999285806,1.2580488829368677,1.2575882602609434,1.2579932432692305,100
2026-01-13 02:15:00+00:00,1.2579932432692305,1.258237756452974,1.257987419433865,1.2582319326176086,100
2026-01-13 02:20:00+00:00,1.2582319326176086,1.2583829063753986,1.257439373706753,1.2575903474645431,100
2026-01-13 02:25:00+00:00,1.2575903474645431,1.2578630380560918,1.257394929286801,1.2576676198783496,100
2026-01-13 02:30:00+00:00,1.2576676198783496,1.2579124638886359,1.257565340027968,1.2578101840382543,100
2026-01-13 02:35:00+00:00,1.2578101840382543,1.257935136898411,1.2576416024942028,1.2577665553543596,100
2026-01-13 02:40:00+00:00,1.2577665553543596,1.2579117954451124,1.257374524144346,1.2575197642350988,100
2026-01-13 02:45:00+00:00,1.2575197642350988,1.2575492431658746,1.2569327824547585,1.2569622613855342,100
2026-01-13 02:50:00+00:00,1.2569622613855342,1.257127182543658,1.2561300693565396,1.2562949905146634,100
2026-01-13 02:55:00+00:00,1.2562949905146634,1.256703725595603,1.2560979746617837,1.2565067097427234,100
2026-01-13 03:00:00+00:00,1.2565067097427234,1.2566453749231712,1.2564750201292798,1.2566136853097276,100
2026-01-13 03:05:00+00:00,1.2566136853097276,1.2570171031747213,1.2554855893020809,1.2558890071670745,100
2026-01-13 03:10:00+00:00,1.2558890071670745,1.255952893438935,1.2553863200664412,1.2554502063383017,100
2026-01-13 03:15:00+00:00,1.2554502063383017,1.2555424602122724,1.2551558740415982,1.255248127915569,100
2026-01-13 03:20:00+00:00,1.255248127915569,1.2556267835710329,1.2551481462180947,1.2555268018735586,100
2026-01-13 03:25:00+00:00,1.2555268018735586,1.2559902598671258,1.255344210674045,1.255807668667612,100
2026-01-13 03:30:00+00:00,1.255807668667612,1.256054831534537,1.2557518267478187,1.2559989896147437,100
2026-01-13 03:35:00+00:00,1.2559989896147437,1.2560832313324335,1.2555256464188438,1.2556098881365336,100
2026-01-13 03:40:00+00:00,1.2556098881365336,1.2556607939613533,1.2553252891772366,1.2553761950020563,100
2026-01-13 03:45:00+00:00,1.2553761950020563,1.2559692473299842,1.2549884811163587,1.2555815334442866,100
2026-01-13 03:50:00+00:00,1.2555815334442866,1.2557731201088949,1.2553144999222645,1.2555060865868728,100
2026-01-13 03:55:00+00:00,1.2555060865868728,1.2556725445085921,1.254921411747105,1.2550878696688244,100
2026-01-13 04:00:00+00:00,1.2550878696688244,1.2553225833310702,1.2547478221455943,1.2549825358078401,100
2026-01-13 04:05:00+00:00,1.2549825358078401,1.2551373832514008,1.2547323274104794,1.25488717485404,100
2026-01-13 04:10:00+00:00,1.25488717485404,1.2553664720814097,1.2548285024609283,1.255307799688298,100
2026-01-13 04:15:00+00:00,1.255307799688298,1.2556522749709522,1.2552284599594559,1.25557293524211,100
2026-01-13 04:20:00+00:00,1.25557293524211,1.2561878060142175,1.255520854059301,1.2561357248314085,100
2026-01-13 04:25:00+00:00,1.2561357248314085,1.2565402625071862,1.256014745975062,1.2564192836508397,100
2026-01-13 04:30:00+00:00,1.2564192836508397,1.2565679328071728,1.2560556137888992,1.2562042629452324,100
2026-01-13 04:35:00+00:00,1.2562042629452324,1.2563479780668207,1.2561906884630831,1.2563344035846715,100
2026-01-13 04:40:00+00:00,1.2563344035846715,1.2567198889469517,1.2563219551222744,1.2567074404845546,100
2026-01-13 04:45:00+00:00,1.2567074404845546,1.2571776465478686,1.2565330179363676,1.2570032239996816,100
2026-01-13 04:50:00+00:00,1.2570032239996816,1.2572556670639634,1.2568341610110136,1.2570866040752955,100
2026-01-13 04:55:00+00:00,1.2570866040752955,1.2577634778201863,1.2570168686298702,1.257693742374761,100
2026-01-13 05:00:00+00:00,1.257693742374761,1.2577196571652969,1.2576533915443837,1.2576793063349196,100
2026-01-13 05:05:00+00:00,1.2576793063349196,1.25791163227544,1.2573129262386964,1.2575452521792168,100
2026-01-13 05:10:00+00:00,1.2575452521792168,1.257821368207195,1.2575381759783135,1.2578142920062918,100
2026-01-13 05:15:00+00:00,1.2578142920062918,1.258255125581327,1.2577230490628946,1.2581638826379298,100
2026-01-13 05:20:00+00:00,1.2581638826379298,1.2581700107770897,1.2579036630841327,1.2579097912232926,100
2026-01-13 05:25:00+00:00,1.2579097912232926,1.258321535507196,1.2578366329861435,1.2582483772700468,100
2026-01-13 05:30:00+00:00,1.2582483772700468,1.2583452298051225,1.257709575681318,1.2578064282163937,100
2026-01-13 05:35:00+00:00,1.2578064282163937,1.2579065556007671,1.2577018513283966,1.25780197871277,100
2026-01-13 05:40:00+00:00,1.25780197871277,1.2580718565299374,1.257366837860363,1.2576367156775303,100
2026-01-13 05:45:00+00:00,1.2576367156775303,1.257686024336088,1.2572355869396623,1.2572848955982199,100
2026-01-13 05:50:00+00:00,1.2572848955982199,1.2572944561415706,1.257270327131007,1.2572798876743578,100
2026-01-13 05:55:00+00:00,1.2572798876743578,1.2578973424560862,1.257158481324972,1.2577759361067005,100
2026-01-13 06:00:00+00:00,1.2577759361067005,1.257836692825651,1.2575230677815041,1.2575838245004547,100
2026-01-13 06:05:00+00:00,1.2575838245004547,1.2578945493850582,1.2572302768598855,1.257541001744489,100
2026-01-13 06:10:00+00:00,1.257541001744489,1.2576865372683728,1.2573038051590826,1.2574493406829663,100
2026-01-13 06:15:00+00:00,1.2574493406829663,1.257470557557457,1.257300567275869,1.2573217841503597,100
2026-01-13 06:20:00+00:00,1.2573217841503597,1.2582069941389271,1.2572328218901803,1.2581180318787477,100
2026-01-13 06:25:00+00:00,1.2581180318787477,1.2582913216695775,1.257850977743847,1.2580242675346767,100
2026-01-13 06:30:00+00:00,1.2580242675346767,1.258129487031279,1.2575941433864584,1.2576993628830606,100
2026-01-13 06:35:00+00:00,1.2576993628830606,1.2578789389037257,1.2576891726882096,1.2578687487088747,100
2026-01-13 06:40:00+00:00,1.2578687487088747,1.2579553249172548,1.257860818064637,1.257947394273017,100
2026-01-13 06:45:00+00:00,1.257947394273017,1.2580093850799576,1.257785082134693,1.2578470729416336,100
2026-01-13 06:50:00+00:00,1.2578470729416336,1.2581540435826704,1.256912181164985,1.2572191518060218,100
2026-01-13 06:55:00+00:00,1.2572191518060218,1.2574612120313347,1.2571222644985376,1.2573643247238504,100
2026-01-13 07:00:00+00:00,1.2573643247238504,1.258073056111312,1.257263251114467,1.2579719825019287,100
2026-01-13 07:05:00+00:00,1.2579719825019287,1.2581728913815076,1.2578316442673247,1.2580325531469037,100
2026-01-13 07:10:00+00:00,1.2580325531469037,1.2585340171087231,1.2579992058183078,1.2585006697801273,100
2026-01-13 07:15:00+00:00,1.2585006697801273,1.2586292674621906,1.258396851499369,1.2585254491814324,100
2026-01-13 07:20:00+00:00,1.2585254491814324,1.2588028021775306,1.2583858883492778,1.258663241345376,100
2026-01-13 07:25:00+00:00,1.258663241345376,1.2589429385351194,1.258424624546041,1.2587043217357845,100
2026-01-13 07:30:00+00:00,1.2587043217357845,1.2587796661470667,1.258459011141546,1.258534355552828,100
2026-01-13 07:35:00+00:00,1.258534355552828,1.2585769738132457,1.2583919918978308,1.2584346101582484,100
2026-01-13 07:40:00+00:00,1.2584346101582484,1.2585855546913653,1.2583306103076184,1.2584815548407353,100
2026-01-13 07:45:00+00:00,1.2584815548407353,1.2586872468506523,1.258081757796146,1.258287449806063,100
2026-01-13 07:50:00+00:00,1.258287449806063,1.2585364059611792,1.258255011384619,1.2585039675397351,100
2026-01-13 07:55:00+00:00,1.2585039675397351,1.259032548008022,1.2583026745496508,1.2588312550179377,100
2026-01-13 08:00:00+00:00,1.2588312550179377,1.2591332272194804,1.2587072204819487,1.2590091926834914,100
2026-01-13 08:05:00+00:00,1.2590091926834914,1.259092461682316,1.2590049491706878,1.2590882181695124,100
2026-01-13 08:10:00+00:00,1.2590882181695124,1.2592942484762706,1.2590457932588082,1.2592518235655663,100
2026-01-13 08:15:00+00:00,1.2592518235655663,1.2594657052004519,1.2592242695316673,1.2594381511665529,100
2026-01-13 08:20:00+00:00,1.2594381511665529,1.2601529035207055,1.2591141084974142,1.2598288608515669,100
2026-01-13 08:25:00+00:00,1.2598288608515669,1.2599060015939432,1.2590564901858572,1.2591336309282335,100
2026-01-13 08:30:00+00:00,1.2591336309282335,1.259781533017332,1.2590257954466362,1.2596736975357348,100
2026-01-13 08:35:00+00:00,1.2596736975357348,1.2598656195384634,1.259435045193741,1.2596269671964697,100
2026-01-13 08:40:00+00:00,1.2596269671964697,1.260478260094341,1.2595597786075647,1.260411071505436,100
2026-01-13 08:45:00+00:00,1.260411071505436,1.2609903433924836,1.2603882109043225,1.2609674827913702,100
2026-01-13 08:50:00+00:00,1.2609674827913702,1.2611903956047121,1.2608455676558268,1.2610684804691688,100
2026-01-13 08:55:00+00:00,1.2610684804691688,1.2611904259429483,1.26105145743632,1.2611734029100996,100
2026-01-13 09:00:00+00:00,1.2611734029100996,1.261383308590835,1.2608173754568222,1.2610272811375576,100
2026-01-13 09:05:00+00:00,1.2610272811375576,1.2615002965867903,1.2608194080353727,1.2612924234846055,100
2026-01-13 09:10:00+00:00,1.2612924234846055,1.2614677596487742,1.2610717814258599,1.2612471175900286,100
2026-01-13 09:15:00+00:00,1.2612471175900286,1.2617005784511337,1.2611460361341196,1.2615994969952247,100
2026-01-13 09:20:00+00:00,1.2615994969952247,1.2616918670132067,1.2613064977484187,1.2613988677664008,100
2026-01-13 09:25:00+00:00,1.2613988677664008,1.2614646976266186,1.2606154650508241,1.260681294911042,100
2026-01-13 09:30:00+00:00,1.260681294911042,1.261007071286723,1.2601686733859838,1.2604944497616648,100
2026-01-13 09:35:00+00:00,1.2604944497616648,1.2609141166924016,1.260448431337695,1.2608680982684317,100
2026-01-13 09:40:00+00:00,1.2608680982684317,1.260901809595469,1.2607783626873128,1.26081207401435,100
2026-01-13 09:45:00+00:00,1.26081207401435,1.2610824139128445,1.2606211334799695,1.260891473378464,100
2026-01-13 09:50:00+00:00,1.260891473378464,1.2609523611844569,1.2604821812402207,1.2605430690462136,100
2026-01-13 09:55:00+00:00,1.2605430690462136,1.2605918600773816,1.2604867286311174,1.2605355196622854,100
2026-01-13 10:00:00+00:00,1.2605355196622854,1.2607756469341134,1.2604706244265613,1.2607107516983893,100
2026-01-13 10:05:00+00:00,1.2607107516983893,1.2619739702384247,1.2603673642002617,1.2616305827402972,100
2026-01-13 10:10:00+00:00,1.2616305827402972,1.261859788017208,1.2614311120442234,1.2616603173211343,100
2026-01-13 10:15:00+00:00,1.2616603173211343,1.2616683823485433,1.2615938849911306,1.2616019500185396,100
2026-01-13 10:20:00+00:00,1.2616019500185396,1.2617867907544429,1.2614661674423375,1.2616510081782408,100
2026-01-13 10:25:00+00:00,1.2616510081782408,1.2618760329083538,1.2616075953982664,1.2618326201283794,100
2026-01-13 10:30:00+00:00,1.2618326201283794,1.2622415559076814,1.261651657361539,1.262060593140841,100
2026-01-13 10:35:00+00:00,1.262060593140841,1.2628181707458936,1.2620494568063971,1.2628070344114497,100
2026-01-13 10:40:00+00:00,1.2628070344114497,1.2629241216113576,1.2622262692512662,1.2623433564511741,100
2026-01-13 10:45:00+00:00,1.2623433564511741,1.2624648471474318,1.2621628244015757,1.2622843150978333,100
2026-01-13 10:50:00+00:00,1.2622843150978333,1.2623517170594218,1.2620631838889034,1.2621305858504919,100
2026-01-13 10:55:00+00:00,1.2621305858504919,1.2624303243794475,1.2617939689495066,1.2620937074784622,100
2026-01-13 11:00:00+00:00,1.2620937074784622,1.2621732527154506,1.261645003012333,1.2617245482493213,100
2026-01-13 11:05:00+00:00,1.2617245482493213,1.2617502928373963,1.261323420451179,1.2613491650392539,100
2026-01-13 11:10:00+00:00,1.2613491650392539,1.2618028897070248,1.2612678506246306,1.2617215752924016,100
2026-01-13 11:15:00+00:00,1.2617215752924016,1.2618679280034233,1.2614234968002225,1.2615698495112442,100
2026-01-13 11:20:00+00:00,1.2615698495112442,1.2616204337886257,1.2612301305694105,1.261280714846792,100
2026-01-13 11:25:00+00:00,1.261280714846792,1.2619279002922155,1.261051214722938,1.2616984001683615,100
2026-01-13 11:30:00+00:00,1.2616984001683615,1.2617132868702439,1.2615666516887325,1.2615815383906148,100
2026-01-13 11:35:00+00:00,1.2615815383906148,1.261751707479699,1.2606731011276677,1.2608432702167518,100
2026-01-13 11:40:00+00:00,1.2608432702167518,1.2609452669660686,1.2603522099538078,1.2604542067031246,100
2026-01-13 11:45:00+00:00,1.2604542067031246,1.260509966180331,1.2600212888414715,1.2600770483186778,100
2026-01-13 11:50:00+00:00,1.2600770483186778,1.2602053067010404,1.259777432296422,1.2599056906787844,100
2026-01-13 11:55:00+00:00,1.2599056906787844,1.260098360064716,1.2598414492101355,1.260034118596067,100
2026-01-13 12:00:00+00:00,1.260034118596067,1.2600857897118034,1.2598394860867106,1.259891157202447,100
2026-01-13 12:05:00+00:00,1.259891157202447,1.2601671031179782,1.2593321134585778,1.259608059374109,100
2026-01-13 12:10:00+00:00,1.259608059374109,1.260150838034572,1.2595679844315724,1.2601107630920354,100
2026-01-13 12:15:00+00:00,1.2601107630920354,1.260167358474577,1.2598118763346267,1.2598684717171682,100
2026-01-13 12:20:00+00:00,1.2598684717171682,1.2601863194930696,1.259777384270165,1.2600952320460663,100
2026-01-13 12:25:00+00:00,1.2600952320460663,1.2603155025493225,1.259968929541802,1.260189200045058,100
2026-01-13 12:30:00+00:00,1.260189200045058,1.2602621361363031,1.2593483189059416,1.2594212549971866,100
2026-01-13 12:35:00+00:00,1.2594212549971866,1.2594893932178297,1.2589661335876423,1.2590342718082854,100
2026-01-13 12:40:00+00:00,1.2590342718082854,1.2591219225518544,1.2586843675372674,1.2587720182808364,100
2026-01-13 12:45:00+00:00,1.2587720182808364,1.259251941949214,1.2585487743661197,1.2590286980344974,100
2026-01-13 12:50:00+00:00,1.2590286980344974,1.2594003934625069,1.2589937163351599,1.2593654117631694,100
2026-01-13 12:55:00+00:00,1.2593654117631694,1.2597251006733226,1.2593065283109728,1.259666217221126,100
2026-01-13 13:00:00+00:00,1.259666217221126,1.2602267966085436,1.2593878559335685,1.2599484353209862,100
2026-01-13 13:05:00+00:00,1.2599484353209862,1.2602237595705768,1.2598152544620154,1.260090578711606,100
2026-01-13 13:10:00+00:00,1.260090578711606,1.2602242601472249,1.2599123767707996,1.2600460582064186,100
2026-01-13 13:15:00+00:00,1.2600460582064186,1.2605909072650854,1.2599088433411116,1.2604536923997784,100
2026-01-13 13:20:00+00:00,1.2604536923997784,1.260486963656469,1.2597276718967294,1.25976094315342,100
2026-01-13 13:25:00+00:00,1.25976094315342,1.2601622105832933,1.259738461695445,1.2601397291253182,100
2026-01-13 13:30:00+00:00,1.2601397291253182,1.2605045946992692,1.259173977589595,1.259538843163546,100
2026-01-13 13:35:00+00:00,1.259538843163546,1.259560624834781,1.2590951772394137,1.2591169589106488,100
2026-01-13 13:40:00+00:00,1.2591169589106488,1.2593545235967243,1.2583388448644666,1.258576409550542,100
2026-01-13 13:45:00+00:00,1.258576409550542,1.2594068456925356,1.2584751214034329,1.2593055575454264,100
2026-01-13 13:50:00+00:00,1.2593055575454264,1.259701625364421,1.259220970625305,1.2596170384442997,100
2026-01-13 13:55:00+00:00,1.2596170384442997,1.2596265592696338,1.2595504605770378,1.259559981402372,100
2026-01-13 14:00:00+00:00,1.259559981402372,1.2598679443028402,1.2594602047474917,1.25976816764796,100
2026-01-13 14:05:00+00:00,1.25976816764796,1.2598488909726735,1.2593595576764118,1.2594402810011254,100
2026-01-13 14:10:00+00:00,1.2594402810011254,1.2594769395906467,1.2593892973473506,1.259425955936872,100
2026-01-13 14:15:00+00:00,1.259425955936872,1.2595712750117094,1.2590251199218236,1.2591704389966611,100
2026-01-13 14:20:00+00:00,1.2591704389966611,1.2591799127006058,1.2585608503429975,1.2585703240469421,100
2026-01-13 14:25:00+00:00,1.2585703240469421,1.2590463911522325,1.258563448271088,1.2590395153763783,100
2026-01-13 14:30:00+00:00,1.2590395153763783,1.2590670234107415,1.2586584340649518,1.258685942099315,100
2026-01-13 14:35:00+00:00,1.258685942099315,1.2590951552333116,1.2585310169194943,1.2589402300534909,100
2026-01-13 14:40:00+00:00,1.2589402300534909,1.2590654060479534,1.258579492354332,1.2587046683487946,100
2026-01-13 14:45:00+00:00,1.2587046683487946,1.2587699819410931,1.2586616961428982,1.2587270097351968,100
2026-01-13 14:50:00+00:00,1.2587270097351968,1.2593383373642326,1.2586003351049815,1.2592116627340173,100
2026-01-13 14:55:00+00:00,1.2592116627340173,1.2592223384489187,1.2591227371725036,1.259133412887405,100
2026-01-13 15:00:00+00:00,1.259133412887405,1.2597473164826951,1.2590416664764739,1.259655570071764,100
2026-01-13 15:05:00+00:00,1.259655570071764,1.2599825691437778,1.2596436176980974,1.2599706167701112,100
2026-01-13 15:10:00+00:00,1.2599706167701112,1.2611346134167352,1.2599436892352935,1.2611076858819175,100
2026-01-13 15:15:00+00:00,1.2611076858819175,1.2612296036511221,1.2606666291441555,1.2607885469133602,100
2026-01-13 15:20:00+00:00,1.2607885469133602,1.2611251310926235,1.260678068070891,1.2610146522501542,100
2026-01-13 15:25:00+00:00,1.2610146522501542,1.2611124551631112,1.2608587082619884,1.2609565111749454,100
2026-01-13 15:30:00+00:00,1.2609565111749454,1.2609785060276206,1.2608304801327936,1.2608524749854688,100
2026-01-13 15:35:00+00:00,1.2608524749854688,1.2608664840345545,1.2607315902391831,1.2607455992882688,100
2026-01-13 15:40:00+00:00,1.2607455992882688,1.2608155309160944,1.2603355019679654,1.260405433595791,100
2026-01-13 15:45:00+00:00,1.260405433595791,1.260987832193289,1.2603020419719773,1.2608844405694752,100
2026-01-13 15:50:00+00:00,1.2608844405694752,1.2618543696368814,1.260875285170439,1.2618452142378451,100
2026-01-13 15:55:00+00:00,1.2618452142378451,1.26246687469775,1.261547644736881,1.262169305196786,100
2026-01-13 16:00:00+00:00,1.262169305196786,1.262184982013013,1.261363628820809,1.2613793056370362,100
2026-01-13 16:05:00+00:00,1.2613793056370362,1.261605620456019,1.2606328561400868,1.2608591709590697,100
2026-01-13 16:10:00+00:00,1.2608591709590697,1.2609008131458599,1.260602376293332,1.2606440184801222,100
2026-01-13 16:15:00+00:00,1.2606440184801222,1.2609239453833536,1.2605056775266448,1.2607856044298762,100
2026-01-13 16:20:00+00:00,1.2607856044298762,1.2608434617392703,1.2606756431154527,1.2607335004248468,100
2026-01-13 16:25:00+00:00,1.2607335004248468,1.2608537139593097,1.26047476858685,1.260594982121313,100
2026-01-13 16:30:00+00:00,1.260594982121313,1.2612005210238242,1.260321411601042,1.2609269505035532,100
2026-01-13 16:35:00+00:00,1.2609269505035532,1.261484938938028,1.260833694911962,1.261391683346437,100
2026-01-13 16:40:00+00:00,1.261391683346437,1.262103159901885,1.2612895246121552,1.2620010011676033,100
2026-01-13 16:45:00+00:00,1.2620010011676033,1.2621790348247366,1.2615773206535141,1.2617553543106474,100
2026-01-13 16:50:00+00:00,1.2617553543106474,1.2619276401559476,1.26136343756791,1.26153572341321,100
2026-01-13 16:55:00+00:00,1.26153572341321,1.2617177872809437,1.2613220835972867,1.2615041474650204,100
2026-01-13 17:00:00+00:00,1.2615041474650204,1.2615108771039336,1.261046027028527,1.2610527566674403,100
2026-01-13 17:05:00+00:00,1.2610527566674403,1.2611776837210178,1.2608942424312917,1.2610191694848691,100
2026-01-13 17:10:00+00:00,1.2610191694848691,1.26102307477851,1.260514554852475,1.260518460146116,100
2026-01-13 17:15:00+00:00,1.260518460146116,1.2605839287118323,1.2602416404937182,1.2603071090594347,100
2026-01-13 17:20:00+00:00,1.2603071090594347,1.2607008067276728,1.2602661855428996,1.2606598832111378,100
2026-01-13 17:25:00+00:00,1.2606598832111378,1.2611890989672951,1.2605745566728361,1.2611037724289935,100
2026-01-13 17:30:00+00:00,1.2611037724289935,1.2613081490543272,1.2610265725825824,1.2612309492079161,100
2026-01-13 17:35:00+00:00,1.2612309492079161,1.2614690925012442,1.2605480893188472,1.2607862326121753,100
2026-01-13 17:40:00+00:00,1.2607862326121753,1.2610272272338126,1.2607536179535264,1.2609946125751637,100
2026-01-13 17:45:00+00:00,1.2609946125751637,1.260996083391755,1.2607560158129858,1.2607574866295772,100
2026-01-13 17:50:00+00:00,1.2607574866295772,1.2610700413654983,1.2606535146145357,1.2609660693504567,100
2026-01-13 17:55:00+00:00,1.2609660693504567,1.2610862905788083,1.2609449468271559,1.2610651680555074,100
2026-01-13 18:00:00+00:00,1.2610651680555074,1.2612148852522789,1.2606534538521763,1.2608031710489478,100
2026-01-13 18:05:00+00:00,1.2608031710489478,1.2610041748727072,1.2602830664029077,1.260484070226667,100
2026-01-13 18:10:00+00:00,1.260484070226667,1.2605943940255189,1.2597255643708234,1.2598358881696752,100
2026-01-13 18:15:00+00:00,1.2598358881696752,1.2598964288442414,1.259577688586489,1.2596382292610553,100
2026-01-13 18:20:00+00:00,1.2596382292610553,1.2599555381138459,1.2596081500095098,1.2599254588623003,100
2026-01-13 18:25:00+00:00,1.2599254588623003,1.2602889347427497,1.2593734977658717,1.259736973646321,100
2026-01-13 18:30:00+00:00,1.259736973646321,1.2601575591752083,1.2596867327704115,1.2601073182992988,100
2026-01-13 18:35:00+00:00,1.2601073182992988,1.2602292110159354,1.259818692224431,1.2599405849410676,100
2026-01-13 18:40:00+00:00,1.2599405849410676,1.2602019254333845,1.259829026991663,1.2600903674839798,100
2026-01-13 18:45:00+00:00,1.2600903674839798,1.2601970569208667,1.2596126122361564,1.2597193016730432,100
2026-01-13 18:50:00+00:00,1.2597193016730432,1.2598698726137418,1.259197338849248,1.2593479097899465,100
2026-01-13 18:55:00+00:00,1.2593479097899465,1.2595399344449743,1.2590057149401208,1.2591977395951486,100
2026-01-13 19:00:00+00:00,1.2591977395951486,1.2594742537267276,1.2591087842816397,1.2593852984132188,100
2026-01-13 19:05:00+00:00,1.2593852984132188,1.2595879466562259,1.2589665792568343,1.2591692274998414,100
2026-01-13 19:10:00+00:00,1.2591692274998414,1.2593721330744947,1.2588302195112908,1.2590331250859441,100
2026-01-13 19:15:00+00:00,1.2590331250859441,1.2592234575251648,1.2587904936102925,1.2589808260495132,100
2026-01-13 19:20:00+00:00,1.2589808260495132,1.2596525020327183,1.258778262377977,1.2594499383611821,100
2026-01-13 19:25:00+00:00,1.2594499383611821,1.2599128268373916,1.2592161637997896,1.259679052275999,100
2026-01-13 19:30:00+00:00,1.259679052275999,1.2599502711181154,1.2594955765749705,1.2597667954170868,100
2026-01-13 19:35:00+00:00,1.2597667954170868,1.2598215598117788,1.2595310053737048,1.2595857697683968,100
2026-01-13 19:40:00+00:00,1.2595857697683968,1.2601816509057395,1.259457996973264,1.2600538781106068,100
2026-01-13 19:45:00+00:00,1.2600538781106068,1.2601179782616738,1.2597857123761544,1.2598498125272215,100
2026-01-13 19:50:00+00:00,1.2598498125272215,1.259886793094164,1.258969353277757,1.2590063338446995,100
2026-01-13 19:55:00+00:00,1.2590063338446995,1.2591483521420894,1.25874068518441,1.2588827034818,100
2026-01-13 20:00:00+00:00,1.2588827034818,1.2589978328997116,1.2587270697153845,1.258842199133296,100
2026-01-13 20:05:00+00:00,1.258842199133296,1.2594259879546505,1.2585194120197616,1.259103200841116,100
2026-01-13 20:10:00+00:00,1.259103200841116,1.2597417551247019,1.2589313875081916,1.2595699417917774,100
2026-01-13 20:15:00+00:00,1.2595699417917774,1.2600510617154912,1.2595271741690266,1.2600082940927404,100
2026-01-13 20:20:00+00:00,1.2600082940927404,1.2601037131152872,1.259831349670202,1.2599267686927489,100
2026-01-13 20:25:00+00:00,1.2599267686927489,1.2599521352553853,1.2595410891843688,1.2595664557470052,100
2026-01-13 20:30:00+00:00,1.2595664557470052,1.2596334982619048,1.2592899348813391,1.2593569773962388,100
2026-01-13 20:35:00+00:00,1.2593569773962388,1.259568860996289,1.2587514057392455,1.2589632893392957,100
2026-01-13 20:40:00+00:00,1.2589632893392957,1.2594649454983553,1.2587930438435493,1.259294700002609,100
2026-01-13 20:45:00+00:00,1.259294700002609,1.2598728134588617,1.2592758296815243,1.259853943137777,100
2026-01-13 20:50:00+00:00,1.259853943137777,1.2600767261780974,1.259690326096365,1.2599131091366853,100
2026-01-13 20:55:00+00:00,1.2599131091366853,1.260130217020392,1.259709403965344,1.2599265118490508,100
2026-01-13 21:00:00+00:00,1.2599265118490508,1.2601882814547911,1.2598204960404245,1.2600822656461648,100
2026-01-13 21:05:00+00:00,1.2600822656461648,1.260336950331047,1.2600217638833637,1.260276448568246,100
2026-01-13 21:10:00+00:00,1.260276448568246,1.2603845904910722,1.260119467851993,1.260227609774819,100
2026-01-13 21:15:00+00:00,1.260227609774819,1.2604666778269609,1.2595654298607042,1.259804497912846,100
2026-01-13 21:20:00+00:00,1.259804497912846,1.2602166484007118,1.2598015282437502,1.260213678731616,100
2026-01-13 21:25:00+00:00,1.260213678731616,1.2604915283152833,1.2601915852698613,1.2604694348535286,100
2026-01-13 21:30:00+00:00,1.2604694348535286,1.2606857500982467,1.2604005798663942,1.2606168951111123,100
2026-01-13 21:35:00+00:00,1.2606168951111123,1.260650142562464,1.2598479662200956,1.2598812136714475,100
2026-01-13 21:40:00+00:00,1.2598812136714475,1.260167234433742,1.259520310218931,1.2598063309812255,100
2026-01-13 21:45:00+00:00,1.2598063309812255,1.2599745430878537,1.2595355976035272,1.2597038097101554,100
2026-01-13 21:50:00+00:00,1.2597038097101554,1.2601488594869565,1.2591759134799332,1.2596209632567343,100
2026-01-13 21:55:00+00:00,1.2596209632567343,1.2597744921068574,1.2592355222584255,1.2593890511085486,100
2026-01-13 22:00:00+00:00,1.2593890511085486,1.2594517515529442,1.2590907722393543,1.2591534726837499,100
2026-01-13 22:05:00+00:00,1.2591534726837499,1.259160678547441,1.2591335735711922,1.2591407794348832,100
2026-01-13 22:10:00+00:00,1.2591407794348832,1.2594583000582593,1.2590917271072741,1.2594092477306502,100
2026-01-13 22:15:00+00:00,1.2594092477306502,1.2596448670421307,1.2590132700247731,1.2592488893362537,100
2026-01-13 22:20:00+00:00,1.2592488893362537,1.2597523014661822,1.259221188955681,1.2597246010856096,100
2026-01-13 22:25:00+00:00,1.2597246010856096,1.2598930310897554,1.259409276561871,1.2595777065660168,100
2026-01-13 22:30:00+00:00,1.2595777065660168,1.2599504205022962,1.2593601274261106,1.25973284136239,100
2026-01-13 22:35:00+00:00,1.25973284136239,1.2598981243864062,1.2588276897560706,1.2589929727800868,100
2026-01-13 22:40:00+00:00,1.2589929727800868,1.259088737146508,1.258849542480079,1.2589453068465002,100
2026-01-13 22:45:00+00:00,1.2589453068465002,1.2592423293943777,1.2586823830922282,1.2589794056401058,100
2026-01-13 22:50:00+00:00,1.2589794056401058,1.259071361367194,1.2581396488051626,1.2582316045322508,100
2026-01-13 22:55:00+00:00,1.2582316045322508,1.2582657101719605,1.25822636731609,1.2582604729557998,100
2026-01-13 23:00:00+00:00,1.2582604729557998,1.258312801568875,1.2580649324419881,1.2581172610550633,100
2026-01-13 23:05:00+00:00,1.2581172610550633,1.2582365118793728,1.258113560736828,1.2582328115611374,100
2026-01-13 23:10:00+00:00,1.2582328115611374,1.2589097446689723,1.2579490176440828,1.2586259507519177,100
2026-01-13 23:15:00+00:00,1.2586259507519177,1.2588404114510174,1.2583214322564273,1.258535892955527,100
2026-01-13 23:20:00+00:00,1.258535892955527,1.2585446106471152,1.257916792658301,1.2579255103498892,100
2026-01-13 23:25:00+00:00,1.2579255103498892,1.258029048430659,1.2575601818267266,1.2576637199074965,100
2026-01-13 23:30:00+00:00,1.2576637199074965,1.257702186906284,1.2573739451913248,1.2574124121901125,100
2026-01-13 23:35:00+00:00,1.2574124121901125,1.2580170004322189,1.2573777771953307,1.2579823654374371,100
2026-01-13 23:40:00+00:00,1.2579823654374371,1.2580616289167512,1.2579693603406297,1.2580486238199438,100
2026-01-13 23:45:00+00:00,1.2580486238199438,1.2584973583319303,1.2576329342290393,1.258081668741026,100
2026-01-13 23:50:00+00:00,1.258081668741026,1.258247275228888,1.2580722858102678,1.2582378922981299,100
2026-01-13 23:55:00+00:00,1.2582378922981299,1.2583692403040145,1.2580729382718427,1.2582042862777274,100
2026-01-14 00:00:00+00:00,1.2582042862777274,1.2588408416011843,1.25802179031719,1.2586583456406468,100
2026-01-14 00:05:00+00:00,1.2586583456406468,1.2586636332798995,1.258362662341041,1.2583679499802938,100
2026-01-14 00:10:00+00:00,1.2583679499802938,1.2584716127474873,1.2571364187299512,1.2572400814971447,100
2026-01-14 00:15:00+00:00,1.2572400814971447,1.2573610334064653,1.2566953191106438,1.2568162710199644,100
2026-01-14 00:20:00+00:00,1.2568162710199644,1.2573231055994296,1.2567046338910153,1.2572114684704805,100
2026-01-14 00:25:00+00:00,1.2572114684704805,1.257503445104927,1.2569077034408538,1.2571996800753003,100
2026-01-14 00:30:00+00:00,1.2571996800753003,1.2578984609483057,1.2570421214390952,1.2577409023121007,100
2026-01-14 00:35:00+00:00,1.2577409023121007,1.2579926191228357,1.257111100413388,1.257362817224123,100
2026-01-14 00:40:00+00:00,1.257362817224123,1.257371853413228,1.257339334674865,1.25734837086397,100
2026-01-14 00:45:00+00:00,1.25734837086397,1.257474404239254,1.2564410666733252,1.2565671000486092,100
2026-01-14 00:50:00+00:00,1.2565671000486092,1.2567923430620176,1.2565358737641048,1.2567611167775132,100
2026-01-14 00:55:00+00:00,1.2567611167775132,1.2567895237957638,1.2556782687767192,1.2557066757949698,100
2026-01-14 01:00:00+00:00,1.2557066757949698,1.2558541232592237,1.2554048889806568,1.2555523364449108,100
2026-01-14 01:05:00+00:00,1.2555523364449108,1.255827892565099,1.2553280797205568,1.255603635840745,100
2026-01-14 01:10:00+00:00,1.255603635840745,1.2556939420992403,1.2551362854952703,1.2552265917537657,100
2026-01-14 01:15:00+00:00,1.2552265917537657,1.2558391571312415,1.2550177338389648,1.2556302992164405,100
2026-01-14 01:20:00+00:00,1.2556302992164405,1.2557956896901623,1.2552284084450698,1.2553937989187915,100
2026-01-14 01:25:00+00:00,1.2553937989187915,1.2556226595630926,1.2553506406795243,1.2555795013238253,100
2026-01-14 01:30:00+00:00,1.2555795013238253,1.2560438403065706,1.2552397475179506,1.2557040865006959,100
2026-01-14 01:35:00+00:00,1.2557040865006959,1.2559054804063734,1.2556629042243805,1.255864298130058,100
2026-01-14 01:40:00+00:00,1.255864298130058,1.2559867131336777,1.2548400663535773,1.254962481357197,100
2026-01-14 01:45:00+00:00,1.254962481357197,1.255131026820554,1.2543258500155134,1.2544943954788705,100
2026-01-14 01:50:00+00:00,1.2544943954788705,1.2545518223934387,1.2539749591253813,1.2540323860399494,100
2026-01-14 01:55:00+00:00,1.2540323860399494,1.254233312948425,1.2531794291636256,1.2533803560721013,100
2026-01-14 02:00:00+00:00,1.2533803560721013,1.2536036905725898,1.253360466315877,1.2535838008163656,100
2026-01-14 02:05:00+00:00,1.2535838008163656,1.2536185285928563,1.2531719447397012,1.2532066725161919,100
2026-01-14 02:10:00+00:00,1.2532066725161919,1.253799630096455,1.2529184711795605,1.2535114287598235,100
2026-01-14 02:15:00+00:00,1.2535114287598235,1.2536048815069694,1.2532296576774746,1.2533231104246205,100
2026-01-14 02:20:00+00:00,1.2533231104246205,1.2537377368792253,1.2531808430384155,1.2535954694930203,100
2026-01-14 02:25:00+00:00,1.2535954694930203,1.2536287419664178,1.2532129825501443,1.253246255023542,100
2026-01-14 02:30:00+00:00,1.253246255023542,1.2533489683666412,1.2528744364341815,1.2529771497772808,100
2026-01-14 02:35:00+00:00,1.2529771497772808,1.25338005461652,1.2528643060394986,1.2532672108787377,100
2026-01-14 02:40:00+00:00,1.2532672108787377,1.253338401539402,1.252634892644721,1.2527060833053854,100
2026-01-14 02:45:00+00:00,1.2527060833053854,1.2528333047553784,1.252701363814761,1.252828585264754,100
2026-01-14 02:50:00+00:00,1.252828585264754,1.253043823168877,1.252064494805508,1.2522797327096309,100
2026-01-14 02:55:00+00:00,1.2522797327096309,1.2525988588754235,1.2522010316435563,1.252520157809349,100
2026-01-14 03:00:00+00:00,1.252520157809349,1.2526063218231132,1.2523599561683143,1.2524461201820785,100
2026-01-14 03:05:00+00:00,1.2524461201820785,1.2524570571807532,1.2520599417552327,1.2520708787539074,100
2026-01-14 03:10:00+00:00,1.2520708787539074,1.2521751922978412,1.251947609024749,1.2520519225686828,100
2026-01-14 03:15:00+00:00,1.2520519225686828,1.252517351220278,1.251651873059231,1.2521173017108262,100
2026-01-14 03:20:00+00:00,1.2521173017108262,1.2523953995172932,1.252023750140208,1.252301847946675,100
2026-01-14 03:25:00+00:00,1.252301847946675,1.2523987483064272,1.25175354287975,1.2518504432395021,100
2026-01-14 03:30:00+00:00,1.2518504432395021,1.2524245245714045,1.2517804473758556,1.252354528707758,100
2026-01-14 03:35:00+00:00,1.252354528707758,1.2528109837891983,1.2523064118930165,1.2527628669744568,100
2026-01-14 03:40:00+00:00,1.2527628669744568,1.252783906110496,1.2517991315918422,1.2518201707278813,100
2026-01-14 03:45:00+00:00,1.2518201707278813,1.2523982315783595,1.2517471387352233,1.2523251995857014,100
2026-01-14 03:50:00+00:00,1.2523251995857014,1.2525954572576221,1.2522229260786106,1.2524931837505313,100
2026-01-14 03:55:00+00:00,1.2524931837505313,1.2528527973869878,1.2513076950824937,1.2516673087189503,100
2026-01-14 04:00:00+00:00,1.2516673087189503,1.2516982976230047,1.2512671182449888,1.2512981071490432,100
2026-01-14 04:05:00+00:00,1.2512981071490432,1.251488761457949,1.2511777224229252,1.251368376731831,100
2026-01-14 04:10:00+00:00,1.251368376731831,1.2514804370582828,1.2512643754640143,1.251376435790466,100
2026-01-14 04:15:00+00:00,1.251376435790466,1.2521520133896906,1.2512772787828415,1.252052856382066,100
2026-01-14 04:20:00+00:00,1.252052856382066,1.252639877801907,1.2519185022130037,1.2525055236328446,100
2026-01-14 04:25:00+00:00,1.2525055236328446,1.2527447320305598,1.2519727457236656,1.2522119541213808,100
2026-01-14 04:30:00+00:00,1.2522119541213808,1.252453826703773,1.2515147784286742,1.2517566510110665,100
2026-01-14 04:35:00+00:00,1.2517566510110665,1.2521985285808452,1.2505273038603497,1.2509691814301285,100
2026-01-14 04:40:00+00:00,1.2509691814301285,1.251144072055275,1.2504929050447444,1.2506677956698908,100
2026-01-14 04:45:00+00:00,1.2506677956698908,1.250874518585673,1.250047821841295,1.250254544757077,100
2026-01-14 04:50:00+00:00,1.250254544757077,1.2508954183234213,1.2502011079625632,1.2508419815289076,100
2026-01-14 04:55:00+00:00,1.2508419815289076,1.250907233171678,1.2508393283569759,1.2509045799997462,100
2026-01-14 05:00:00+00:00,1.2509045799997462,1.2509114271976496,1.250897258922508,1.2509041061204114,100
2026-01-14 05:05:00+00:00,1.2509041061204114,1.2509780955228773,1.250530745412162,1.2506047348146279,100
2026-01-14 05:10:00+00:00,1.2506047348146279,1.2506066824192994,1.2499886159645963,1.2499905635692679,100
2026-01-14 05:15:00+00:00,1.2499905635692679,1.2504832441914744,1.2498997585384632,1.2503924391606698,100
2026-01-14 05:20:00+00:00,1.2503924391606698,1.2506238830175058,1.2492094230965125,1.2494408669533486,100
2026-01-14 05:25:00+00:00,1.2494408669533486,1.250001886980766,1.2494281965425325,1.24998921656995,100
2026-01-14 05:30:00+00:00,1.24998921656995,1.2500646560083548,1.2499053311772916,1.2499807706156965,100
2026-01-14 05:35:00+00:00,1.2499807706156965,1.2507174268804728,1.249890403784818,1.2506270600495943,100
2026-01-14 05:40:00+00:00,1.2506270600495943,1.2510543710266073,1.2505416405214131,1.2509689514984261,100
2026-01-14 05:45:00+00:00,1.2509689514984261,1.2510937351483107,1.24997226024717,1.2500970438970544,100
2026-01-14 05:50:00+00:00,1.2500970438970544,1.2503766950415725,1.2500063507737114,1.2502860019182294,100
2026-01-14 05:55:00+00:00,1.2502860019182294,1.2508885359007422,1.2500486329911678,1.2506511669736806,100
2026-01-14 06:00:00+00:00,1.2506511669736806,1.2511008937659491,1.25052378611823,1.2509735129104984,100
2026-01-14 06:05:00+00:00,1.2509735129104984,1.2510641258773216,1.2508446173868475,1.2509352303536707,100
2026-01-14 06:10:00+00:00,1.2509352303536707,1.250982549195486,1.2504514755410185,1.2504987943828338,100
2026-01-14 06:15:00+00:00,1.2504987943828338,1.250612527247855,1.2497488697784092,1.2498626026434303,100
2026-01-14 06:20:00+00:00,1.2498626026434303,1.2500913499411967,1.249748748410024,1.2499774957077905,100
2026-01-14 06:25:00+00:00,1.2499774957077905,1.250092223004446,1.2493722900020239,1.2494870172986794,100
2026-01-14 06:30:00+00:00,1.2494870172986794,1.2496179132097427,1.2491185799524258,1.2492494758634891,100
2026-01-14 06:35:00+00:00,1.2492494758634891,1.249335289451362,1.2492307265901537,1.2493165401780266,100
2026-01-14 06:40:00+00:00,1.2493165401780266,1.2495607965244016,1.2491609641812709,1.2494052205276458,100
2026-01-14 06:45:00+00:00,1.2494052205276458,1.24942192392252,1.2488800556160928,1.248896759010967,100
2026-01-14 06:50:00+00:00,1.248896759010967,1.248991505302477,1.2488717998286558,1.2489665461201658,100
2026-01-14 06:55:00+00:00,1.2489665461201658,1.2496586482271133,1.2485927396493297,1.2492848417562772,100
2026-01-14 07:00:00+00:00,1.2492848417562772,1.2495398362647527,1.2492171509754884,1.249472145483964,100
2026-01-14 07:05:00+00:00,1.249472145483964,1.2499800922005868,1.2493626755726128,1.2498706222892357,100
2026-01-14 07:10:00+00:00,1.2498706222892357,1.2498829950401718,1.24909572902443,1.249108101775366,100
2026-01-14 07:15:00+00:00,1.249108101775366,1.2492278763402072,1.2484801621985004,1.2485999367633416,100
2026-01-14 07:20:00+00:00,1.2485999367633416,1.2486716670615714,1.248518826239977,1.2485905565382067,100
2026-01-14 07:25:00+00:00,1.2485905565382067,1.2487852486804565,1.2479773573031971,1.248172049445447,100
2026-01-14 07:30:00+00:00,1.248172049445447,1.2482138811239718,1.2477584242135602,1.247800255892085,100
2026-01-14 07:35:00+00:00,1.247800255892085,1.247830307128871,1.2473919997793248,1.2474220510161107,100
2026-01-14 07:40:00+00:00,1.2474220510161107,1.2478320600802681,1.247388014011893,1.2477980230760504,100
2026-01-14 07:45:00+00:00,1.2477980230760504,1.2478406357672127,1.247719459066853,1.2477620717580153,100
2026-01-14 07:50:00+00:00,1.2477620717580153,1.2478117816900889,1.2471537211443582,1.2472034310764317,100
2026-01-14 07:55:00+00:00,1.2472034310764317,1.2472939745136042,1.246662048417455,1.2467525918546276,100
2026-01-14 08:00:00+00:00,1.2467525918546276,1.2469048018643882,1.2458795282667956,1.2460317382765562,100
2026-01-14 08:05:00+00:00,1.2460317382765562,1.246115591054116,1.2454119645915773,1.245495817369137,100
2026-01-14 08:10:00+00:00,1.245495817369137,1.2458826008618165,1.2453886506651526,1.245775434157832,100
2026-01-14 08:15:00+00:00,1.245775434157832,1.245896623536309,1.2452268007961553,1.2453479901746323,100
2026-01-14 08:20:00+00:00,1.2453479901746323,1.245400899070205,1.2450158952893813,1.245068804184954,100
2026-01-14 08:25:00+00:00,1.245068804184954,1.245127006363544,1.2449459978281627,1.2450042000067527,100
2026-01-14 08:30:00+00:00,1.2450042000067527,1.2454501190245235,1.2447528161664057,1.2451987351841765,100
2026-01-14 08:35:00+00:00,1.2451987351841765,1.2452340392044696,1.2441476291794733,1.2441829331997665,100
2026-01-14 08:40:00+00:00,1.2441829331997665,1.2445666565297282,1.243592408994567,1.2439761323245286,100
2026-01-14 08:45:00+00:00,1.2439761323245286,1.2446455464872794,1.2438073390381896,1.2444767532009404,100
2026-01-14 08:50:00+00:00,1.2444767532009404,1.2447660015746496,1.2436304598621934,1.2439197082359026,100
2026-01-14 08:55:00+00:00,1.2439197082359026,1.2440428969427633,1.2433731407329693,1.24349632943983,100
2026-01-14 09:00:00+00:00,1.24349632943983,1.2437068042611672,1.2428080320724073,1.2430185068937445,100
2026-01-14 09:05:00+00:00,1.2430185068937445,1.2430832659850033,1.242654424672142,1.2427191837634008,100
2026-01-14 09:10:00+00:00,1.2427191837634008,1.2433654782534551,1.242714965427198,1.2433612599172523,100
2026-01-14 09:15:00+00:00,1.2433612599172523,1.243555984260365,1.2433100889527071,1.2435048132958197,100
2026-01-14 09:20:00+00:00,1.2435048132958197,1.2442906114979209,1.2433692183425569,1.244155016544658,100
2026-01-14 09:25:00+00:00,1.244155016544658,1.2446852845451803,1.2440698708677211,1.2446001388682435,100
2026-01-14 09:30:00+00:00,1.2446001388682435,1.2446898773677935,1.2434950396692066,1.2435847781687566,100
2026-01-14 09:35:00+00:00,1.2435847781687566,1.2436437337053725,1.2428924305240288,1.2429513860606447,100
2026-01-14 09:40:00+00:00,1.2429513860606447,1.2435528428719291,1.2429031316239592,1.2435045884352436,100
2026-01-14 09:45:00+00:00,1.2435045884352436,1.2435319154148199,1.2431618353432108,1.243189162322787,100
2026-01-14 09:50:00+00:00,1.243189162322787,1.2434294121562959,1.2431693179407337,1.2434095677742425,100
2026-01-14 09:55:00+00:00,1.2434095677742425,1.2434785737135305,1.243334074744511,1.243403080683799,100
2026-01-14 10:00:00+00:00,1.243403080683799,1.2435842378478386,1.243156147183655,1.2433373043476945,100
2026-01-14 10:05:00+00:00,1.2433373043476945,1.2438809448011907,1.243300657943177,1.243844298396673,100
2026-01-14 10:10:00+00:00,1.243844298396673,1.2439524808989098,1.24305287087887,1.2431610533811066,100
2026-01-14 10:15:00+00:00,1.2431610533811066,1.243604703385447,1.242521809050825,1.2429654590551653,100
2026-01-14 10:20:00+00:00,1.2429654590551653,1.2429805661634288,1.2427407831544617,1.2427558902627251,100
2026-01-14 10:25:00+00:00,1.2427558902627251,1.2428548818268872,1.2425021454941825,1.2426011370583445,100
2026-01-14 10:30:00+00:00,1.2426011370583445,1.2426585436304938,1.2420293909110918,1.242086797483241,100
2026-01-14 10:35:00+00:00,1.242086797483241,1.2421190990087974,1.2418778688820133,1.2419101704075697,100
2026-01-14 10:40:00+00:00,1.2419101704075697,1.2420583892884576,1.2407937203676769,1.2409419392485648,100
2026-01-14 10:45:00+00:00,1.2409419392485648,1.2411094072787248,1.2400429003212068,1.2402103683513668,100
2026-01-14 10:50:00+00:00,1.2402103683513668,1.2403424078269134,1.2401327762160894,1.240264815691636,100
2026-01-14 10:55:00+00:00,1.240264815691636,1.2403460456059963,1.240197267919053,1.2402784978334132,100
2026-01-14 11:00:00+00:00,1.2402784978334132,1.2404820906634393,1.2390157504930885,1.2392193433231147,100
2026-01-14 11:05:00+00:00,1.2392193433231147,1.2394972782479208,1.2383361505593067,1.2386140854841128,100
2026-01-14 11:10:00+00:00,1.2386140854841128,1.2386239969489636,1.2382220659992513,1.2382319774641022,100
2026-01-14 11:15:00+00:00,1.2382319774641022,1.2383910365476407,1.2379724406762327,1.2381314997597712,100
2026-01-14 11:20:00+00:00,1.2381314997597712,1.2381855990533177,1.238106549222827,1.2381606485163734,100
2026-01-14 11:25:00+00:00,1.2381606485163734,1.2384920141001357,1.2381144603214307,1.238445825905193,100
2026-01-14 11:30:00+00:00,1.238445825905193,1.238714112307624,1.2378608298926177,1.2381291162950487,100
2026-01-14 11:35:00+00:00,1.2381291162950487,1.2381750982959205,1.2380715551878945,1.2381175371887663,100
2026-01-14 11:40:00+00:00,1.2381175371887663,1.238233324335952,1.238042715962503,1.2381585031096887,100
2026-01-14 11:45:00+00:00,1.2381585031096887,1.2383138591372638,1.2378326253906864,1.2379879814182615,100
2026-01-14 11:50:00+00:00,1.2379879814182615,1.2382863057493374,1.2377761818484831,1.238074506179559,100
2026-01-14 11:55:00+00:00,1.238074506179559,1.238209271923457,1.2376563004991905,1.2377910662430884,100
2026-01-14 12:00:00+00:00,1.2377910662430884,1.2381312324962948,1.2377697769191949,1.2381099431724012,100
2026-01-14 12:05:00+00:00,1.2381099431724012,1.238500559279882,1.237912337116847,1.2383029532243277,100
2026-01-14 12:10:00+00:00,1.2383029532243277,1.2388366295047362,1.238225459952682,1.2387591362330905,100
2026-01-14 12:15:00+00:00,1.2387591362330905,1.238880245135149,1.2386238024606018,1.2387449113626603,100
2026-01-14 12:20:00+00:00,1.2387449113626603,1.2390596891771541,1.2375295855076283,1.237844363322122,100
2026-01-14 12:25:00+00:00,1.237844363322122,1.23840051506729,1.2377929931989713,1.2383491449441393,100
2026-01-14 12:30:00+00:00,1.2383491449441393,1.2384586318724904,1.2381532321867654,1.2382627191151165,100
2026-01-14 12:35:00+00:00,1.2382627191151165,1.2385248826433202,1.237927916311296,1.2381900798394996,100
2026-01-14 12:40:00+00:00,1.2381900798394996,1.2384837814919358,1.2375663657153395,1.2378600673677758,100
2026-01-14 12:45:00+00:00,1.2378600673677758,1.2379068287544808,1.2372026367122808,1.2372493980989858,100
2026-01-14 12:50:00+00:00,1.2372493980989858,1.237402718495075,1.2369645702699692,1.2371178906660585,100
2026-01-14 12:55:00+00:00,1.2371178906660585,1.2371708598761422,1.236567742499998,1.2366207117100816,100
2026-01-14 13:00:00+00:00,1.2366207117100816,1.2369077114323177,1.236360654492807,1.236647654215043,100
2026-01-14 13:05:00+00:00,1.236647654215043,1.2367585304781168,1.2360533892752177,1.2361642655382914,100
2026-01-14 13:10:00+00:00,1.2361642655382914,1.2363269600663753,1.235502935799226,1.23566563032731,100
2026-01-14 13:15:00+00:00,1.23566563032731,1.235923295503876,1.2352980590936187,1.2355557242701847,100
2026-01-14 13:20:00+00:00,1.2355557242701847,1.2356130623868498,1.2352620131838061,1.2353193513004712,100
2026-01-14 13:25:00+00:00,1.2353193513004712,1.2354156443285313,1.2346053100717762,1.2347016030998363,100
2026-01-14 13:30:00+00:00,1.2347016030998363,1.234776699445661,1.2345188751962168,1.2345939715420415,100
2026-01-14 13:35:00+00:00,1.2345939715420415,1.2348130607940515,1.2345905021015118,1.2348095913535218,100
2026-01-14 13:40:00+00:00,1.2348095913535218,1.2348730731804143,1.2345343773029764,1.234597859129869,100
2026-01-14 13:45:00+00:00,1.234597859129869,1.2346029795060591,1.234229488409889,1.2342346087860792,100
2026-01-14 13:50:00+00:00,1.2342346087860792,1.2346491083958175,1.2342066847195234,1.2346211843292618,100
2026-01-14 13:55:00+00:00,1.2346211843292618,1.2352085041084098,1.234327602949318,1.234914922728466,100
2026-01-14 14:00:00+00:00,1.234914922728466,1.2350765067473524,1.2345864027239672,1.2347479867428537,100
2026-01-14 14:05:00+00:00,1.2347479867428537,1.2350797523323334,1.2347016589740138,1.2350334245634935,100
2026-01-14 14:10:00+00:00,1.2350334245634935,1.2351049038105535,1.2349466869338013,1.2350181661808612,100
2026-01-14 14:15:00+00:00,1.2350181661808612,1.235111467926675,1.234750790388453,1.2348440921342667,100
2026-01-14 14:20:00+00:00,1.2348440921342667,1.2353098941116687,1.2348181301074734,1.2352839320848754,100
2026-01-14 14:25:00+00:00,1.2352839320848754,1.2353973697256582,1.2349584399498006,1.2350718775905833,100
2026-01-14 14:30:00+00:00,1.2350718775905833,1.2353015549435666,1.2339094194249092,1.2341390967778925,100
2026-01-14 14:35:00+00:00,1.2341390967778925,1.2343821922083338,1.2338892735055018,1.2341323689359431,100
2026-01-14 14:40:00+00:00,1.2341323689359431,1.2343267087294323,1.2332540191368786,1.2334483589303677,100
2026-01-14 14:45:00+00:00,1.2334483589303677,1.2334505420110962,1.233040297795511,1.2330424808762395,100
2026-01-14 14:50:00+00:00,1.2330424808762395,1.233290053914912,1.2329882540942225,1.2332358271328951,100
2026-01-14 14:55:00+00:00,1.2332358271328951,1.2332947120894673,1.2328351034679197,1.2328939884244918,100
2026-01-14 15:00:00+00:00,1.2328939884244918,1.2330774989845668,1.2327608057193922,1.232944316279467,100
2026-01-14 15:05:00+00:00,1.232944316279467,1.233114857358378,1.2327055033797387,1.2328760444586495,100
2026-01-14 15:10:00+00:00,1.2328760444586495,1.233168301415776,1.2326493286890474,1.2329415856461738,100
2026-01-14 15:15:00+00:00,1.2329415856461738,1.233168834310183,1.2329039831252646,1.2331312317892738,100
2026-01-14 15:20:00+00:00,1.2331312317892738,1.2331815736068712,1.2330942643921168,1.2331446062097142,100
2026-01-14 15:25:00+00:00,1.2331446062097142,1.233734650270871,1.2330573175807633,1.2336473616419201,100
2026-01-14 15:30:00+00:00,1.2336473616419201,1.2337404704361286,1.2326232544581142,1.2327163632523226,100
2026-01-14 15:35:00+00:00,1.2327163632523226,1.2327180432360796,1.2326290969297287,1.2326307769134857,100
2026-01-14 15:40:00+00:00,1.2326307769134857,1.232787128629228,1.2326297703171467,1.232786122032889,100
2026-01-14 15:45:00+00:00,1.232786122032889,1.232921516621966,1.2327724930220096,1.2329078876110866,100
2026-01-14 15:50:00+00:00,1.2329078876110866,1.2331557331053211,1.2322138615445446,1.232461707038779,100
2026-01-14 15:55:00+00:00,1.232461707038779,1.232533962344208,1.232451254131445,1.2325235094368738,100
2026-01-14 16:00:00+00:00,1.2325235094368738,1.2325743220519776,1.2323833564498192,1.232434169064923,100
2026-01-14 16:05:00+00:00,1.232434169064923,1.2326006752243444,1.2317756233749708,1.2319421295343922,100
2026-01-14 16:10:00+00:00,1.2319421295343922,1.2319957935889507,1.231934362769833,1.2319880268243915,100
2026-01-14 16:15:00+00:00,1.2319880268243915,1.2320665886299276,1.2319671149341,1.2320456767396362,100
2026-01-14 16:20:00+00:00,1.2320456767396362,1.2321321531615854,1.2315820042777033,1.2316684806996525,100
2026-01-14 16:25:00+00:00,1.2316684806996525,1.2322323772953951,1.2316298905303558,1.2321937871260984,100
2026-01-14 16:30:00+00:00,1.2321937871260984,1.2322991488337325,1.2320664268942307,1.2321717886018648,100
2026-01-14 16:35:00+00:00,1.2321717886018648,1.232342479933987,1.2319817050061357,1.232152396338258,100
2026-01-14 16:40:00+00:00,1.232152396338258,1.2322722601443947,1.2312858779398554,1.2314057417459923,100
2026-01-14 16:45:00+00:00,1.2314057417459923,1.2319246357174596,1.2313747038078187,1.231893597779286,100
2026-01-14 16:50:00+00:00,1.231893597779286,1.2319178990490798,1.2313326728546186,1.2313569741244124,100
2026-01-14 16:55:00+00:00,1.2313569741244124,1.231358273378243,1.2306968332456112,1.230698132499442,100
2026-01-14 17:00:00+00:00,1.230698132499442,1.2312033715475736,1.2306735541067044,1.2311787931548361,100
2026-01-14 17:05:00+00:00,1.2311787931548361,1.2316284977061647,1.2309316737132179,1.2313813782645464,100
2026-01-14 17:10:00+00:00,1.2313813782645464,1.2316060154762791,1.2309470863486318,1.2311717235603645,100
2026-01-14 17:15:00+00:00,1.2311717235603645,1.2313162218759652,1.2301048091087767,1.2302493074243774,100
2026-01-14 17:20:00+00:00,1.2302493074243774,1.2303260004774013,1.2295670665872895,1.2296437596403134,100
2026-01-14 17:25:00+00:00,1.2296437596403134,1.2302551590860198,1.2293802669626857,1.229991666408392,100
2026-01-14 17:30:00+00:00,1.229991666408392,1.230139606592398,1.2296565902441141,1.22980453042812,100
2026-01-14 17:35:00+00:00,1.22980453042812,1.2305046012427576,1.2297689001144507,1.2304689709290884,100
2026-01-14 17:40:00+00:00,1.2304689709290884,1.2305667828145999,1.2302513736932332,1.2303491855787447,100
2026-01-14 17:45:00+00:00,1.2303491855787447,1.230478924228836,1.22994455607618,1.2300742947262713,100
2026-01-14 17:50:00+00:00,1.2300742947262713,1.2309398690614128,1.2299129407082992,1.2307785150434407,100
2026-01-14 17:55:00+00:00,1.2307785150434407,1.2309920493922188,1.230498492498835,1.230712026847613,100
2026-01-14 18:00:00+00:00,1.230712026847613,1.2310430965545927,1.2305992631345746,1.2309303328415542,100
2026-01-14 18:05:00+00:00,1.2309303328415542,1.2314986848896559,1.2307566853825942,1.2313250374306959,100
2026-01-14 18:10:00+00:00,1.2313250374306959,1.2313785325260558,1.2313141303739088,1.2313676254692687,100
2026-01-14 18:15:00+00:00,1.2313676254692687,1.2314089441898621,1.2311160922699984,1.2311574109905918,100
2026-01-14 18:20:00+00:00,1.2311574109905918,1.23164979216231,1.2311190101329712,1.2316113913046893,100
2026-01-14 18:25:00+00:00,1.2316113913046893,1.2316639108141603,1.2315405455220956,1.2315930650315665,100
2026-01-14 18:30:00+00:00,1.2315930650315665,1.2316311311384716,1.2306478690658267,1.2306859351727317,100
2026-01-14 18:35:00+00:00,1.2306859351727317,1.2317646008157528,1.2306280102090097,1.2317066758520308,100
2026-01-14 18:40:00+00:00,1.2317066758520308,1.2317383811673117,1.2310116263522692,1.2310433316675502,100
2026-01-14 18:45:00+00:00,1.2310433316675502,1.2310900963399778,1.230658214111877,1.2307049787843045,100
2026-01-14 18:50:00+00:00,1.2307049787843045,1.2308128184822282,1.2306104013078714,1.230718241005795,100
2026-01-14 18:55:00+00:00,1.230718241005795,1.2307904438485606,1.23065673670727,1.2307289395500356,100
2026-01-14 19:00:00+00:00,1.2307289395500356,1.2307397403928877,1.2299030326300397,1.2299138334728918,100
2026-01-14 19:05:00+00:00,1.2299138334728918,1.2303659640775388,1.2297816932720902,1.2302338238767372,100
2026-01-14 19:10:00+00:00,1.2302338238767372,1.2303948740076713,1.2300138344395546,1.2301748845704887,100
2026-01-14 19:15:00+00:00,1.2301748845704887,1.2305521393916359,1.2297853526108824,1.2301626074320295,100
2026-01-14 19:20:00+00:00,1.2301626074320295,1.2308896632031858,1.230062190257762,1.2307892460289183,100
2026-01-14 19:25:00+00:00,1.2307892460289183,1.2310804190058036,1.2307622647506697,1.231053437727555,100
2026-01-14 19:30:00+00:00,1.231053437727555,1.2313359424119248,1.2310189791158577,1.2313014838002274,100
2026-01-14 19:35:00+00:00,1.2313014838002274,1.2313797313518573,1.2301855300329985,1.2302637775846283,100
2026-01-14 19:40:00+00:00,1.2302637775846283,1.230313306319505,1.2297980954116232,1.2298476241465,100
2026-01-14 19:45:00+00:00,1.2298476241465,1.2299817942156086,1.2293503820779739,1.2294845521470825,100
2026-01-14 19:50:00+00:00,1.2294845521470825,1.2295377443406854,1.2293132905085247,1.2293664827021276,100
2026-01-14 19:55:00+00:00,1.2293664827021276,1.2302210972955803,1.2293567304981567,1.2302113450916095,100
2026-01-14 20:00:00+00:00,1.2302113450916095,1.2303499040228623,1.2293165211963004,1.2294550801275532,100
2026-01-14 20:05:00+00:00,1.2294550801275532,1.229612540644985,1.2291316030217467,1.2292890635391784,100
2026-01-14 20:10:00+00:00,1.2292890635391784,1.2293202722517311,1.2292625268797595,1.2292937355923121,100
2026-01-14 20:15:00+00:00,1.2292937355923121,1.2295859690581148,1.229265541584877,1.2295577750506796,100
2026-01-14 20:20:00+00:00,1.2295577750506796,1.2298144011859116,1.2289820451683082,1.2292386713035401,100
2026-01-14 20:25:00+00:00,1.2292386713035401,1.229328147082147,1.2282029724004078,1.2282924481790147,100
2026-01-14 20:30:00+00:00,1.2282924481790147,1.2287342490923512,1.2274931096492883,1.2279349105626247,100
2026-01-14 20:35:00+00:00,1.2279349105626247,1.2279472921519454,1.2277647357824808,1.2277771173718015,100
2026-01-14 20:40:00+00:00,1.2277771173718015,1.228316701917408,1.2277704835572036,1.22831006810281,100
2026-01-14 20:45:00+00:00,1.22831006810281,1.2287101582221545,1.2276853121327247,1.228085402252069,100
2026-01-14 20:50:00+00:00,1.228085402252069,1.2283105509809638,1.2274378632191338,1.2276630119480285,100
2026-01-14 20:55:00+00:00,1.2276630119480285,1.2277465207659024,1.227253841663768,1.2273373504816418,100
2026-01-14 21:00:00+00:00,1.2273373504816418,1.2274480451788303,1.227116772561041,1.2272274672582295,100
2026-01-14 21:05:00+00:00,1.2272274672582295,1.227340724563827,1.2272222058953874,1.227335463200985,100
2026-01-14 21:10:00+00:00,1.227335463200985,1.227417113140911,1.2262553024126701,1.2263369523525962,100
2026-01-14 21:15:00+00:00,1.2263369523525962,1.2271894138604602,1.2261029585728374,1.2269554200807014,100
2026-01-14 21:20:00+00:00,1.2269554200807014,1.2269826452833303,1.226349567485499,1.226376792688128,100
2026-01-14 21:25:00+00:00,1.226376792688128,1.2264629600861912,1.2258157379883816,1.2259019053864448,100
2026-01-14 21:30:00+00:00,1.2259019053864448,1.2259421797573313,1.2258838326845327,1.2259241070554192,100
2026-01-14 21:35:00+00:00,1.2259241070554192,1.2259849246794312,1.2258084482202023,1.2258692658442143,100
2026-01-14 21:40:00+00:00,1.2258692658442143,1.225908650917807,1.225597977992896,1.2256373630664887,100
2026-01-14 21:45:00+00:00,1.2256373630664887,1.2256809064503864,1.2251756829658291,1.2252192263497268,100
2026-01-14 21:50:00+00:00,1.2252192263497268,1.2255211499400236,1.2248535066931485,1.2251554302834453,100
2026-01-14 21:55:00+00:00,1.2251554302834453,1.225672250911247,1.2249599221771748,1.2254767428049764,100
2026-01-14 22:00:00+00:00,1.2254767428049764,1.2255796487237094,1.224830431395072,1.224933337313805,100
2026-01-14 22:05:00+00:00,1.224933337313805,1.2251111126432923,1.2249032255113832,1.2250810008408706,100
2026-01-14 22:10:00+00:00,1.2250810008408706,1.2252707028330276,1.2243624170651044,1.2245521190572615,100
2026-01-14 22:15:00+00:00,1.2245521190572615,1.2253415320057623,1.2244421819732005,1.2252315949217014,100
2026-01-14 22:20:00+00:00,1.2252315949217014,1.2256752568384877,1.225176505441125,1.2256201673579112,100
2026-01-14 22:25:00+00:00,1.2256201673579112,1.2257798622522393,1.2252206172523579,1.225380312146686,100
2026-01-14 22:30:00+00:00,1.225380312146686,1.2254744073238841,1.2249808798255015,1.2250749750026997,100
2026-01-14 22:35:00+00:00,1.2250749750026997,1.2255342116206291,1.2248220105300751,1.2252812471480046,100
2026-01-14 22:40:00+00:00,1.2252812471480046,1.225392137444015,1.2251875383396285,1.225298428635639,100
2026-01-14 22:45:00+00:00,1.225298428635639,1.2255022879386188,1.2250275430317552,1.225231402334735,100
2026-01-14 22:50:00+00:00,1.225231402334735,1.2254121489253178,1.2251483871399216,1.2253291337305043,100
2026-01-14 22:55:00+00:00,1.2253291337305043,1.2255914909736851,1.225164017724447,1.2254263749676277,100
2026-01-14 23:00:00+00:00,1.2254263749676277,1.2254908202116774,1.2251823275561573,1.225246772800207,100
2026-01-14 23:05:00+00:00,1.225246772800207,1.2253674306275424,1.2243796322040956,1.224500290031431,100
2026-01-14 23:10:00+00:00,1.224500290031431,1.2247214804443805,1.2243362002382434,1.2245573906511928,100
2026-01-14 23:15:00+00:00,1.2245573906511928,1.2246007532116858,1.2243424863210997,1.2243858488815926,100
2026-01-14 23:20:00+00:00,1.2243858488815926,1.22466391629297,1.224282408981032,1.2245604763924094,100
2026-01-14 23:25:00+00:00,1.2245604763924094,1.2249979304941583,1.2245358699861855,1.2249733240879344,100
2026-01-14 23:30:00+00:00,1.2249733240879344,1.2250853496833833,1.2247563337967642,1.2248683593922132,100
2026-01-14 23:35:00+00:00,1.2248683593922132,1.2248918792120658,1.2242600327754773,1.22428355259533,100
2026-01-14 23:40:00+00:00,1.22428355259533,1.2242848334950156,1.2234787817082378,1.2234800626079234,100
2026-01-14 23:45:00+00:00,1.2234800626079234,1.223607623789526,1.2229555845700517,1.2230831457516542,100
2026-01-14 23:50:00+00:00,1.2230831457516542,1.2231247549502244,1.222931197343591,1.2229728065421612,100
2026-01-14 23:55:00+00:00,1.2229728065421612,1.2232482222185983,1.2228024118391418,1.223077827515579,100
2026-01-15 00:00:00+00:00,1.223077827515579,1.2232583969860649,1.2230384064850273,1.2232189759555132,100
2026-01-15 00:05:00+00:00,1.2232189759555132,1.2234406140028253,1.2226517751532495,1.2228734132005616,100
2026-01-15 00:10:00+00:00,1.2228734132005616,1.2229253017100234,1.222626830400519,1.2226787189099808,100
2026-01-15 00:15:00+00:00,1.2226787189099808,1.2227658985714405,1.2225172008779022,1.2226043805393618,100
2026-01-15 00:20:00+00:00,1.2226043805393618,1.2226977332340514,1.2224808628124886,1.2225742155071782,100
2026-01-15 00:25:00+00:00,1.2225742155071782,1.222845587817877,1.2215298604033948,1.2218012327140937,100
2026-01-15 00:30:00+00:00,1.2218012327140937,1.2219330968402637,1.2212094474732806,1.2213413115994507,100
2026-01-15 00:35:00+00:00,1.2213413115994507,1.2215643734611,1.2213238649643454,1.2215469268259946,100
2026-01-15 00:40:00+00:00,1.2215469268259946,1.222458532212591,1.2214970758785535,1.2224086812651498,100
2026-01-15 00:45:00+00:00,1.2224086812651498,1.222637921563088,1.2212186492786998,1.221447889576638,100
2026-01-15 00:50:00+00:00,1.221447889576638,1.2219230202093547,1.221311765542371,1.2217868961750877,100
2026-01-15 00:55:00+00:00,1.2217868961750877,1.2220392434277891,1.2216094390933867,1.221861786346088,100
2026-01-15 01:00:00+00:00,1.221861786346088,1.2220672208113084,1.2205945303645862,1.2207999648298065,100
2026-01-15 01:05:00+00:00,1.2207999648298065,1.2211421769425146,1.2204981170289706,1.2208403291416787,100
2026-01-15 01:10:00+00:00,1.2208403291416787,1.2210636372003545,1.2204193715602771,1.220642679618953,100
2026-01-15 01:15:00+00:00,1.220642679618953,1.2211124868765644,1.2205249367554092,1.2209947440130207,100
2026-01-15 01:20:00+00:00,1.2209947440130207,1.2210259570244384,1.2208471398466383,1.220878352858056,100
2026-01-15 01:25:00+00:00,1.220878352858056,1.2210473724600157,1.2206611325590966,1.2208301521610563,100
2026-01-15 01:30:00+00:00,1.2208301521610563,1.221011809736504,1.2206793303261156,1.2208609879015633,100
2026-01-15 01:35:00+00:00,1.2208609879015633,1.2210164351527306,1.220835270821016,1.2209907180721833,100
2026-01-15 01:40:00+00:00,1.2209907180721833,1.2210676035754693,1.220455315120481,1.220532200623767,100
2026-01-15 01:45:00+00:00,1.220532200623767,1.220947212372751,1.2203825640017354,1.2207975757507192,100
2026-01-15 01:50:00+00:00,1.2207975757507192,1.2211999881996543,1.2206253773757973,1.2210277898247324,100
2026-01-15 01:55:00+00:00,1.2210277898247324,1.2215212145169092,1.220963645548664,1.221457070240841,100
2026-01-15 02:00:00+00:00,1.221457070240841,1.2216428509483244,1.2212579157846568,1.2214436964921402,100
2026-01-15 02:05:00+00:00,1.2214436964921402,1.2217303565930882,1.2213950113709402,1.221681671471888,100
2026-01-15 02:10:00+00:00,1.221681671471888,1.221969290606095,1.2211124488389817,1.2214000679731887,100
2026-01-15 02:15:00+00:00,1.2214000679731887,1.2215187069411901,1.221161997381898,1.2212806363498994,100
2026-01-15 02:20:00+00:00,1.2212806363498994,1.2215904755070588,1.2207204072263709,1.2210302463835303,100
2026-01-15 02:25:00+00:00,1.2210302463835303,1.221477060747302,1.220762488702851,1.2212093030666227,100
2026-01-15 02:30:00+00:00,1.2212093030666227,1.2216302236946226,1.2207081275852343,1.2211290482132342,100
2026-01-15 02:35:00+00:00,1.2211290482132342,1.2215057649165217,1.2210968611482662,1.2214735778515537,100
2026-01-15 02:40:00+00:00,1.2214735778515537,1.221842909965992,1.2213695842617789,1.2217389163762171,100
2026-01-15 02:45:00+00:00,1.2217389163762171,1.2218615253157132,1.2210122542930306,1.2211348632325267,100
2026-01-15 02:50:00+00:00,1.2211348632325267,1.2217416437003479,1.2210169415370575,1.2216237220048787,100
2026-01-15 02:55:00+00:00,1.2216237220048787,1.2216744942536053,1.221164122497795,1.2212148947465216,100
2026-01-15 03:00:00+00:00,1.2212148947465216,1.2219712385520152,1.221026646679878,1.2217829904853716,100
2026-01-15 03:05:00+00:00,1.2217829904853716,1.222337089794728,1.2217584058964308,1.2223125052057873,100
2026-01-15 03:10:00+00:00,1.2223125052057873,1.222430487448233,1.2220229032637262,1.222140885506172,100
2026-01-15 03:15:00+00:00,1.222140885506172,1.2222692472659415,1.2213181192681846,1.2214464810279542,100
2026-01-15 03:20:00+00:00,1.2214464810279542,1.221572354320398,1.2209684457049448,1.2210943189973886,100
2026-01-15 03:25:00+00:00,1.2210943189973886,1.2214496015826888,1.2209808158344413,1.2213360984197414,100
2026-01-15 03:30:00+00:00,1.2213360984197414,1.2213945669820705,1.2212292344577185,1.2212877030200475,100
2026-01-15 03:35:00+00:00,1.2212877030200475,1.2213415960201577,1.2212367112801288,1.221290604280239,100
2026-01-15 03:40:00+00:00,1.221290604280239,1.2214963455484877,1.2212729874204902,1.221478728688739,100
2026-01-15 03:45:00+00:00,1.221478728688739,1.2215751132549533,1.2202956187699954,1.2203920033362097,100
2026-01-15 03:50:00+00:00,1.2203920033362097,1.2205195210071922,1.220381329859933,1.2205088475309156,100
2026-01-15 03:55:00+00:00,1.2205088475309156,1.2207907955041497,1.2197469212506984,1.2200288692239325,100
2026-01-15 04:00:00+00:00,1.2200288692239325,1.2202029877626774,1.2200139160067418,1.2201880345454867,100
2026-01-15 04:05:00+00:00,1.2201880345454867,1.2204512889739947,1.2192711592024454,1.2195344136309534,100
2026-01-15 04:10:00+00:00,1.2195344136309534,1.2196497909359032,1.2192295050946182,1.219344882399568,100
2026-01-15 04:15:00+00:00,1.219344882399568,1.2196092181399565,1.219063521698508,1.2193278574388964,100
2026-01-15 04:20:00+00:00,1.2193278574388964,1.2194581532728495,1.2192196743010641,1.2193499701350172,100
2026-01-15 04:25:00+00:00,1.2193499701350172,1.219753093828162,1.2192510806642027,1.2196542043573475,100
2026-01-15 04:30:00+00:00,1.2196542043573475,1.2198113884574557,1.2188370648820301,1.2189942489821384,100
2026-01-15 04:35:00+00:00,1.2189942489821384,1.2190535594426697,1.2188128387664083,1.2188721492269396,100
2026-01-15 04:40:00+00:00,1.2188721492269396,1.2189959772815222,1.2182227761657516,1.2183466042203341,100
2026-01-15 04:45:00+00:00,1.2183466042203341,1.2188147444538653,1.218261670233391,1.2187298104669222,100
2026-01-15 04:50:00+00:00,1.2187298104669222,1.2188163234668055,1.2182530918315608,1.218339604831444,100
2026-01-15 04:55:00+00:00,1.218339604831444,1.2183582719936514,1.218045898727736,1.2180645658899434,100
2026-01-15 05:00:00+00:00,1.2180645658899434,1.2180669328230926,1.2175396234388243,1.2175419903719735,100
2026-01-15 05:05:00+00:00,1.2175419903719735,1.21772346111319,1.2175353115191552,1.2177167822603716,100
2026-01-15 05:10:00+00:00,1.2177167822603716,1.2184675845344874,1.2173979196551052,1.218148721929221,100
2026-01-15 05:15:00+00:00,1.218148721929221,1.2183159091202627,1.2180900819691944,1.218257269160236,100
2026-01-15 05:20:00+00:00,1.218257269160236,1.2183558630465756,1.2179468099668407,1.2180454038531803,100
2026-01-15 05:25:00+00:00,1.2180454038531803,1.2180930144389601,1.2177120902717482,1.217759700857528,100
2026-01-15 05:30:00+00:00,1.217759700857528,1.2180363171634607,1.2170324306546796,1.2173090469606123,100
2026-01-15 05:35:00+00:00,1.2173090469606123,1.2173858356087566,1.2164595888812777,1.216536377529422,100
2026-01-15 05:40:00+00:00,1.216536377529422,1.2167048004162953,1.216163953720754,1.2163323766076273,100
2026-01-15 05:45:00+00:00,1.2163323766076273,1.2164295216970022,1.2162665543225728,1.2163636994119478,100
2026-01-15 05:50:00+00:00,1.2163636994119478,1.2166173071372413,1.2163136313481768,1.2165672390734703,100
2026-01-15 05:55:00+00:00,1.2165672390734703,1.2172343344239362,1.2163198092094785,1.2169869045599444,100
2026-01-15 06:00:00+00:00,1.2169869045599444,1.2177253572492783,1.2164845276556069,1.2172229803449408,100
2026-01-15 06:05:00+00:00,1.2172229803449408,1.2174871289552627,1.2170064647676915,1.2172706133780133,100
2026-01-15 06:10:00+00:00,1.2172706133780133,1.218091508387843,1.2170145360768831,1.2178354310867128,100
2026-01-15 06:15:00+00:00,1.2178354310867128,1.2179867610488744,1.2175660927198115,1.2177174226819731,100
2026-01-15 06:20:00+00:00,1.2177174226819731,1.2177771421093018,1.2175735006175457,1.2176332200448743,100
2026-01-15 06:25:00+00:00,1.2176332200448743,1.217726626887038,1.21747420288035,1.2175676097225137,100
2026-01-15 06:30:00+00:00,1.2175676097225137,1.2176626954111962,1.216715454056984,1.2168105397456666,100
2026-01-15 06:35:00+00:00,1.2168105397456666,1.2169126435725248,1.2155762006821866,1.215678304509045,100
2026-01-15 06:40:00+00:00,1.215678304509045,1.2157040519986784,1.214978285976295,1.2150040334659284,100
2026-01-15 06:45:00+00:00,1.2150040334659284,1.215143715405376,1.2147042067145841,1.2148438886540316,100
2026-01-15 06:50:00+00:00,1.2148438886540316,1.2148597239063768,1.2141727523908683,1.2141885876432135,100
2026-01-15 06:55:00+00:00,1.2141885876432135,1.2143775033077002,1.2132168762893851,1.2134057919538719,100
2026-01-15 07:00:00+00:00,1.2134057919538719,1.213746337892372,1.2127428883013929,1.213083434239893,100
2026-01-15 07:05:00+00:00,1.213083434239893,1.2138254826747843,1.2129859874172313,1.2137280358521225,100
2026-01-15 07:10:00+00:00,1.2137280358521225,1.213962383446038,1.2136221742120585,1.213856521805974,100
2026-01-15 07:15:00+00:00,1.213856521805974,1.2139560895669996,1.2137478455760846,1.2138474133371102,100
2026-01-15 07:20:00+00:00,1.2138474133371102,1.2144403922426164,1.2137905333949213,1.2143835123004274,100
2026-01-15 07:25:00+00:00,1.2143835123004274,1.2145573223724033,1.2143196438562764,1.2144934539282524,100
2026-01-15 07:30:00+00:00,1.2144934539282524,1.214851827023247,1.2141463687911522,1.2145047418861468,100
2026-01-15 07:35:00+00:00,1.2145047418861468,1.2148334200592654,1.2135213214956186,1.2138499996687373,100
2026-01-15 07:40:00+00:00,1.2138499996687373,1.214092342224503,1.2133687207828556,1.2136110633386212,100
2026-01-15 07:45:00+00:00,1.2136110633386212,1.2144207864748235,1.2135856556755749,1.2143953788117772,100
2026-01-15 07:50:00+00:00,1.2143953788117772,1.2148895893126932,1.214133997813097,1.214628208314013,100
2026-01-15 07:55:00+00:00,1.214628208314013,1.2149471776753658,1.214566956085087,1.2148859254464397,100
2026-01-15 08:00:00+00:00,1.2148859254464397,1.2151965080524432,1.2148236347531307,1.2151342173591342,100
2026-01-15 08:05:00+00:00,1.2151342173591342,1.2153669185858595,1.2143906222220548,1.2146233234487802,100
2026-01-15 08:10:00+00:00,1.2146233234487802,1.2150203624913045,1.214557700400174,1.2149547394426983,100
2026-01-15 08:15:00+00:00,1.2149547394426983,1.2150403501533906,1.2147319346533492,1.2148175453640415,100
2026-01-15 08:20:00+00:00,1.2148175453640415,1.214906157994504,1.2137141766067212,1.2138027892371837,100
2026-01-15 08:25:00+00:00,1.2138027892371837,1.2138780140519245,1.2131974865994346,1.2132727114141755,100
2026-01-15 08:30:00+00:00,1.2132727114141755,1.2134954624749426,1.2123985937667803,1.2126213448275474,100
2026-01-15 08:35:00+00:00,1.2126213448275474,1.2127473320845583,1.2123760868141078,1.2125020740711188,100
2026-01-15 08:40:00+00:00,1.2125020740711188,1.2128535659726962,1.2124659676965546,1.212817459598132,100
2026-01-15 08:45:00+00:00,1.212817459598132,1.2131267547620972,1.2127846644357994,1.2130939595997645,100
2026-01-15 08:50:00+00:00,1.2130939595997645,1.213423719463911,1.2128019168256536,1.2131316766898002,100
2026-01-15 08:55:00+00:00,1.2131316766898002,1.213142199899396,1.2127735335459087,1.2127840567555046,100
2026-01-15 09:00:00+00:00,1.2127840567555046,1.213220532388808,1.2123757078612938,1.212812183494597,100
2026-01-15 09:05:00+00:00,1.212812183494597,1.212885051482953,1.2127333989974238,1.2128062669857798,100
2026-01-15 09:10:00+00:00,1.2128062669857798,1.2129476865802018,1.2120155574714204,1.2121569770658425,100
2026-01-15 09:15:00+00:00,1.2121569770658425,1.2123865331359256,1.2114039433630823,1.2116334994331655,100
2026-01-15 09:20:00+00:00,1.2116334994331655,1.2116410934514799,1.2108160706465965,1.2108236646649109,100
2026-01-15 09:25:00+00:00,1.2108236646649109,1.2108936247497943,1.2104112354869672,1.2104811955718506,100
2026-01-15 09:30:00+00:00,1.2104811955718506,1.210967117583006,1.2100339214377707,1.210519843448926,100
2026-01-15 09:35:00+00:00,1.210519843448926,1.2107509571066406,1.2098709838522044,1.210102097509919,100
2026-01-15 09:40:00+00:00,1.210102097509919,1.210382862125762,1.2098472552963442,1.210128019912187,100
2026-01-15 09:45:00+00:00,1.210128019912187,1.2101897036496416,1.2097534503873466,1.2098151341248011,100
2026-01-15 09:50:00+00:00,1.2098151341248011,1.2103014965512817,1.2097078215832262,1.2101941840097068,100
2026-01-15 09:55:00+00:00,1.2101941840097068,1.2102235040513296,1.20950664867908,1.2095359687207028,100
2026-01-15 10:00:00+00:00,1.2095359687207028,1.2096819296545298,1.2094966190596343,1.2096425799934614,100
2026-01-15 10:05:00+00:00,1.2096425799934614,1.2098766798686489,1.209553212922932,1.2097873127981196,100
2026-01-15 10:10:00+00:00,1.2097873127981196,1.2099135149119553,1.209712228158803,1.2098384302726388,100
2026-01-15 10:15:00+00:00,1.2098384302726388,1.210404125643011,1.2094258622609528,1.209991557631325,100
2026-01-15 10:20:00+00:00,1.209991557631325,1.210232019608329,1.2095610148013585,1.2098014767783625,100
2026-01-15 10:25:00+00:00,1.2098014767783625,1.2098484029901126,1.2095085120925262,1.2095554383042764,100
2026-01-15 10:30:00+00:00,1.2095554383042764,1.209739230626842,1.2092472063508632,1.2094309986734288,100
2026-01-15 10:35:00+00:00,1.2094309986734288,1.2097198244217993,1.2091072553132691,1.2093960810616395,100
2026-01-15 10:40:00+00:00,1.2093960810616395,1.20940501947157,1.2092408695340646,1.209249807943995,100
2026-01-15 10:45:00+00:00,1.209249807943995,1.2093744520265635,1.2083540120217142,1.2084786561042826,100
2026-01-15 10:50:00+00:00,1.2084786561042826,1.2085669835110668,1.2074760606751243,1.2075643880819085,100
2026-01-15 10:55:00+00:00,1.2075643880819085,1.208020188304685,1.2074407039802948,1.2078965042030714,100
2026-01-15 11:00:00+00:00,1.2078965042030714,1.2086000962137882,1.2077112566851296,1.2084148486958464,100
2026-01-15 11:05:00+00:00,1.2084148486958464,1.2086132161760768,1.2075689020854874,1.2077672695657178,100
2026-01-15 11:10:00+00:00,1.2077672695657178,1.207933141089275,1.2075595622304611,1.2077254337540184,100
2026-01-15 11:15:00+00:00,1.2077254337540184,1.20872518490391,1.2077159042022394,1.208715655352131,100
2026-01-15 11:20:00+00:00,1.208715655352131,1.2088462810565115,1.2086615394679618,1.2087921651723423,100
2026-01-15 11:25:00+00:00,1.2087921651723423,1.2092523279974823,1.2086697161306401,1.20912987895578,100
2026-01-15 11:30:00+00:00,1.20912987895578,1.2093009601085314,1.2085395456185473,1.2087106267712986,100
2026-01-15 11:35:00+00:00,1.2087106267712986,1.208777291723981,1.208401094922482,1.2084677598751643,100
2026-01-15 11:40:00+00:00,1.2084677598751643,1.2087359627596197,1.2083409950159125,1.208609197900368,100
2026-01-15 11:45:00+00:00,1.208609197900368,1.2086928943249955,1.207538675496182,1.2076223719208097,100
2026-01-15 11:50:00+00:00,1.2076223719208097,1.2078755003210684,1.2074897018444875,1.2077428302447462,100
2026-01-15 11:55:00+00:00,1.2077428302447462,1.2083736034181691,1.20760070113674,1.208231474310163,100
2026-01-15 12:00:00+00:00,1.208231474310163,1.2082823033902412,1.208192017183417,1.2082428462634953,100
2026-01-15 12:05:00+00:00,1.2082428462634953,1.2083695109532675,1.2082218833587266,1.2083485480484988,100
2026-01-15 12:10:00+00:00,1.2083485480484988,1.2086324584612427,1.2075892633416643,1.2078731737544082,100
2026-01-15 12:15:00+00:00,1.2078731737544082,1.2079388526517276,1.2070730028118999,1.2071386817092193,100
2026-01-15 12:20:00+00:00,1.2071386817092193,1.207173946048447,1.2070928123939337,1.2071280767331614,100
2026-01-15 12:25:00+00:00,1.2071280767331614,1.2072552128991736,1.2069710230970108,1.207098159263023,100
2026-01-15 12:30:00+00:00,1.207098159263023,1.207430451184962,1.2070031637345386,1.2073354556564777,100
2026-01-15 12:35:00+00:00,1.2073354556564777,1.2075242845907743,1.207230491462503,1.2074193203967996,100
2026-01-15 12:40:00+00:00,1.2074193203967996,1.207635414518791,1.2073065008183541,1.2075225949403456,100
2026-01-15 12:45:00+00:00,1.2075225949403456,1.2078894824295863,1.2074677649076344,1.207834652396875,100
2026-01-15 12:50:00+00:00,1.207834652396875,1.2079276189375667,1.207407031160977,1.2074999977016687,100
2026-01-15 12:55:00+00:00,1.2074999977016687,1.2084589543354678,1.2074789309941254,1.2084378876279245,100
2026-01-15 13:00:00+00:00,1.2084378876279245,1.2084439271413685,1.2078778708467297,1.2078839103601737,100
2026-01-15 13:05:00+00:00,1.2078839103601737,1.208319253313476,1.2077332144090556,1.2081685573623577,100
2026-01-15 13:10:00+00:00,1.2081685573623577,1.2082857580672208,1.207966656718026,1.2080838574228892,100
2026-01-15 13:15:00+00:00,1.2080838574228892,1.2081392419294972,1.207808524467018,1.207863908973626,100
2026-01-15 13:20:00+00:00,1.207863908973626,1.2079275380555488,1.2076435505721008,1.2077071796540235,100
2026-01-15 13:25:00+00:00,1.2077071796540235,1.208027411568788,1.2075356362625522,1.2078558681773166,100
2026-01-15 13:30:00+00:00,1.2078558681773166,1.2084030181594283,1.2077600205991625,1.2083071705812742,100
2026-01-15 13:35:00+00:00,1.2083071705812742,1.2083853098288946,1.2080724320499088,1.2081505712975291,100
2026-01-15 13:40:00+00:00,1.2081505712975291,1.2081571573005316,1.2081197451392693,1.2081263311422719,100
2026-01-15 13:45:00+00:00,1.2081263311422719,1.2083187278765743,1.2075023331207122,1.2076947298550147,100
2026-01-15 13:50:00+00:00,1.2076947298550147,1.2078233585068812,1.2068769825349546,1.207005611186821,100
2026-01-15 13:55:00+00:00,1.207005611186821,1.2070503999265008,1.2063223084799812,1.206367097219661,100
2026-01-15 14:00:00+00:00,1.206367097219661,1.2064531663323443,1.205640689092997,1.2057267582056803,100
2026-01-15 14:05:00+00:00,1.2057267582056803,1.2058718875440009,1.2054125133273754,1.205557642665696,100
2026-01-15 14:10:00+00:00,1.205557642665696,1.2063554186707546,1.2052612343722837,1.2060590103773423,100
2026-01-15 14:15:00+00:00,1.2060590103773423,1.206527238334309,1.2059316251008303,1.206399853057797,100
2026-01-15 14:20:00+00:00,1.206399853057797,1.207645192489589,1.2060099764601955,1.2072553158919874,100
2026-01-15 14:25:00+00:00,1.2072553158919874,1.207421796983838,1.207117513352551,1.2072839944444014,100
2026-01-15 14:30:00+00:00,1.2072839944444014,1.2076067114123663,1.2072765264842724,1.2075992434522373,100
2026-01-15 14:35:00+00:00,1.2075992434522373,1.2079454350193377,1.2073756597758938,1.2077218513429941,100
2026-01-15 14:40:00+00:00,1.2077218513429941,1.207924349874017,1.2073072865777352,1.2075097851087582,100
2026-01-15 14:45:00+00:00,1.2075097851087582,1.2078324118345294,1.2070807111886248,1.207403337914396,100
2026-01-15 14:50:00+00:00,1.207403337914396,1.2075063490921325,1.2070024625325646,1.207105473710301,100
2026-01-15 14:55:00+00:00,1.207105473710301,1.2076671194637565,1.206959828963924,1.2075214747173795,100
2026-01-15 15:00:00+00:00,1.2075214747173795,1.207779144455497,1.2074203521192153,1.2076780218573329,100
2026-01-15 15:05:00+00:00,1.2076780218573329,1.2076900225165585,1.2068769207447316,1.2068889214039573,100
2026-01-15 15:10:00+00:00,1.2068889214039573,1.207032662296554,1.2059873287691742,1.2061310696617709,100
2026-01-15 15:15:00+00:00,1.2061310696617709,1.206847830727777,1.2059611049568402,1.2066778660228463,100
2026-01-15 15:20:00+00:00,1.2066778660228463,1.20673811233348,1.206525574584204,1.2065858208948377,100
2026-01-15 15:25:00+00:00,1.2065858208948377,1.2071892808544626,1.2065540815086475,1.2071575414682725,100
2026-01-15 15:30:00+00:00,1.2071575414682725,1.2072392967109522,1.2062234085600645,1.2063051638027442,100
2026-01-15 15:35:00+00:00,1.2063051638027442,1.2072252377240051,1.2060015927890764,1.2069216667103373,100
2026-01-15 15:40:00+00:00,1.2069216667103373,1.2069714813061858,1.2065185454082086,1.206568360004057,100
2026-01-15 15:45:00+00:00,1.206568360004057,1.206626355749481,1.2063487261751742,1.206406721920598,100
2026-01-15 15:50:00+00:00,1.206406721920598,1.2066368532712275,1.2056383005551459,1.2058684319057753,100
2026-01-15 15:55:00+00:00,1.2058684319057753,1.206216475724699,1.2057705800441059,1.2061186238630295,100
2026-01-15 16:00:00+00:00,1.2061186238630295,1.206512274308181,1.2053269834363205,1.205720633881472,100
2026-01-15 16:05:00+00:00,1.205720633881472,1.2057986484097083,1.205521192162705,1.2055992066909411,100
2026-01-15 16:10:00+00:00,1.2055992066909411,1.2068293354772932,1.2055171979264652,1.2067473267128173,100
2026-01-15 16:15:00+00:00,1.2067473267128173,1.2070602939996489,1.206494055846447,1.2068070231332786,100
2026-01-15 16:20:00+00:00,1.2068070231332786,1.2074424027882826,1.2066785413828607,1.2073139210378647,100
2026-01-15 16:25:00+00:00,1.2073139210378647,1.2076174278728502,1.206476132032355,1.2067796388673404,100
2026-01-15 16:30:00+00:00,1.2067796388673404,1.2069578298760137,1.2063132836228478,1.2064914746315212,100
2026-01-15 16:35:00+00:00,1.2064914746315212,1.2066420977688515,1.2058881175686007,1.206038740705931,100
2026-01-15 16:40:00+00:00,1.206038740705931,1.2060971521187878,1.2058057311573098,1.2058641425701666,100
2026-01-15 16:45:00+00:00,1.2058641425701666,1.2059530640667666,1.2055801853362926,1.2056691068328926,100
2026-01-15 16:50:00+00:00,1.2056691068328926,1.2057926418592824,1.2052564596772546,1.2053799947036443,100
2026-01-15 16:55:00+00:00,1.2053799947036443,1.2054078023232642,1.2050992257488102,1.20512703336843,100
2026-01-15 17:00:00+00:00,1.20512703336843,1.2055698157604158,1.2048866057669392,1.2053293881589249,100
2026-01-15 17:05:00+00:00,1.2053293881589249,1.2053742538631635,1.2048862309581017,1.2049310966623403,100
2026-01-15 17:10:00+00:00,1.2049310966623403,1.204942572223109,1.2037811598460182,1.203792635406787,100
2026-01-15 17:15:00+00:00,1.203792635406787,1.2040214764715587,1.2032065166707175,1.2034353577354893,100
2026-01-15 17:20:00+00:00,1.2034353577354893,1.203457162776445,1.20302121156491,1.2030430166058657,100
2026-01-15 17:25:00+00:00,1.2030430166058657,1.2032574841488815,1.2028600872034776,1.2030745547464934,100
2026-01-15 17:30:00+00:00,1.2030745547464934,1.203202693134706,1.2029483266648322,1.2030764650530448,100
2026-01-15 17:35:00+00:00,1.2030764650530448,1.203868840922654,1.2029237370126857,1.2037161128822949,100
2026-01-15 17:40:00+00:00,1.2037161128822949,1.2039236932906383,1.203002870828584,1.2032104512369275,100
2026-01-15 17:45:00+00:00,1.2032104512369275,1.2034827338464074,1.2031933692887364,1.2034656518982163,100
2026-01-15 17:50:00+00:00,1.2034656518982163,1.203679832985836,1.2033838748548706,1.2035980559424904,100
2026-01-15 17:55:00+00:00,1.2035980559424904,1.2038374441670936,1.2030156822358904,1.2032550704604936,100
2026-01-15 18:00:00+00:00,1.2032550704604936,1.2032803488908594,1.2028356180033817,1.2028608964337475,100
2026-01-15 18:05:00+00:00,1.2028608964337475,1.2031746388639788,1.2028104906263186,1.20312423305655,100
2026-01-15 18:10:00+00:00,1.20312423305655,1.2032479122112687,1.2020303942147377,1.2021540733694565,100
2026-01-15 18:15:00+00:00,1.2021540733694565,1.2022381448573614,1.2017160994216614,1.2018001709095663,100
2026-01-15 18:20:00+00:00,1.2018001709095663,1.2022856742867893,1.2017829489241396,1.2022684523013627,100
2026-01-15 18:25:00+00:00,1.2022684523013627,1.202335548515543,1.2021102995019166,1.2021773957160968,100
2026-01-15 18:30:00+00:00,1.2021773957160968,1.202784258517491,1.2020210339949815,1.2026278967963757,100
2026-01-15 18:35:00+00:00,1.2026278967963757,1.2034610988338172,1.2025760454160452,1.2034092474534868,100
2026-01-15 18:40:00+00:00,1.2034092474534868,1.2037371904509238,1.203222910528583,1.20355085352602,100
2026-01-15 18:45:00+00:00,1.20355085352602,1.2035527351496826,1.2027364955674984,1.202738377191161,100
2026-01-15 18:50:00+00:00,1.202738377191161,1.2030857393830605,1.202142813013941,1.2024901752058406,100
2026-01-15 18:55:00+00:00,1.2024901752058406,1.2030485696112299,1.2024665461983317,1.203024940603721,100
2026-01-15 19:00:00+00:00,1.203024940603721,1.2030697494002682,1.2030159932483757,1.203060802044923,100
2026-01-15 19:05:00+00:00,1.203060802044923,1.2031728374531914,1.2026411752478225,1.202753210656091,100
2026-01-15 19:10:00+00:00,1.202753210656091,1.2029265166115641,1.2015534195005095,1.2017267254559827,100
2026-01-15 19:15:00+00:00,1.2017267254559827,1.2017549627165995,1.20131585244327,1.201344089703887,100
2026-01-15 19:20:00+00:00,1.201344089703887,1.2014530920077982,1.2004210286072783,1.2005300309111895,100
2026-01-15 19:25:00+00:00,1.2005300309111895,1.2012786285124781,1.2005054582603216,1.2012540558616103,100
2026-01-15 19:30:00+00:00,1.2012540558616103,1.2014199141998314,1.201210973962477,1.2013768323006981,100
2026-01-15 19:35:00+00:00,1.2013768323006981,1.2014459989986421,1.2013490804020852,1.2014182471000292,100
2026-01-15 19:40:00+00:00,1.2014182471000292,1.202168578152792,1.2010563188038081,1.201806649856571,100
2026-01-15 19:45:00+00:00,1.201806649856571,1.2020811939416272,1.2015458646110273,1.2018204086960835,100
2026-01-15 19:50:00+00:00,1.2018204086960835,1.2018306727734849,1.201543253118569,1.2015535171959704,100
2026-01-15 19:55:00+00:00,1.2015535171959704,1.2019696378341143,1.2014993178807714,1.2019154385189152,100
2026-01-15 20:00:00+00:00,1.2019154385189152,1.2023471158316617,1.201664126955353,1.2020958042680994,100
2026-01-15 20:05:00+00:00,1.2020958042680994,1.2021896636884515,1.2015354303179917,1.2016292897383438,100
2026-01-15 20:10:00+00:00,1.2016292897383438,1.2017092651601535,1.20155387422981,1.2016338496516197,100
2026-01-15 20:15:00+00:00,1.2016338496516197,1.2017121079731772,1.2012492728237978,1.2013275311453553,100
2026-01-15 20:20:00+00:00,1.2013275311453553,1.2014742879643328,1.2009609751157206,1.201107731934698,100
2026-01-15 20:25:00+00:00,1.201107731934698,1.2019537776913043,1.2009723613905956,1.2018184071472018,100
2026-01-15 20:30:00+00:00,1.2018184071472018,1.2020885985089893,1.2012595312143446,1.201529722576132,100
2026-01-15 20:35:00+00:00,1.201529722576132,1.201769569577846,1.2012185965124145,1.2014584435141284,100
2026-01-15 20:40:00+00:00,1.2014584435141284,1.201721276784933,1.201084261419746,1.2013470946905505,100
2026-01-15 20:45:00+00:00,1.2013470946905505,1.2015142978152498,1.2005197269392631,1.2006869300639624,100
2026-01-15 20:50:00+00:00,1.2006869300639624,1.2010673085335668,1.2001118037593137,1.200492182228918,100
2026-01-15 20:55:00+00:00,1.200492182228918,1.2008951089729505,1.2002209943871993,1.2006239211312317,100
2026-01-15 21:00:00+00:00,1.2006239211312317,1.2007686513968778,1.200275199631349,1.200419929896995,100
2026-01-15 21:05:00+00:00,1.200419929896995,1.2004910137066271,1.1994990364323943,1.1995701202420264,100
2026-01-15 21:10:00+00:00,1.1995701202420264,1.1997760606912764,1.1984834189838194,1.1986893594330694,100
2026-01-15 21:15:00+00:00,1.1986893594330694,1.1995862616183492,1.1984659291450865,1.1993628313303664,100
2026-01-15 21:20:00+00:00,1.1993628313303664,1.1994458804674013,1.1990644280493683,1.1991474771864032,100
2026-01-15 21:25:00+00:00,1.1991474771864032,1.199261042511862,1.1988993584524128,1.1990129237778715,100
2026-01-15 21:30:00+00:00,1.1990129237778715,1.1990241086997793,1.1973894959995703,1.1974006809214781,100
2026-01-15 21:35:00+00:00,1.1974006809214781,1.1977230516456843,1.1972318671703528,1.197554237894559,100
2026-01-15 21:40:00+00:00,1.197554237894559,1.1976952198786206,1.1967342753099333,1.196875257293995,100
2026-01-15 21:45:00+00:00,1.196875257293995,1.196894297113736,1.1965060277283084,1.1965250675480494,100
2026-01-15 21:50:00+00:00,1.1965250675480494,1.1967897347155314,1.1958913529741726,1.1961560201416546,100
2026-01-15 21:55:00+00:00,1.1961560201416546,1.1963098761984574,1.195753907989499,1.1959077640463018,100
2026-01-15 22:00:00+00:00,1.1959077640463018,1.1966575554387344,1.1958737644893018,1.1966235558817344,100
2026-01-15 22:05:00+00:00,1.1966235558817344,1.1967980294902096,1.1963738630204483,1.1965483366289236,100
2026-01-15 22:10:00+00:00,1.1965483366289236,1.1967730504377918,1.1965333329199883,1.1967580467288566,100
2026-01-15 22:15:00+00:00,1.1967580467288566,1.1971330057564467,1.1965137031579445,1.1968886621855346,100
2026-01-15 22:20:00+00:00,1.1968886621855346,1.1971259813886286,1.1968084691139818,1.1970457883170758,100
2026-01-15 22:25:00+00:00,1.1970457883170758,1.197350972543606,1.1969722673258796,1.1972774515524098,100
2026-01-15 22:30:00+00:00,1.1972774515524098,1.1974797454732347,1.1969784540071053,1.1971807479279302,100
2026-01-15 22:35:00+00:00,1.1971807479279302,1.1977940483391833,1.1970468654731083,1.1976601658843615,100
2026-01-15 22:40:00+00:00,1.1976601658843615,1.1978531058059914,1.1967938616029292,1.196986801524559,100
2026-01-15 22:45:00+00:00,1.196986801524559,1.1971309315842626,1.1958772929626684,1.196021423022372,100
2026-01-15 22:50:00+00:00,1.196021423022372,1.1962797452749796,1.1957193597096936,1.1959776819623011,100
2026-01-15 22:55:00+00:00,1.1959776819623011,1.1960006140155193,1.1947366180721752,1.1947595501253934,100
2026-01-15 23:00:00+00:00,1.1947595501253934,1.194802346227328,1.1938981106904478,1.1939409067923825,100
2026-01-15 23:05:00+00:00,1.1939409067923825,1.1940252555303632,1.1925078316637925,1.1925921804017732,100
2026-01-15 23:10:00+00:00,1.1925921804017732,1.1926913461774356,1.1922907503512554,1.1923899161269178,100
2026-01-15 23:15:00+00:00,1.1923899161269178,1.192425328924256,1.1920043756438876,1.1920397884412257,100
2026-01-15 23:20:00+00:00,1.1920397884412257,1.19231256452902,1.1919392970185574,1.1922120731063517,100
2026-01-15 23:25:00+00:00,1.1922120731063517,1.192277150184409,1.1920347102197466,1.1920997872978039,100
2026-01-15 23:30:00+00:00,1.1920997872978039,1.192427547833105,1.1920083551967622,1.1923361157320633,100
2026-01-15 23:35:00+00:00,1.1923361157320633,1.1927658764437798,1.1922178312379796,1.1926475919496962,100
2026-01-15 23:40:00+00:00,1.1926475919496962,1.1934079659628731,1.1923877399285194,1.1931481139416964,100
2026-01-15 23:45:00+00:00,1.1931481139416964,1.1933199693650844,1.1924588134118561,1.1926306688352442,100
2026-01-15 23:50:00+00:00,1.1926306688352442,1.1931425478983477,1.192375081482032,1.1928869605451355,100
2026-01-15 23:55:00+00:00,1.1928869605451355,1.193291504689931,1.1926994649180427,1.1931040090628382,100
2026-01-16 00:00:00+00:00,1.1931040090628382,1.1934687367421795,1.192971362284896,1.1933360899642373,100
2026-01-16 00:05:00+00:00,1.1933360899642373,1.193625033746558,1.1932036918889692,1.1934926356712898,100
2026-01-16 00:10:00+00:00,1.1934926356712898,1.1938222144975996,1.1934249232777296,1.1937545021040394,100
2026-01-16 00:15:00+00:00,1.1937545021040394,1.19376127635258,1.1933426182794404,1.193349392527981,100
2026-01-16 00:20:00+00:00,1.193349392527981,1.193530835294137,1.193301779463181,1.193483222229337,100
2026-01-16 00:25:00+00:00,1.193483222229337,1.193835048923383,1.1933374842456983,1.1936893109397444,100
2026-01-16 00:30:00+00:00,1.1936893109397444,1.1938011391038135,1.1925062912893847,1.1926181194534538,100
2026-01-16 00:35:00+00:00,1.1926181194534538,1.1926322562752616,1.1922959154756598,1.1923100522974677,100
2026-01-16 00:40:00+00:00,1.1923100522974677,1.1924035549507603,1.1920696345058868,1.1921631371591794,100
2026-01-16 00:45:00+00:00,1.1921631371591794,1.1926275271090312,1.1918226846361426,1.1922870745859944,100
2026-01-16 00:50:00+00:00,1.1922870745859944,1.1923729832133203,1.1921947352865334,1.1922806439138594,100
2026-01-16 00:55:00+00:00,1.1922806439138594,1.1922824590619836,1.1922670350555555,1.1922688502036798,100
2026-01-16 01:00:00+00:00,1.1922688502036798,1.1934325962676522,1.1920828479135113,1.1932465939774837,100
2026-01-16 01:05:00+00:00,1.1932465939774837,1.1932583215373995,1.1928662994457933,1.192878027005709,100
2026-01-16 01:10:00+00:00,1.192878027005709,1.192952143655822,1.1925997004180142,1.192673817068127,100
2026-01-16 01:15:00+00:00,1.192673817068127,1.1929928787486166,1.1925251119171894,1.192844173597679,100
2026-01-16 01:20:00+00:00,1.192844173597679,1.1929473880722674,1.1924688048079324,1.1925720192825209,100
2026-01-16 01:25:00+00:00,1.1925720192825209,1.1926925362431267,1.1922357019406022,1.192356218901208,100
2026-01-16 01:30:00+00:00,1.192356218901208,1.192492720054777,1.1917667695852274,1.1919032707387964,100
2026-01-16 01:35:00+00:00,1.1919032707387964,1.1920629708407786,1.1915830478782532,1.1917427479802354,100
2026-01-16 01:40:00+00:00,1.1917427479802354,1.1918338972519356,1.1908329072851838,1.190924056556884,100
2026-01-16 01:45:00+00:00,1.190924056556884,1.1911799672042303,1.190717858755949,1.1909737694032954,100
2026-01-16 01:50:00+00:00,1.1909737694032954,1.1910661921154961,1.1903529658018275,1.1904453885140283,100
2026-01-16 01:55:00+00:00,1.1904453885140283,1.1908585512380572,1.1902665736851568,1.1906797364091857,100
2026-01-16 02:00:00+00:00,1.1906797364091857,1.1910174852825173,1.1888284874309758,1.1891662363043074,100
2026-01-16 02:05:00+00:00,1.1891662363043074,1.189300496031712,1.1890758035533973,1.1892100632808018,100
2026-01-16 02:10:00+00:00,1.1892100632808018,1.1894972408038993,1.1891709962724917,1.1894581737955892,100
2026-01-16 02:15:00+00:00,1.1894581737955892,1.18951211696673,1.1893593855545828,1.1894133287257236,100
2026-01-16 02:20:00+00:00,1.1894133287257236,1.1895492363245317,1.1890387815041106,1.1891746891029187,100
2026-01-16 02:25:00+00:00,1.1891746891029187,1.1892064304298813,1.188575052735137,1.1886067940620997,100
2026-01-16 02:30:00+00:00,1.1886067940620997,1.188849582831119,1.188544316483654,1.1887871052526733,100
2026-01-16 02:35:00+00:00,1.1887871052526733,1.1890091292101461,1.188394044371338,1.188616068328811,100
2026-01-16 02:40:00+00:00,1.188616068328811,1.1886853481799118,1.1880234766870723,1.1880927565381731,100
2026-01-16 02:45:00+00:00,1.1880927565381731,1.188099543752602,1.1878612764737857,1.1878680636882146,100
2026-01-16 02:50:00+00:00,1.1878680636882146,1.187939988420371,1.18765839897585,1.1877303237080064,100
2026-01-16 02:55:00+00:00,1.1877303237080064,1.1879871445542245,1.187614262983954,1.187871083830172,100
2026-01-16 03:00:00+00:00,1.187871083830172,1.1883091534796613,1.1878457704980774,1.1882838401475666,100
2026-01-16 03:05:00+00:00,1.1882838401475666,1.1885387581459752,1.1881552229073271,1.1884101409057357,100
2026-01-16 03:10:00+00:00,1.1884101409057357,1.1889201403685474,1.188301667485132,1.1888116669479438,100
2026-01-16 03:15:00+00:00,1.1888116669479438,1.188932429794149,1.1887441229350688,1.188864885781274,100
2026-01-16 03:20:00+00:00,1.188864885781274,1.1889418477737288,1.1886771849733953,1.18875414696585,100
2026-01-16 03:25:00+00:00,1.18875414696585,1.1889824550207237,1.1886950931024762,1.18892340115735,100
2026-01-16 03:30:00+00:00,1.18892340115735,1.1890293395660907,1.1888858844433614,1.1889918228521021,100
2026-01-16 03:35:00+00:00,1.1889918228521021,1.1891557980488376,1.1887632869912272,1.1889272621879627,100
2026-01-16 03:40:00+00:00,1.1889272621879627,1.1893090905345174,1.1889142809947424,1.189296109341297,100
2026-01-16 03:45:00+00:00,1.189296109341297,1.189650942398388,1.189292471613183,1.189647304670274,100
2026-01-16 03:50:00+00:00,1.189647304670274,1.1897398857900214,1.1895201970444296,1.189612778164177,100
2026-01-16 03:55:00+00:00,1.189612778164177,1.190739140866197,1.1893312987802644,1.1904576614822844,100
2026-01-16 04:00:00+00:00,1.1904576614822844,1.1905509048930865,1.1901860569964395,1.1902793004072416,100
2026-01-16 04:05:00+00:00,1.1902793004072416,1.1906666718071497,1.1900522972114471,1.1904396686113552,100
2026-01-16 04:10:00+00:00,1.1904396686113552,1.1906906521859673,1.1903410103736378,1.1905919939482499,100
2026-01-16 04:15:00+00:00,1.1905919939482499,1.190876976061111,1.1895939842613308,1.189878966374192,100
2026-01-16 04:20:00+00:00,1.189878966374192,1.1898878109116506,1.1898344321740832,1.1898432767115419,100
2026-01-16 04:25:00+00:00,1.1898432767115419,1.1899406356531308,1.189443542788375,1.1895409017299639,100
2026-01-16 04:30:00+00:00,1.1895409017299639,1.1897546835570199,1.1891471761481653,1.1893609579752213,100
2026-01-16 04:35:00+00:00,1.1893609579752213,1.1894530785805737,1.1883573810614207,1.188449501666773,100
2026-01-16 04:40:00+00:00,1.188449501666773,1.1885044836962417,1.1879498571938738,1.1880048392233424,100
2026-01-16 04:45:00+00:00,1.1880048392233424,1.1883435490724985,1.1878616324867204,1.1882003423358765,100
2026-01-16 04:50:00+00:00,1.1882003423358765,1.1883034012039977,1.1881819968044365,1.1882850556725577,100
2026-01-16 04:55:00+00:00,1.1882850556725577,1.1884756325985641,1.1870698957107313,1.1872604726367377,100
2026-01-16 05:00:00+00:00,1.1872604726367377,1.1879559376785889,1.187174374332426,1.187869839374277,100
2026-01-16 05:05:00+00:00,1.187869839374277,1.1882338146357299,1.187618468999145,1.1879824442605977,100
2026-01-16 05:10:00+00:00,1.1879824442605977,1.1880062826934934,1.1876767125777865,1.1877005510106822,100
2026-01-16 05:15:00+00:00,1.1877005510106822,1.1877273408494688,1.187190755311311,1.1872175451500977,100
2026-01-16 05:20:00+00:00,1.1872175451500977,1.1873222024684165,1.186775712272353,1.1868803695906718,100
2026-01-16 05:25:00+00:00,1.1868803695906718,1.1869973909708766,1.1861157224025292,1.186232743782734,100
2026-01-16 05:30:00+00:00,1.186232743782734,1.186694885896653,1.1859869222349544,1.1864490643488734,100
2026-01-16 05:35:00+00:00,1.1864490643488734,1.1869950094122557,1.1863135976611603,1.1868595427245425,100
2026-01-16 05:40:00+00:00,1.1868595427245425,1.1869029665409032,1.186643312294833,1.1866867361111937,100
2026-01-16 05:45:00+00:00,1.1866867361111937,1.1866937654189278,1.186174337116312,1.1861813664240461,100
2026-01-16 05:50:00+00:00,1.1861813664240461,1.186351251931885,1.1861010886221572,1.1862709741299962,100
2026-01-16 05:55:00+00:00,1.1862709741299962,1.1864483559402015,1.1862402448212725,1.1864176266314779,100
2026-01-16 06:00:00+00:00,1.1864176266314779,1.186882902901186,1.1854610294693417,1.18592630573905,100
2026-01-16 06:05:00+00:00,1.18592630573905,1.1861213791728527,1.1851970275668469,1.1853921010006496,100
2026-01-16 06:10:00+00:00,1.1853921010006496,1.1858237209998463,1.1851860376112615,1.1856176576104582,100
2026-01-16 06:15:00+00:00,1.1856176576104582,1.1856510645486098,1.1854805440817864,1.185513951019938,100
2026-01-16 06:20:00+00:00,1.185513951019938,1.185762900389124,1.1847322154258797,1.1849811647950657,100
2026-01-16 06:25:00+00:00,1.1849811647950657,1.185084260093854,1.1841099480062398,1.1842130433050282,100
2026-01-16 06:30:00+00:00,1.1842130433050282,1.1844546285127042,1.1826550362867454,1.1828966214944214,100
2026-01-16 06:35:00+00:00,1.1828966214944214,1.1835340219536772,1.1826461108249293,1.183283511284185,100
2026-01-16 06:40:00+00:00,1.183283511284185,1.1834090598726814,1.1824400786606877,1.182565627249184,100
2026-01-16 06:45:00+00:00,1.182565627249184,1.1831483206922684,1.1825627613704752,1.1831454548135596,100
2026-01-16 06:50:00+00:00,1.1831454548135596,1.1834342273195004,1.1830822697926129,1.1833710422985537,100
2026-01-16 06:55:00+00:00,1.1833710422985537,1.1835937333359277,1.183278346984552,1.183501038021926,100
2026-01-16 07:00:00+00:00,1.183501038021926,1.1836079261889147,1.1831045891187428,1.1832114772857316,100
2026-01-16 07:05:00+00:00,1.1832114772857316,1.1833520433022822,1.1831107432383832,1.1832513092549337,100
2026-01-16 07:10:00+00:00,1.1832513092549337,1.183257221077898,1.1829657339238862,1.1829716457468504,100
2026-01-16 07:15:00+00:00,1.1829716457468504,1.1836276272839643,1.1827080414267255,1.1833640229638394,100
2026-01-16 07:20:00+00:00,1.1833640229638394,1.1834562181495965,1.1828936531197698,1.1829858483055269,100
2026-01-16 07:25:00+00:00,1.1829858483055269,1.183229773002962,1.1829849248041322,1.1832288495015673,100
2026-01-16 07:30:00+00:00,1.1832288495015673,1.1834611026919668,1.1832276779910083,1.1834599311814078,100
2026-01-16 07:35:00+00:00,1.1834599311814078,1.1836398649572903,1.183108078017403,1.1832880117932856,100
2026-01-16 07:40:00+00:00,1.1832880117932856,1.183307104376386,1.1828634249335184,1.1828825175166189,100
2026-01-16 07:45:00+00:00,1.1828825175166189,1.1829628626244322,1.1820822558899846,1.182162600997798,100
2026-01-16 07:50:00+00:00,1.182162600997798,1.1824146107475602,1.1817202800572733,1.1819722898070355,100
2026-01-16 07:55:00+00:00,1.1819722898070355,1.1822499397988244,1.1818119400807352,1.1820895900725241,100
2026-01-16 08:00:00+00:00,1.1820895900725241,1.1824837115814633,1.181900281218201,1.18229440272714,100
2026-01-16 08:05:00+00:00,1.18229440272714,1.1824857480046242,1.1814066159706689,1.181597961248153,100
2026-01-16 08:10:00+00:00,1.181597961248153,1.1816729755013082,1.1805446955923864,1.1806197098455415,100
2026-01-16 08:15:00+00:00,1.1806197098455415,1.1815796409707262,1.1804319140043524,1.181391845129537,100
2026-01-16 08:20:00+00:00,1.181391845129537,1.1814888465668898,1.1807934198835413,1.180890421320894,100
2026-01-16 08:25:00+00:00,1.180890421320894,1.1809084455227927,1.1804187640692259,1.1804367882711246,100
2026-01-16 08:30:00+00:00,1.1804367882711246,1.1805209607641,1.1802638436625865,1.180348016155562,100
2026-01-16 08:35:00+00:00,1.180348016155562,1.1806780745027634,1.1800622730686172,1.1803923314158187,100
2026-01-16 08:40:00+00:00,1.1803923314158187,1.1804182215370094,1.1801354071155485,1.1801612972367392,100
2026-01-16 08:45:00+00:00,1.1801612972367392,1.1802635593186936,1.179658892527099,1.1797611546090534,100
2026-01-16 08:50:00+00:00,1.1797611546090534,1.180089012260895,1.1796311610200458,1.1799590186718873,100
2026-01-16 08:55:00+00:00,1.1799590186718873,1.180954904462969,1.179912625240765,1.1809085110318467,100
2026-01-16 09:00:00+00:00,1.1809085110318467,1.1815080553592483,1.180824638270657,1.1814241825980587,100
2026-01-16 09:05:00+00:00,1.1814241825980587,1.1815318305584852,1.1813875514905126,1.181495199450939,100
2026-01-16 09:10:00+00:00,1.181495199450939,1.181603774234704,1.1805245518010519,1.180633126584817,100
2026-01-16 09:15:00+00:00,1.180633126584817,1.1806671501286006,1.1794979925187605,1.1795320160625442,100
2026-01-16 09:20:00+00:00,1.1795320160625442,1.1795406565743125,1.1792560752929837,1.179264715804752,100
2026-01-16 09:25:00+00:00,1.179264715804752,1.1797443277773603,1.1790965910348303,1.1795762030074386,100
2026-01-16 09:30:00+00:00,1.1795762030074386,1.1796820124409435,1.1787612095885596,1.1788670190220645,100
2026-01-16 09:35:00+00:00,1.1788670190220645,1.1792454845114495,1.178842009542502,1.179220475031887,100
2026-01-16 09:40:00+00:00,1.179220475031887,1.1796534583985403,1.1789429231246886,1.1793759064913418,100
2026-01-16 09:45:00+00:00,1.1793759064913418,1.1798702876929537,1.1792001942058385,1.1796945754074504,100
2026-01-16 09:50:00+00:00,1.1796945754074504,1.1798195422423485,1.1795188122920268,1.179643779126925,100
2026-01-16 09:55:00+00:00,1.179643779126925,1.1797372397925299,1.1793894222788615,1.1794828829444663,100
2026-01-16 10:00:00+00:00,1.1794828829444663,1.1797057886636926,1.1786771036044734,1.1789000093236996,100
2026-01-16 10:05:00+00:00,1.1789000093236996,1.1791509189372726,1.1781857966518976,1.1784367062654706,100
2026-01-16 10:10:00+00:00,1.1784367062654706,1.178507498550244,1.1778677232162242,1.1779385155009976,100
2026-01-16 10:15:00+00:00,1.1779385155009976,1.1781776022357475,1.1772180742678031,1.177457161002553,100
2026-01-16 10:20:00+00:00,1.177457161002553,1.1775913504828326,1.176408081286817,1.1765422707670965,100
2026-01-16 10:25:00+00:00,1.1765422707670965,1.1765477015590127,1.1765105413962689,1.176515972188185,100
2026-01-16 10:30:00+00:00,1.176515972188185,1.1765330993459386,1.1760171068999155,1.176034234057669,100
2026-01-16 10:35:00+00:00,1.176034234057669,1.176217275660094,1.175951138512747,1.176134180115172,100
2026-01-16 10:40:00+00:00,1.176134180115172,1.1762200677975918,1.1757612374518347,1.1758471251342546,100
2026-01-16 10:45:00+00:00,1.1758471251342546,1.1758955220872778,1.1755884194144937,1.1756368163675168,100
2026-01-16 10:50:00+00:00,1.1756368163675168,1.1756672821360141,1.1753654800787365,1.1753959458472338,100
2026-01-16 10:55:00+00:00,1.1753959458472338,1.175542088677602,1.175135481638293,1.1752816244686612,100
2026-01-16 11:00:00+00:00,1.1752816244686612,1.1754953543297817,1.1746919943902687,1.1749057242513892,100
2026-01-16 11:05:00+00:00,1.1749057242513892,1.1750366798413656,1.174835777945823,1.1749667335357994,100
2026-01-16 11:10:00+00:00,1.1749667335357994,1.1756917815740737,1.1749214333748517,1.175646481413126,100
2026-01-16 11:15:00+00:00,1.175646481413126,1.1756799091187782,1.175248278655249,1.1752817063609011,100
2026-01-16 11:20:00+00:00,1.1752817063609011,1.1754875543917094,1.1749370315882959,1.1751428796191041,100
2026-01-16 11:25:00+00:00,1.1751428796191041,1.1752949406914506,1.1750018794854655,1.175153940557812,100
2026-01-16 11:30:00+00:00,1.175153940557812,1.1755567493973718,1.1750754166045128,1.1754782254440725,100
2026-01-16 11:35:00+00:00,1.1754782254440725,1.1760658212735893,1.1752827846287437,1.1758703804582604,100
2026-01-16 11:40:00+00:00,1.1758703804582604,1.1758968762233193,1.1758007067574514,1.1758272025225103,100
2026-01-16 11:45:00+00:00,1.1758272025225103,1.1761622369303546,1.1751261098986523,1.1754611443064966,100
2026-01-16 11:50:00+00:00,1.1754611443064966,1.1755141221955179,1.175139040459798,1.1751920183488191,100
2026-01-16 11:55:00+00:00,1.1751920183488191,1.1754795022227873,1.175178346722242,1.1754658305962102,100
2026-01-16 12:00:00+00:00,1.1754658305962102,1.1757718803768658,1.1750216326489662,1.1753276824296217,100
2026-01-16 12:05:00+00:00,1.1753276824296217,1.1753752449330737,1.175053677732682,1.175101240236134,100
2026-01-16 12:10:00+00:00,1.175101240236134,1.1752942992782784,1.174896476876658,1.1750895359188025,100
2026-01-16 12:15:00+00:00,1.1750895359188025,1.175095684582056,1.1747090083720377,1.1747151570352912,100
2026-01-16 12:20:00+00:00,1.1747151570352912,1.174828369486167,1.173274276138294,1.1733874885891697,100
2026-01-16 12:25:00+00:00,1.1733874885891697,1.1735568228276483,1.172494103800936,1.1726634380394145,100
2026-01-16 12:30:00+00:00,1.1726634380394145,1.1736412185463678,1.1725758004419984,1.1735535809489517,100
2026-01-16 12:35:00+00:00,1.1735535809489517,1.173795191426133,1.1730721508339903,1.1733137613111717,100
2026-01-16 12:40:00+00:00,1.1733137613111717,1.1733392714568043,1.1729878372886002,1.1730133474342328,100
2026-01-16 12:45:00+00:00,1.1730133474342328,1.1731356608081027,1.1729714954345678,1.1730938088084377,100
2026-01-16 12:50:00+00:00,1.1730938088084377,1.173267583213855,1.1727509413177182,1.1729247157231355,100
2026-01-16 12:55:00+00:00,1.1729247157231355,1.1730601765463022,1.1723171002032522,1.172452561026419,100
2026-01-16 13:00:00+00:00,1.172452561026419,1.1725518311790506,1.1724369335974556,1.1725362037500873,100
2026-01-16 13:05:00+00:00,1.1725362037500873,1.17280139158139,1.1719811753688611,1.1722463632001638,100
2026-01-16 13:10:00+00:00,1.1722463632001638,1.172415653309382,1.1718895135754213,1.1720588036846393,100
2026-01-16 13:15:00+00:00,1.1720588036846393,1.172229724917542,1.1713706664358776,1.1715415876687802,100
2026-01-16 13:20:00+00:00,1.1715415876687802,1.1719760850405896,1.17151703233296,1.1719515297047693,100
2026-01-16 13:25:00+00:00,1.1719515297047693,1.1724945366834134,1.171875544182368,1.1724185511610121,100
2026-01-16 13:30:00+00:00,1.1724185511610121,1.1724209893663045,1.1721560973392382,1.1721585355445305,100
2026-01-16 13:35:00+00:00,1.1721585355445305,1.1723776625025097,1.171586540650646,1.1718056676086253,100
2026-01-16 13:40:00+00:00,1.1718056676086253,1.171903951988403,1.1713246694381843,1.171422953817962,100
2026-01-16 13:45:00+00:00,1.171422953817962,1.1719440135145758,1.1713981809270615,1.1719192406236754,100
2026-01-16 13:50:00+00:00,1.1719192406236754,1.17197458893444,1.1716062155938909,1.1716615639046555,100
2026-01-16 13:55:00+00:00,1.1716615639046555,1.1718832951959568,1.1714464781896785,1.1716682094809798,100
2026-01-16 14:00:00+00:00,1.1716682094809798,1.17170095479381,1.170943463629557,1.1709762089423872,100
2026-01-16 14:05:00+00:00,1.1709762089423872,1.170988311836123,1.1708613297573705,1.1708734326511063,100
2026-01-16 14:10:00+00:00,1.1708734326511063,1.1709322966409483,1.1706712568535453,1.1707301208433873,100
2026-01-16 14:15:00+00:00,1.1707301208433873,1.1708180733630036,1.1694729566117203,1.1695609091313366,100
2026-01-16 14:20:00+00:00,1.1695609091313366,1.1696674830967257,1.169003864393068,1.1691104383584572,100
2026-01-16 14:25:00+00:00,1.1691104383584572,1.1694229296375942,1.1688948605541092,1.1692073518332462,100
2026-01-16 14:30:00+00:00,1.1692073518332462,1.1699290989859163,1.1690374321044341,1.1697591792571043,100
2026-01-16 14:35:00+00:00,1.1697591792571043,1.1699786732930808,1.1691279719932792,1.1693474660292558,100
2026-01-16 14:40:00+00:00,1.1693474660292558,1.1696285710226186,1.1690316528611067,1.1693127578544695,100
2026-01-16 14:45:00+00:00,1.1693127578544695,1.1693983176943992,1.1692305085907477,1.1693160684306774,100
2026-01-16 14:50:00+00:00,1.1693160684306774,1.1694767198621798,1.1686444050848164,1.1688050565163188,100
2026-01-16 14:55:00+00:00,1.1688050565163188,1.1688240279332245,1.168473476733935,1.1684924481508407,100
2026-01-16 15:00:00+00:00,1.1684924481508407,1.1688808328489444,1.168249257335353,1.1686376420334565,100
2026-01-16 15:05:00+00:00,1.1686376420334565,1.1686655829194144,1.1681038283566771,1.168131769242635,100
2026-01-16 15:10:00+00:00,1.168131769242635,1.1685989831207306,1.1678455063578501,1.1683127202359458,100
2026-01-16 15:15:00+00:00,1.1683127202359458,1.1684501575702197,1.1680279530437658,1.1681653903780398,100
2026-01-16 15:20:00+00:00,1.1681653903780398,1.1682648490918568,1.168089274407741,1.168188733121558,100
2026-01-16 15:25:00+00:00,1.168188733121558,1.1691925193515698,1.1680841193329219,1.1690879055629337,100
2026-01-16 15:30:00+00:00,1.1690879055629337,1.1694739123638318,1.1690032101723618,1.1693892169732598,100
2026-01-16 15:35:00+00:00,1.1693892169732598,1.1696836874699432,1.1692605206514806,1.169554991148164,100
2026-01-16 15:40:00+00:00,1.169554991148164,1.1702470722619214,1.169362209919185,1.1700542910329423,100
2026-01-16 15:45:00+00:00,1.1700542910329423,1.1701055642776987,1.169038900498084,1.1690901737428403,100
2026-01-16 15:50:00+00:00,1.1690901737428403,1.1691868770848588,1.1690025870286227,1.1690992903706412,100
2026-01-16 15:55:00+00:00,1.1690992903706412,1.1691160300994783,1.1690521772518727,1.1690689169807098,100
2026-01-16 16:00:00+00:00,1.1690689169807098,1.1696236571124539,1.1690371102529413,1.1695918503846854,100
2026-01-16 16:05:00+00:00,1.1695918503846854,1.1696143886228958,1.1688504610369195,1.1688729992751299,100
2026-01-16 16:10:00+00:00,1.1688729992751299,1.1689983231759606,1.1687256829329429,1.1688510068337736,100
2026-01-16 16:15:00+00:00,1.1688510068337736,1.1689427511991226,1.1680294439459176,1.1681211883112665,100
2026-01-16 16:20:00+00:00,1.1681211883112665,1.1686204349535807,1.1678861099243978,1.168385356566712,100
2026-01-16 16:25:00+00:00,1.168385356566712,1.1684066084001687,1.167860314028752,1.1678815658622088,100
2026-01-16 16:30:00+00:00,1.1678815658622088,1.1679136430628276,1.166488869307634,1.1665209465082529,100
2026-01-16 16:35:00+00:00,1.1665209465082529,1.1667629239659636,1.1664240707063622,1.166666048164073,100
2026-01-16 16:40:00+00:00,1.166666048164073,1.166772613738799,1.1663741907442826,1.1664807563190087,100
2026-01-16 16:45:00+00:00,1.1664807563190087,1.1666135538282487,1.166233280453116,1.166366077962356,100
2026-01-16 16:50:00+00:00,1.166366077962356,1.1665497352852516,1.1662194632062972,1.166403120529193,100
2026-01-16 16:55:00+00:00,1.166403120529193,1.1666566469504893,1.1662261513219097,1.166479677743206,100
2026-01-16 17:00:00+00:00,1.166479677743206,1.1667043870375708,1.1664379476243738,1.1666626569187386,100
2026-01-16 17:05:00+00:00,1.1666626569187386,1.1668623467837311,1.1658610861476348,1.1660607760126274,100
2026-01-16 17:10:00+00:00,1.1660607760126274,1.166530359228567,1.1660357335846228,1.1665053168005624,100
2026-01-16 17:15:00+00:00,1.1665053168005624,1.1666630200734176,1.1663674275318574,1.1665251308047127,100
2026-01-16 17:20:00+00:00,1.1665251308047127,1.1671019847409079,1.1663808761616383,1.1669577300978335,100
2026-01-16 17:25:00+00:00,1.1669577300978335,1.1671495868828834,1.166522094372252,1.166713951157302,100
2026-01-16 17:30:00+00:00,1.166713951157302,1.1667311289345783,1.1662443893786107,1.1662615671558871,100
2026-01-16 17:35:00+00:00,1.1662615671558871,1.1664282229662712,1.1655138684659618,1.165680524276346,100
2026-01-16 17:40:00+00:00,1.165680524276346,1.16581083005809,1.164869699215569,1.165000004997313,100
2026-01-16 17:45:00+00:00,1.165000004997313,1.1650982875880238,1.164728949489553,1.1648272320802637,100
2026-01-16 17:50:00+00:00,1.1648272320802637,1.1649241163769422,1.1644557998884921,1.1645526841851706,100
2026-01-16 17:55:00+00:00,1.1645526841851706,1.1645818278950457,1.1641067118916242,1.1641358556014993,100
2026-01-16 18:00:00+00:00,1.1641358556014993,1.1642899413917438,1.164027061808203,1.1641811475984474,100
2026-01-16 18:05:00+00:00,1.1641811475984474,1.1642892650994172,1.1637403762167366,1.1638484937177065,100
2026-01-16 18:10:00+00:00,1.1638484937177065,1.1643184313440673,1.1636459305277402,1.164115868154101,100
2026-01-16 18:15:00+00:00,1.164115868154101,1.1648007082984768,1.1639384959844843,1.16462333612886,100
2026-01-16 18:20:00+00:00,1.16462333612886,1.1649642716830777,1.1644282090179987,1.1647691445722164,100
2026-01-16 18:25:00+00:00,1.1647691445722164,1.164889762200684,1.1638526640120153,1.1639732816404829,100
2026-01-16 18:30:00+00:00,1.1639732816404829,1.1641265692703493,1.163060085628126,1.1632133732579923,100
2026-01-16 18:35:00+00:00,1.1632133732579923,1.1633608725885949,1.1625219334542454,1.162669432784848,100
2026-01-16 18:40:00+00:00,1.162669432784848,1.1627652176855166,1.1619653089927586,1.1620610938934273,100
2026-01-16 18:45:00+00:00,1.1620610938934273,1.162152429296781,1.1617968584919973,1.1618881938953511,100
2026-01-16 18:50:00+00:00,1.1618881938953511,1.1630475460497591,1.1618043484169305,1.1629637005713385,100
2026-01-16 18:55:00+00:00,1.1629637005713385,1.1634182714150727,1.162729629827991,1.1631842006717252,100
2026-01-16 19:00:00+00:00,1.1631842006717252,1.1638393417356112,1.1630482515204985,1.1637033925843845,100
2026-01-16 19:05:00+00:00,1.1637033925843845,1.164115070434418,1.1623363012883603,1.162747979138394,100
2026-01-16 19:10:00+00:00,1.162747979138394,1.163299914923079,1.1625180110958953,1.1630699468805803,100
2026-01-16 19:15:00+00:00,1.1630699468805803,1.1631676389343404,1.1623807917689546,1.1624784838227147,100
2026-01-16 19:20:00+00:00,1.1624784838227147,1.1625760024959904,1.1620917326720572,1.162189251345333,100
2026-01-16 19:25:00+00:00,1.162189251345333,1.1623545789652376,1.1621313982768793,1.162296725896784,100
2026-01-16 19:30:00+00:00,1.162296725896784,1.1628140447415682,1.1620622634369282,1.1625795822817124,100
2026-01-16 19:35:00+00:00,1.1625795822817124,1.1626222373917154,1.1617863470184835,1.1618290021284865,100
2026-01-16 19:40:00+00:00,1.1618290021284865,1.1626087010046502,1.1617915068155935,1.1625712056917572,100
2026-01-16 19:45:00+00:00,1.1625712056917572,1.1626313994828195,1.1621699422213867,1.162230136012449,100
2026-01-16 19:50:00+00:00,1.162230136012449,1.1624173091197965,1.162187059391287,1.1623742324986346,100
2026-01-16 19:55:00+00:00,1.1623742324986346,1.1623746541126958,1.1613171742499842,1.1613175958640454,100
2026-01-16 20:00:00+00:00,1.1613175958640454,1.161324434362742,1.160825642618369,1.1608324811170656,100
2026-01-16 20:05:00+00:00,1.1608324811170656,1.161151012462634,1.160706605301258,1.1610251366468265,100
2026-01-16 20:10:00+00:00,1.1610251366468265,1.1618073980527408,1.1608342183420433,1.1616164797479576,100
2026-01-16 20:15:00+00:00,1.1616164797479576,1.1618319839978162,1.161529690305106,1.1617451945549646,100
2026-01-16 20:20:00+00:00,1.1617451945549646,1.1618609601607475,1.1613086909475776,1.1614244565533605,100
2026-01-16 20:25:00+00:00,1.1614244565533605,1.1619351794655806,1.1612153674034773,1.1617260903156974,100
2026-01-16 20:30:00+00:00,1.1617260903156974,1.161925333292985,1.1605188984958514,1.1607181414731391,100
2026-01-16 20:35:00+00:00,1.1607181414731391,1.160963637686361,1.1605687883959745,1.1608142846091964,100
2026-01-16 20:40:00+00:00,1.1608142846091964,1.1609602200008062,1.1607912971102476,1.1609372325018574,100
2026-01-16 20:45:00+00:00,1.1609372325018574,1.1611408937621925,1.160798923265013,1.1610025845253482,100
2026-01-16 20:50:00+00:00,1.1610025845253482,1.1612852652429526,1.1606565557111217,1.160939236428726,100
2026-01-16 20:55:00+00:00,1.160939236428726,1.1610605318740463,1.1607396926921414,1.1608609881374616,100
2026-01-16 21:00:00+00:00,1.1608609881374616,1.1608732047995747,1.1604115067626986,1.1604237234248116,100
2026-01-16 21:05:00+00:00,1.1604237234248116,1.1605814381823791,1.1593117647583606,1.1594694795159282,100
2026-01-16 21:10:00+00:00,1.1594694795159282,1.159648841736019,1.1591422105695646,1.1593215727896553,100
2026-01-16 21:15:00+00:00,1.1593215727896553,1.1593330650867606,1.1590467830452478,1.159058275342353,100
2026-01-16 21:20:00+00:00,1.159058275342353,1.1591526739929716,1.158139143003733,1.1582335416543517,100
2026-01-16 21:25:00+00:00,1.1582335416543517,1.1583329394841295,1.1578030750568404,1.1579024728866183,100
2026-01-16 21:30:00+00:00,1.1579024728866183,1.1580259304000253,1.1578326277076256,1.1579560852210327,100
2026-01-16 21:35:00+00:00,1.1579560852210327,1.1587807980315095,1.1579238946778967,1.1587486074883735,100
2026-01-16 21:40:00+00:00,1.1587486074883735,1.159155326222216,1.1586242124686628,1.1590309312025053,100
2026-01-16 21:45:00+00:00,1.1590309312025053,1.1591245113622446,1.1589478431568876,1.1590414233166269,100
2026-01-16 21:50:00+00:00,1.1590414233166269,1.1594494754339615,1.1589220258960609,1.1593300780133955,100
2026-01-16 21:55:00+00:00,1.1593300780133955,1.1593455883318475,1.159316861082662,1.1593323714011141,100
2026-01-16 22:00:00+00:00,1.1593323714011141,1.160082897373443,1.1591171294152405,1.1598676553875693,100
2026-01-16 22:05:00+00:00,1.1598676553875693,1.1600466424229505,1.1596739133859872,1.1598529004213685,100
2026-01-16 22:10:00+00:00,1.1598529004213685,1.1600442296565339,1.1591829579379198,1.1593742871730852,100
2026-01-16 22:15:00+00:00,1.1593742871730852,1.1594539368186698,1.1588607305403331,1.1589403801859177,100
2026-01-16 22:20:00+00:00,1.1589403801859177,1.1594442343125593,1.1587566208111786,1.1592604749378201,100
2026-01-16 22:25:00+00:00,1.1592604749378201,1.1593604290245474,1.158954879662395,1.1590548337491222,100
2026-01-16 22:30:00+00:00,1.1590548337491222,1.1591642173184042,1.1589319019142705,1.1590412854835526,100
2026-01-16 22:35:00+00:00,1.1590412854835526,1.1595580161516388,1.1587719460323855,1.1592886767004718,100
2026-01-16 22:40:00+00:00,1.1592886767004718,1.1594117564953892,1.1589319617962146,1.159055041591132,100
2026-01-16 22:45:00+00:00,1.159055041591132,1.1597701534541676,1.158701980115679,1.1594170919787146,100
2026-01-16 22:50:00+00:00,1.1594170919787146,1.1598167894856712,1.1593090588463635,1.1597087563533202,100
2026-01-16 22:55:00+00:00,1.1597087563533202,1.1604076262923386,1.15968059214779,1.1603794620868084,100
2026-01-16 23:00:00+00:00,1.1603794620868084,1.1604952847941887,1.1600591626961065,1.1601749854034868,100
2026-01-16 23:05:00+00:00,1.1601749854034868,1.1610762120966895,1.1599588901109819,1.1608601168041845,100
2026-01-16 23:10:00+00:00,1.1608601168041845,1.1609031135576589,1.1602118763695046,1.160254873122979,100
2026-01-16 23:15:00+00:00,1.160254873122979,1.1603738384808704,1.160135356822263,1.1602543221801545,100
2026-01-16 23:20:00+00:00,1.1602543221801545,1.1603870165445278,1.1602356170300963,1.1603683113944696,100
2026-01-16 23:25:00+00:00,1.1603683113944696,1.1604153840573435,1.1597590585253055,1.1598061311881793,100
2026-01-16 23:30:00+00:00,1.1598061311881793,1.1598542587592344,1.1587098252107777,1.1587579527818328,100
2026-01-16 23:35:00+00:00,1.1587579527818328,1.1591132467957779,1.1587156457575247,1.1590709397714698,100
2026-01-16 23:40:00+00:00,1.1590709397714698,1.15913462901301,1.158858421988827,1.1589221112303671,100
2026-01-16 23:45:00+00:00,1.1589221112303671,1.159337248192397,1.1587946061766585,1.1592097431386883,100
2026-01-16 23:50:00+00:00,1.1592097431386883,1.159297495581087,1.158411010411489,1.1584987628538879,100
2026-01-16 23:55:00+00:00,1.1584987628538879,1.158531045067412,1.1576637775941507,1.1576960598076749,100
2026-01-17 00:00:00+00:00,1.1576960598076749,1.1578853312963104,1.157434652749188,1.1576239242378237,100
2026-01-17 00:05:00+00:00,1.1576239242378237,1.1583080421820817,1.1575124537514945,1.1581965716957525,100
2026-01-17 00:10:00+00:00,1.1581965716957525,1.158324252482931,1.1580299478522438,1.1581576286394222,100
2026-01-17 00:15:00+00:00,1.1581576286394222,1.1584369477310654,1.157657120013579,1.1579364391052223,100
2026-01-17 00:20:00+00:00,1.1579364391052223,1.1580318015868072,1.1577836685896261,1.157879031071211,100
2026-01-17 00:25:00+00:00,1.157879031071211,1.157964222011459,1.157862736321758,1.157947927262006,100
2026-01-17 00:30:00+00:00,1.157947927262006,1.158000576745929,1.1574353156494817,1.1574879651334047,100
2026-01-17 00:35:00+00:00,1.1574879651334047,1.1577829858556337,1.157302655884718,1.157597676606947,100
2026-01-17 00:40:00+00:00,1.157597676606947,1.1581979835520542,1.1574058724760903,1.1580061794211975,100
2026-01-17 00:45:00+00:00,1.1580061794211975,1.1591899329482698,1.1578400643457285,1.1590238178728007,100
2026-01-17 00:50:00+00:00,1.1590238178728007,1.159215361043299,1.1587121418413302,1.1589036850118284,100
2026-01-17 00:55:00+00:00,1.1589036850118284,1.1593442413213648,1.1588315089203993,1.1592720652299358,100
2026-01-17 01:00:00+00:00,1.1592720652299358,1.159365818334181,1.1592359424991925,1.1593296956034378,100
2026-01-17 01:05:00+00:00,1.1593296956034378,1.1594560588453302,1.158308532412207,1.1584348956540995,100
2026-01-17 01:10:00+00:00,1.1584348956540995,1.158593180386815,1.157012374596352,1.1571706593290676,100
2026-01-17 01:15:00+00:00,1.1571706593290676,1.1572904205611927,1.1566947126170612,1.1568144738491863,100
2026-01-17 01:20:00+00:00,1.1568144738491863,1.1570839561430792,1.1562833356848268,1.1565528179787197,100
2026-01-17 01:25:00+00:00,1.1565528179787197,1.1565744537621894,1.1563228187306303,1.1563444545141,100
2026-01-17 01:30:00+00:00,1.1563444545141,1.1568633089580223,1.1561979954914872,1.1567168499354095,100
2026-01-17 01:35:00+00:00,1.1567168499354095,1.1568288186279887,1.1559070632728856,1.1560190319654648,100
2026-01-17 01:40:00+00:00,1.1560190319654648,1.1568467278207122,1.1559837151791068,1.1568114110343541,100
2026-01-17 01:45:00+00:00,1.1568114110343541,1.15687425570325,1.1564972267095674,1.1565600713784634,100
2026-01-17 01:50:00+00:00,1.1565600713784634,1.1565746928547982,1.1565496357348182,1.156564257211153,100
2026-01-17 01:55:00+00:00,1.156564257211153,1.1567146223909288,1.1561515167163288,1.1563018818961046,100
2026-01-17 02:00:00+00:00,1.1563018818961046,1.1564142958775496,1.1559422784594329,1.1560546924408779,100
2026-01-17 02:05:00+00:00,1.1560546924408779,1.1562555279835374,1.155441467578904,1.1556423031215635,100
2026-01-17 02:10:00+00:00,1.1556423031215635,1.1558410185515198,1.1552764810803255,1.1554751965102819,100
2026-01-17 02:15:00+00:00,1.1554751965102819,1.1556676862138027,1.1547725069282773,1.154964996631798,100
2026-01-17 02:20:00+00:00,1.154964996631798,1.1550439954766327,1.1547625716569578,1.1548415705017925,100
2026-01-17 02:25:00+00:00,1.1548415705017925,1.1552436714761316,1.1548342116418717,1.1552363126162108,100
2026-01-17 02:30:00+00:00,1.1552363126162108,1.1554655352485614,1.155083272100051,1.1553124947324016,100
2026-01-17 02:35:00+00:00,1.1553124947324016,1.1554245773936822,1.155220689253087,1.1553327719143676,100
2026-01-17 02:40:00+00:00,1.1553327719143676,1.1555476529123148,1.155020170045144,1.155235051043091,100
2026-01-17 02:45:00+00:00,1.155235051043091,1.1557696166097264,1.155164715337775,1.1556992809044104,100
2026-01-17 02:50:00+00:00,1.1556992809044104,1.1559151015403542,1.155076660936767,1.1552924815727108,100
2026-01-17 02:55:00+00:00,1.1552924815727108,1.1554678203748414,1.1551008081409362,1.1552761469430668,100
2026-01-17 03:00:00+00:00,1.1552761469430668,1.1555888381247803,1.1552016109421834,1.155514302123897,100
2026-01-17 03:05:00+00:00,1.155514302123897,1.1558296624653375,1.1553092558169544,1.155624616158395,100
2026-01-17 03:10:00+00:00,1.155624616158395,1.155971264495176,1.1555169819025883,1.1558636302393694,100
2026-01-17 03:15:00+00:00,1.1558636302393694,1.1558958860560662,1.155770200430634,1.1558024562473308,100
2026-01-17 03:20:00+00:00,1.1558024562473308,1.1558263620738654,1.1555649225104008,1.1555888283369353,100
2026-01-17 03:25:00+00:00,1.1555888283369353,1.1559956765639854,1.155390623309781,1.155797471536831,100
2026-01-17 03:30:00+00:00,1.155797471536831,1.1566780898385254,1.1554261593565338,1.156306777658228,100
2026-01-17 03:35:00+00:00,1.156306777658228,1.1570690210371681,1.1561374539873237,1.1568996973662637,100
2026-01-17 03:40:00+00:00,1.1568996973662637,1.1574275592880627,1.1568016498308584,1.1573295117526574,100
2026-01-17 03:45:00+00:00,1.1573295117526574,1.1575899537974472,1.156745142254188,1.1570055842989777,100
2026-01-17 03:50:00+00:00,1.1570055842989777,1.157465419384491,1.1567533627080926,1.157213197793606,100
2026-01-17 03:55:00+00:00,1.157213197793606,1.1573201842421903,1.1569909967605978,1.1570979832091821,100
2026-01-17 04:00:00+00:00,1.1570979832091821,1.1573794070533758,1.1569115546105755,1.1571929784547692,100
2026-01-17 04:05:00+00:00,1.1571929784547692,1.1572328660809894,1.1568703710786077,1.1569102587048279,100
2026-01-17 04:10:00+00:00,1.1569102587048279,1.156921275926457,1.1568386700474034,1.1568496872690326,100
2026-01-17 04:15:00+00:00,1.1568496872690326,1.1570779173313421,1.1561750606540917,1.1564032907164012,100
2026-01-17 04:20:00+00:00,1.1564032907164012,1.1565723873938063,1.1562172160227135,1.1563863127001186,100
2026-01-17 04:25:00+00:00,1.1563863127001186,1.156399424985255,1.1562563276176796,1.156269439902816,100
2026-01-17 04:30:00+00:00,1.156269439902816,1.1562814962137218,1.1559391481407495,1.1559512044516553,100
2026-01-17 04:35:00+00:00,1.1559512044516553,1.1561988023069938,1.1555454285461748,1.1557930264015133,100
2026-01-17 04:40:00+00:00,1.1557930264015133,1.156221491053598,1.1556052215675892,1.1560336862196738,100
2026-01-17 04:45:00+00:00,1.1560336862196738,1.1565921881211383,1.1557723742087762,1.1563308761102407,100
2026-01-17 04:50:00+00:00,1.1563308761102407,1.1565539721411153,1.1555710586046144,1.155794154635489,100
2026-01-17 04:55:00+00:00,1.155794154635489,1.1559038194323557,1.1551829765753978,1.1552926413722644,100
2026-01-17 05:00:00+00:00,1.1552926413722644,1.1557483327151583,1.1552183930309328,1.1556740843738267,100
2026-01-17 05:05:00+00:00,1.1556740843738267,1.1562705618052938,1.1554294566434247,1.1560259340748917,100
2026-01-17 05:10:00+00:00,1.1560259340748917,1.1564412344514745,1.1559772523865166,1.1563925527630994,100
2026-01-17 05:15:00+00:00,1.1563925527630994,1.1570662619165555,1.1561320035181113,1.1568057126715674,100
2026-01-17 05:20:00+00:00,1.1568057126715674,1.1571265192244073,1.156695795160926,1.157016601713766,100
2026-01-17 05:25:00+00:00,1.157016601713766,1.1577058694205837,1.1566946389446806,1.1573839066514984,100
2026-01-17 05:30:00+00:00,1.1573839066514984,1.1576107052519904,1.1572278038762016,1.1574546024766936,100
2026-01-17 05:35:00+00:00,1.1574546024766936,1.1578985565216346,1.1570476320109073,1.1574915860558483,100
2026-01-17 05:40:00+00:00,1.1574915860558483,1.157539915620505,1.1572196937838013,1.157268023348458,100
2026-01-17 05:45:00+00:00,1.157268023348458,1.1573178972445106,1.1563636528868475,1.1564135267829,100
2026-01-17 05:50:00+00:00,1.1564135267829,1.1565209865426553,1.156180917023348,1.1562883767831031,100
2026-01-17 05:55:00+00:00,1.1562883767831031,1.1564300342432217,1.1559589140158877,1.1561005714760062,100
2026-01-17 06:00:00+00:00,1.1561005714760062,1.1562099537797388,1.1559365792640277,1.1560459615677603,100
2026-01-17 06:05:00+00:00,1.1560459615677603,1.1563567480086474,1.155972591417026,1.1562833778579131,100
2026-01-17 06:10:00+00:00,1.1562833778579131,1.156351936386355,1.1561062010667156,1.1561747595951575,100
2026-01-17 06:15:00+00:00,1.1561747595951575,1.1562074126788606,1.1553395030419966,1.1553721561256998,100
2026-01-17 06:20:00+00:00,1.1553721561256998,1.1557887831742912,1.1543251313966814,1.1547417584452728,100
2026-01-17 06:25:00+00:00,1.1547417584452728,1.154804482159947,1.15452143888931,1.154584162603984,100
2026-01-17 06:30:00+00:00,1.154584162603984,1.1546543691933964,1.1542827649252785,1.1543529715146907,100
2026-01-17 06:35:00+00:00,1.1543529715146907,1.1544414617149104,1.1536760112262587,1.1537645014264784,100
2026-01-17 06:40:00+00:00,1.1537645014264784,1.1541845223427514,1.1535325788339355,1.1539525997502085,100
2026-01-17 06:45:00+00:00,1.1539525997502085,1.1540974435160012,1.1531123938731151,1.1532572376389079,100
2026-01-17 06:50:00+00:00,1.1532572376389079,1.153385482519933,1.152423585738949,1.1525518306199742,100
2026-01-17 06:55:00+00:00,1.1525518306199742,1.1526345497973445,1.1518744821645417,1.151957201341912,100
2026-01-17 07:00:00+00:00,1.151957201341912,1.1519817252020201,1.1518380454391424,1.1518625692992506,100
2026-01-17 07:05:00+00:00,1.1518625692992506,1.1519842859352964,1.151090627838453,1.1512123444744988,100
2026-01-17 07:10:00+00:00,1.1512123444744988,1.1512868913672982,1.1509745539169407,1.15104910080974,100
2026-01-17 07:15:00+00:00,1.15104910080974,1.1518965229420464,1.1509719329507513,1.1518193550830576,100
2026-01-17 07:20:00+00:00,1.1518193550830576,1.15191357956397,1.1510482179244297,1.151142442405342,100
2026-01-17 07:25:00+00:00,1.151142442405342,1.1512449091753294,1.1507029251402887,1.150805391910276,100
2026-01-17 07:30:00+00:00,1.150805391910276,1.1517149110756975,1.1507156140031747,1.151625133168596,100
2026-01-17 07:35:00+00:00,1.151625133168596,1.1522796916760358,1.151443204594767,1.1520977631022067,100
2026-01-17 07:40:00+00:00,1.1520977631022067,1.1522445364240472,1.1520150632931077,1.1521618366149482,100
2026-01-17 07:45:00+00:00,1.1521618366149482,1.1522204073842377,1.1514263582118367,1.1514849289811262,100
2026-01-17 07:50:00+00:00,1.1514849289811262,1.1518121286959395,1.1513478186171606,1.151675018331974,100
2026-01-17 07:55:00+00:00,1.151675018331974,1.1518248975824228,1.151619758306565,1.151769637557014,100
2026-01-17 08:00:00+00:00,1.151769637557014,1.1518903080385745,1.1509645125150407,1.1510851829966013,100
2026-01-17 08:05:00+00:00,1.1510851829966013,1.151679255873117,1.1508754169888264,1.1514694898653421,100
2026-01-17 08:10:00+00:00,1.1514694898653421,1.151730977708358,1.1505504984949402,1.150811986337956,100
2026-01-17 08:15:00+00:00,1.150811986337956,1.1510526449386518,1.1494624218337561,1.149703080434452,100
2026-01-17 08:20:00+00:00,1.149703080434452,1.150119678836894,1.149684380911799,1.150100979314241,100
2026-01-17 08:25:00+00:00,1.150100979314241,1.150775039656125,1.149972127340737,1.150646187682621,100
2026-01-17 08:30:00+00:00,1.150646187682621,1.1507163568966854,1.1499863809955282,1.1500565502095925,100
2026-01-17 08:35:00+00:00,1.1500565502095925,1.150205324515048,1.1496686474178672,1.1498174217233228,100
2026-01-17 08:40:00+00:00,1.1498174217233228,1.150548689900733,1.149807943255995,1.150539211433405,100
2026-01-17 08:45:00+00:00,1.150539211433405,1.1507073425757723,1.1501861167655116,1.150354247907879,100
2026-01-17 08:50:00+00:00,1.150354247907879,1.150411365093084,1.1501503842233443,1.1502075014085493,100
2026-01-17 08:55:00+00:00,1.1502075014085493,1.1503961956150306,1.149664016709239,1.1498527109157202,100
2026-01-17 09:00:00+00:00,1.1498527109157202,1.1503837710735254,1.1496343012370513,1.1501653613948566,100
2026-01-17 09:05:00+00:00,1.1501653613948566,1.150292104599522,1.1501304333656752,1.1502571765703407,100
2026-01-17 09:10:00+00:00,1.1502571765703407,1.150389769655842,1.1493418759451721,1.1494744690306735,100
2026-01-17 09:15:00+00:00,1.1494744690306735,1.149780067764513,1.1493801949829798,1.1496857937168192,100
2026-01-17 09:20:00+00:00,1.1496857937168192,1.149779140761766,1.1496205647006024,1.149713911745549,100
2026-01-17 09:25:00+00:00,1.149713911745549,1.149955137536039,1.148547234220671,1.148788460011161,100
2026-01-17 09:30:00+00:00,1.148788460011161,1.1488600444773798,1.1487637020325474,1.148835286498766,100
2026-01-17 09:35:00+00:00,1.148835286498766,1.1488901101675022,1.1485600662169915,1.1486148898857276,100
2026-01-17 09:40:00+00:00,1.1486148898857276,1.1489421094774979,1.147789362879407,1.1481165824711772,100
2026-01-17 09:45:00+00:00,1.1481165824711772,1.1482783124015232,1.147485632807109,1.147647362737455,100
2026-01-17 09:50:00+00:00,1.147647362737455,1.1483116773488735,1.147366810532326,1.1480311251437445,100
2026-01-17 09:55:00+00:00,1.1480311251437445,1.1484071111791743,1.1477802457691921,1.148156231804622,100
2026-01-17 10:00:00+00:00,1.148156231804622,1.148737513074553,1.1480240351513447,1.1486053164212757,100
2026-01-17 10:05:00+00:00,1.1486053164212757,1.1490152676423715,1.1486048456596294,1.1490147968807252,100
2026-01-17 10:10:00+00:00,1.1490147968807252,1.1490434807910506,1.148551297898178,1.1485799818085034,100
2026-01-17 10:15:00+00:00,1.1485799818085034,1.1486832447201858,1.1483922997508864,1.1484955626625688,100
2026-01-17 10:20:00+00:00,1.1484955626625688,1.1486053154683797,1.1474243609182584,1.1475341137240693,100
2026-01-17 10:25:00+00:00,1.1475341137240693,1.1485921827817869,1.1474622705562556,1.1485203396139732,100
2026-01-17 10:30:00+00:00,1.1485203396139732,1.1485540998995702,1.1483375830318883,1.1483713433174854,100
2026-01-17 10:35:00+00:00,1.1483713433174854,1.148507450388535,1.1482813881112923,1.148417495182342,100
2026-01-17 10:40:00+00:00,1.148417495182342,1.148434827252992,1.14819578645847,1.14821311852912,100
2026-01-17 10:45:00+00:00,1.14821311852912,1.1483811969804174,1.1478720429274551,1.1480401213787526,100
2026-01-17 10:50:00+00:00,1.1480401213787526,1.1483166304465933,1.1478089773954334,1.1480854864632741,100
2026-01-17 10:55:00+00:00,1.1480854864632741,1.1484105836741318,1.1480262672641266,1.1483513644749843,100
2026-01-17 11:00:00+00:00,1.1483513644749843,1.1490367102459942,1.148161684806091,1.1488470305771008,100
2026-01-17 11:05:00+00:00,1.1488470305771008,1.1489262246482677,1.1488370076379524,1.1489162017091192,100
2026-01-17 11:10:00+00:00,1.1489162017091192,1.14901991993926,1.1483785249792329,1.1484822432093735,100
2026-01-17 11:15:00+00:00,1.1484822432093735,1.1495268037532025,1.1482459499421869,1.1492905104860158,100
2026-01-17 11:20:00+00:00,1.1492905104860158,1.149827332336071,1.149023562558792,1.1495603844088471,100
2026-01-17 11:25:00+00:00,1.1495603844088471,1.149592760410491,1.1491321005309287,1.1491644765325726,100
2026-01-17 11:30:00+00:00,1.1491644765325726,1.1492365969991363,1.1486443882603814,1.148716508726945,100
2026-01-17 11:35:00+00:00,1.148716508726945,1.148962448047124,1.148119986880315,1.148365926200494,100
2026-01-17 11:40:00+00:00,1.148365926200494,1.1485203192522266,1.1481710878389335,1.1483254808906662,100
2026-01-17 11:45:00+00:00,1.1483254808906662,1.1484218721400459,1.1478855949709779,1.1479819862203575,100
2026-01-17 11:50:00+00:00,1.1479819862203575,1.1489126819029967,1.1479044631965276,1.1488351588791668,100
2026-01-17 11:55:00+00:00,1.1488351588791668,1.1496289352777707,1.1488025420407486,1.1495963184393525,100
2026-01-17 12:00:00+00:00,1.1495963184393525,1.1497510604859054,1.1491540624277687,1.1493088044743216,100
2026-01-17 12:05:00+00:00,1.1493088044743216,1.149463889842794,1.149256467031319,1.1494115523997914,100
2026-01-17 12:10:00+00:00,1.1494115523997914,1.1496192798453417,1.149235271052684,1.1494429984982344,100
2026-01-17 12:15:00+00:00,1.1494429984982344,1.1499984471614675,1.1494120952811104,1.1499675439443435,100
2026-01-17 12:20:00+00:00,1.1499675439443435,1.1500308686247607,1.1499172712021168,1.149980595882534,100
2026-01-17 12:25:00+00:00,1.149980595882534,1.1500316952091036,1.149354165800346,1.1494052651269158,100
2026-01-17 12:30:00+00:00,1.1494052651269158,1.1495567016044892,1.1487642026745346,1.148915639152108,100
2026-01-17 12:35:00+00:00,1.148915639152108,1.1489643536502723,1.148911706517458,1.1489604210156223,100
2026-01-17 12:40:00+00:00,1.1489604210156223,1.149195556330811,1.1488319868790309,1.1490671221942195,100
2026-01-17 12:45:00+00:00,1.1490671221942195,1.1492046218771212,1.148586098209897,1.1487235978927988,100
2026-01-17 12:50:00+00:00,1.1487235978927988,1.1487261731825964,1.1475271460393366,1.1475297213291342,100
2026-01-17 12:55:00+00:00,1.1475297213291342,1.1476590091433077,1.1471144217087244,1.1472437095228978,100
2026-01-17 13:00:00+00:00,1.1472437095228978,1.1473362242801863,1.1470098089910241,1.1471023237483127,100
2026-01-17 13:05:00+00:00,1.1471023237483127,1.1471457660740616,1.1462249011772554,1.1462683435030043,100
2026-01-17 13:10:00+00:00,1.1462683435030043,1.1463870185846439,1.1459509374871981,1.1460696125688377,100
2026-01-17 13:15:00+00:00,1.1460696125688377,1.146156081210142,1.1452285177902168,1.145314986431521,100
2026-01-17 13:20:00+00:00,1.145314986431521,1.1456955814719503,1.1449878612006466,1.1453684562410757,100
2026-01-17 13:25:00+00:00,1.1453684562410757,1.1458857783417764,1.1452155962352097,1.1457329183359104,100
2026-01-17 13:30:00+00:00,1.1457329183359104,1.1458262467693643,1.1455787388459395,1.1456720672793934,100
2026-01-17 13:35:00+00:00,1.1456720672793934,1.1457718943765511,1.1454895560975276,1.1455893831946853,100
2026-01-17 13:40:00+00:00,1.1455893831946853,1.145667107932102,1.1451493791221459,1.1452271038595625,100
2026-01-17 13:45:00+00:00,1.1452271038595625,1.1458137760037173,1.145173415969499,1.1457600881136538,100
2026-01-17 13:50:00+00:00,1.1457600881136538,1.1458489653579962,1.1453122772217896,1.145401154466132,100
2026-01-17 13:55:00+00:00,1.145401154466132,1.1454970006459053,1.1444325344872377,1.144528380667011,100
2026-01-17 14:00:00+00:00,1.144528380667011,1.1445958697434944,1.1439069176545826,1.143974406731066,100
2026-01-17 14:05:00+00:00,1.143974406731066,1.1440267629108551,1.1439451104442355,1.1439974666240247,100
2026-01-17 14:10:00+00:00,1.1439974666240247,1.1440650093155298,1.1439737497900342,1.1440412924815393,100
2026-01-17 14:15:00+00:00,1.1440412924815393,1.144271310119448,1.1430466598681286,1.1432766775060372,100
2026-01-17 14:20:00+00:00,1.1432766775060372,1.1436581731539428,1.1432230969391808,1.1436045925870864,100
2026-01-17 14:25:00+00:00,1.1436045925870864,1.143672180365351,1.1429461072826033,1.1430136950608678,100
2026-01-17 14:30:00+00:00,1.1430136950608678,1.1437645489097024,1.1426914413093696,1.1434422951582042,100
2026-01-17 14:35:00+00:00,1.1434422951582042,1.1445601377389332,1.1434154360777857,1.1445332786585147,100
2026-01-17 14:40:00+00:00,1.1445332786585147,1.1445596262971096,1.1440235525862907,1.1440499002248856,100
2026-01-17 14:45:00+00:00,1.1440499002248856,1.1441688383044468,1.1439765055769737,1.144095443656535,100
2026-01-17 14:50:00+00:00,1.144095443656535,1.1446272427933415,1.1439133050117642,1.1444451041485708,100
2026-01-17 14:55:00+00:00,1.1444451041485708,1.1446513825050197,1.1437775901616731,1.143983868518122,100
2026-01-17 15:00:00+00:00,1.143983868518122,1.1441509882363785,1.1434804458636783,1.1436475655819347,100
2026-01-17 15:05:00+00:00,1.1436475655819347,1.1438301188789384,1.1428765285886837,1.1430590818856874,100
2026-01-17 15:10:00+00:00,1.1430590818856874,1.143253123654228,1.1429830904656633,1.143177132234204,100
2026-01-17 15:15:00+00:00,1.143177132234204,1.1431910079239986,1.1426707551947197,1.1426846308845144,100
2026-01-17 15:20:00+00:00,1.1426846308845144,1.142922835072035,1.1423673715207994,1.14260557570832,100
2026-01-17 15:25:00+00:00,1.14260557570832,1.142679290890056,1.1422066492354266,1.1422803644171626,100
2026-01-17 15:30:00+00:00,1.1422803644171626,1.1424754419707661,1.1414829517644365,1.14167802931804,100
2026-01-17 15:35:00+00:00,1.14167802931804,1.141707158819886,1.1416591458178658,1.1416882753197117,100
2026-01-17 15:40:00+00:00,1.1416882753197117,1.1417553603306794,1.1416690467401562,1.1417361317511239,100
2026-01-17 15:45:00+00:00,1.1417361317511239,1.142141866670464,1.1417213774889385,1.1421271124082786,100
2026-01-17 15:50:00+00:00,1.1421271124082786,1.1424593717384242,1.142061839376012,1.1423940987061576,100
2026-01-17 15:55:00+00:00,1.1423940987061576,1.1425235592599488,1.1417418559901682,1.1418713165439593,100
2026-01-17 16:00:00+00:00,1.1418713165439593,1.1419874980733415,1.1417879098592507,1.141904091388633,100
2026-01-17 16:05:00+00:00,1.141904091388633,1.1421154603289776,1.1416900150046738,1.1419013839450185,100
2026-01-17 16:10:00+00:00,1.1419013839450185,1.141998602965983,1.1411083933870498,1.1412056124080143,100
2026-01-17 16:15:00+00:00,1.1412056124080143,1.1412086062214921,1.1407932810421164,1.1407962748555942,100
2026-01-17 16:20:00+00:00,1.1407962748555942,1.140955804661621,1.140295788316507,1.1404553181225339,100
2026-01-17 16:25:00+00:00,1.1404553181225339,1.1413090373030836,1.1403406576886501,1.1411943768692,100
2026-01-17 16:30:00+00:00,1.1411943768692,1.1413733855584347,1.1409662537450687,1.1411452624343035,100
2026-01-17 16:35:00+00:00,1.1411452624343035,1.1411756555718024,1.140787447000384,1.140817840137883,100
2026-01-17 16:40:00+00:00,1.140817840137883,1.1409400389451243,1.140017461786856,1.1401396605940972,100
2026-01-17 16:45:00+00:00,1.1401396605940972,1.1403511547420109,1.1396202102020638,1.1398317043499775,100
2026-01-17 16:50:00+00:00,1.1398317043499775,1.140237078841622,1.1397993340970893,1.140204708588734,100
2026-01-17 16:55:00+00:00,1.140204708588734,1.1403533394221035,1.1398790811357968,1.1400277119691664,100
2026-01-17 17:00:00+00:00,1.1400277119691664,1.1401382969245235,1.1390856914420022,1.1391962763973593,100
2026-01-17 17:05:00+00:00,1.1391962763973593,1.1393748345302843,1.1383328936977481,1.1385114518306731,100
2026-01-17 17:10:00+00:00,1.1385114518306731,1.1385367266677813,1.1377192309356168,1.137744505772725,100
2026-01-17 17:15:00+00:00,1.137744505772725,1.1382029055865899,1.1374698061901671,1.137928206004032,100
2026-01-17 17:20:00+00:00,1.137928206004032,1.137935961026081,1.1371844429657008,1.1371921979877497,100
2026-01-17 17:25:00+00:00,1.1371921979877497,1.1376913370973556,1.137058654444226,1.137557793553832,100
2026-01-17 17:30:00+00:00,1.137557793553832,1.1383625484801705,1.1373689224542074,1.138173677380546,100
2026-01-17 17:35:00+00:00,1.138173677380546,1.1382304077694285,1.137383398015134,1.1374401284040165,100
2026-01-17 17:40:00+00:00,1.1374401284040165,1.1375522547088441,1.1368936814051869,1.1370058077100145,100
2026-01-17 17:45:00+00:00,1.1370058077100145,1.1376383987604057,1.1368170374978717,1.137449628548263,100
2026-01-17 17:50:00+00:00,1.137449628548263,1.1375135778625745,1.137371199075704,1.1374351483900156,100
2026-01-17 17:55:00+00:00,1.1374351483900156,1.1378974568453988,1.1363382235319097,1.136800531987293,100
2026-01-17 18:00:00+00:00,1.136800531987293,1.1369111684155933,1.1366696486467431,1.1367802850750435,100
2026-01-17 18:05:00+00:00,1.1367802850750435,1.137642806593538,1.1365415872013096,1.1374041087198041,100
2026-01-17 18:10:00+00:00,1.1374041087198041,1.1377286523718722,1.1364671754895217,1.1367917191415897,100
2026-01-17 18:15:00+00:00,1.1367917191415897,1.1370173065647091,1.1362162783066556,1.136441865729775,100
2026-01-17 18:20:00+00:00,1.136441865729775,1.1366060400015146,1.1362700430435047,1.1364342173152442,100
2026-01-17 18:25:00+00:00,1.1364342173152442,1.1368191487012123,1.1363246056882457,1.1367095370742137,100
2026-01-17 18:30:00+00:00,1.1367095370742137,1.1367854883316122,1.1358820943663013,1.1359580456236997,100
2026-01-17 18:35:00+00:00,1.1359580456236997,1.136038020142116,1.135841895716047,1.1359218702344633,100
2026-01-17 18:40:00+00:00,1.1359218702344633,1.1359602924165133,1.13521141289558,1.1352498350776299,100
2026-01-17 18:45:00+00:00,1.1352498350776299,1.1353489687542622,1.1351924762357364,1.1352916099123687,100
2026-01-17 18:50:00+00:00,1.1352916099123687,1.1353862191627637,1.1344242844065862,1.1345188936569812,100
2026-01-17 18:55:00+00:00,1.1345188936569812,1.1349091451295756,1.1344218496050893,1.1348121010776837,100
2026-01-17 19:00:00+00:00,1.1348121010776837,1.1348654370146913,1.1344960354226366,1.1345493713596442,100
2026-01-17 19:05:00+00:00,1.1345493713596442,1.134713006161523,1.1343515952611642,1.134515230063043,100
2026-01-17 19:10:00+00:00,1.134515230063043,1.1347099434162173,1.1342796542956457,1.13447436764882,100
2026-01-17 19:15:00+00:00,1.13447436764882,1.1345118313704394,1.1336264264883418,1.1336638902099612,100
2026-01-17 19:20:00+00:00,1.1336638902099612,1.134390652391036,1.1335777887051879,1.1343045508862628,100
2026-01-17 19:25:00+00:00,1.1343045508862628,1.1344207400113437,1.1337939738865346,1.1339101630116155,100
2026-01-17 19:30:00+00:00,1.1339101630116155,1.134121511017263,1.1334052344093712,1.1336165824150188,100
2026-01-17 19:35:00+00:00,1.1336165824150188,1.1338474227246556,1.1327622580172076,1.1329930983268444,100
2026-01-17 19:40:00+00:00,1.1329930983268444,1.1332049496675527,1.1324899657359455,1.1327018170766538,100
2026-01-17 19:45:00+00:00,1.1327018170766538,1.1331066883675884,1.1307310477287333,1.131135919019668,100
2026-01-17 19:50:00+00:00,1.131135919019668,1.1313182352060438,1.130996088058294,1.13117840424467,100
2026-01-17 19:55:00+00:00,1.13117840424467,1.1314104138665126,1.1311030835138676,1.1313350931357102,100
2026-01-17 20:00:00+00:00,1.1313350931357102,1.1314304734857554,1.1312838185372511,1.1313791988872963,100
2026-01-17 20:05:00+00:00,1.1313791988872963,1.1315562624646631,1.1309434525886348,1.1311205161660016,100
2026-01-17 20:10:00+00:00,1.1311205161660016,1.1313268001476793,1.1310565396667953,1.131262823648473,100
2026-01-17 20:15:00+00:00,1.131262823648473,1.131475237825504,1.1306117904954027,1.1308242046724337,100
2026-01-17 20:20:00+00:00,1.1308242046724337,1.1310889027179092,1.1306699356594352,1.1309346337049107,100
2026-01-17 20:25:00+00:00,1.1309346337049107,1.1310083262433557,1.1305648279499052,1.1306385204883502,100
2026-01-17 20:30:00+00:00,1.1306385204883502,1.1307012604713509,1.1302537637181231,1.1303165037011238,100
2026-01-17 20:35:00+00:00,1.1303165037011238,1.13042669027812,1.1299729226507755,1.1300831092277717,100
2026-01-17 20:40:00+00:00,1.1300831092277717,1.1306038956465714,1.1300010424639073,1.130521828882707,100
2026-01-17 20:45:00+00:00,1.130521828882707,1.1313737564818418,1.1303522279854346,1.1312041555845693,100
2026-01-17 20:50:00+00:00,1.1312041555845693,1.1312341954168028,1.131062426978789,1.1310924668110225,100
2026-01-17 20:55:00+00:00,1.1310924668110225,1.131287627488102,1.1307496723695742,1.1309448330466538,100
2026-01-17 21:00:00+00:00,1.1309448330466538,1.1310648208052878,1.1302683576432453,1.1303883454018793,100
2026-01-17 21:05:00+00:00,1.1303883454018793,1.1306326498953003,1.1295707912721402,1.1298150957655613,100
2026-01-17 21:10:00+00:00,1.1298150957655613,1.1300713295092717,1.129314184186933,1.1295704179306434,100
2026-01-17 21:15:00+00:00,1.1295704179306434,1.1296479770310663,1.1294390722635104,1.1295166313639333,100
2026-01-17 21:20:00+00:00,1.1295166313639333,1.1295422227148997,1.1290572469113658,1.1290828382623321,100
2026-01-17 21:25:00+00:00,1.1290828382623321,1.129442290058122,1.1289863732955268,1.1293458250913166,100
2026-01-17 21:30:00+00:00,1.1293458250913166,1.1294138727684881,1.128970135392689,1.1290381830698606,100
2026-01-17 21:35:00+00:00,1.1290381830698606,1.1292319821428372,1.1283747832521664,1.128568582325143,100
2026-01-17 21:40:00+00:00,1.128568582325143,1.1301318125066564,1.128383873792025,1.1299471039735385,100
2026-01-17 21:45:00+00:00,1.1299471039735385,1.129994040249814,1.1290759366380223,1.129122872914298,100
2026-01-17 21:50:00+00:00,1.129122872914298,1.1297030732269855,1.1289055335845246,1.1294857338972122,100
2026-01-17 21:55:00+00:00,1.1294857338972122,1.1298380268698618,1.1292670044464164,1.129619297419066,100
2026-01-17 22:00:00+00:00,1.129619297419066,1.129667319943019,1.1291229548842352,1.1291709774081882,100
2026-01-17 22:05:00+00:00,1.1291709774081882,1.1291856564177274,1.1290004661774729,1.129015145187012,100
2026-01-17 22:10:00+00:00,1.129015145187012,1.1293448905651415,1.128776001663526,1.1291057470416554,100
2026-01-17 22:15:00+00:00,1.1291057470416554,1.129288209028741,1.1289657135312294,1.129148175518315,100
2026-01-17 22:20:00+00:00,1.129148175518315,1.1291596364674847,1.1286979920859597,1.1287094530351294,100
2026-01-17 22:25:00+00:00,1.1287094530351294,1.128767366382522,1.127587614708834,1.1276455280562265,100
2026-01-17 22:30:00+00:00,1.1276455280562265,1.1281919068333786,1.1274841637184176,1.1280305424955697,100
2026-01-17 22:35:00+00:00,1.1280305424955697,1.1280356358514394,1.1273211646033257,1.1273262579591954,100
2026-01-17 22:40:00+00:00,1.1273262579591954,1.127480003700932,1.1265674985986875,1.1267212443404242,100
2026-01-17 22:45:00+00:00,1.1267212443404242,1.1268442748476395,1.126279110029286,1.1264021405365012,100
2026-01-17 22:50:00+00:00,1.1264021405365012,1.1269138482665824,1.1263689982458782,1.1268807059759594,100
2026-01-17 22:55:00+00:00,1.1268807059759594,1.1270817657466916,1.1260680078595242,1.1262690676302565,100
2026-01-17 23:00:00+00:00,1.1262690676302565,1.126362354249935,1.1262255312642389,1.1263188178839174,100
2026-01-17 23:05:00+00:00,1.1263188178839174,1.1263323683841737,1.1256310796825413,1.1256446301827976,100
2026-01-17 23:10:00+00:00,1.1256446301827976,1.1257153949929706,1.1255124028529546,1.1255831676631276,100
2026-01-17 23:15:00+00:00,1.1255831676631276,1.1256067416679747,1.1253783685318706,1.1254019425367177,100
2026-01-17 23:20:00+00:00,1.1254019425367177,1.1255969209930503,1.1246928879429823,1.124887866399315,100
2026-01-17 23:25:00+00:00,1.124887866399315,1.1251148884539588,1.1247122054641991,1.124939227518843,100
2026-01-17 23:30:00+00:00,1.124939227518843,1.1249612073860347,1.1248893762847378,1.1249113561519295,100
2026-01-17 23:35:00+00:00,1.1249113561519295,1.125005743842339,1.1244924089259585,1.124586796616368,100
2026-01-17 23:40:00+00:00,1.124586796616368,1.124959651381026,1.1243178040296518,1.1246906587943097,100
2026-01-17 23:45:00+00:00,1.1246906587943097,1.1250460648392901,1.1246790528203268,1.1250344588653072,100
2026-01-17 23:50:00+00:00,1.1250344588653072,1.125040210662532,1.1249183620797167,1.1249241138769415,100
2026-01-17 23:55:00+00:00,1.1249241138769415,1.1250085588896275,1.1244200243858125,1.1245044693984985,100
2026-01-18 00:00:00+00:00,1.1245044693984985,1.1245214260672232,1.1244436953145376,1.1244606519832623,100
2026-01-18 00:05:00+00:00,1.1244606519832623,1.1245436798293262,1.1238508372353737,1.1239338650814377,100
2026-01-18 00:10:00+00:00,1.1239338650814377,1.1239867500953211,1.1237315129433207,1.1237843979572042,100
2026-01-18 00:15:00+00:00,1.1237843979572042,1.123957619627926,1.123228087087583,1.1234013087583048,100
2026-01-18 00:20:00+00:00,1.1234013087583048,1.123503605123761,1.1231268242478434,1.1232291206132996,100
2026-01-18 00:25:00+00:00,1.1232291206132996,1.1233487641079345,1.122554195453881,1.1226738389485158,100
2026-01-18 00:30:00+00:00,1.1226738389485158,1.1227224514196015,1.122209311946763,1.1222579244178488,100
2026-01-18 00:35:00+00:00,1.1222579244178488,1.1223759648682996,1.121823578372186,1.1219416188226368,100
2026-01-18 00:40:00+00:00,1.1219416188226368,1.1219627662406284,1.1215390344875438,1.1215601819055354,100
2026-01-18 00:45:00+00:00,1.1215601819055354,1.1216909908641706,1.1212676864332063,1.1213984953918414,100
2026-01-18 00:50:00+00:00,1.1213984953918414,1.1223123281193066,1.1211743360584125,1.1220881687858777,100
2026-01-18 00:55:00+00:00,1.1220881687858777,1.12233325026439,1.1216745202726808,1.121919601751193,100
2026-01-18 01:00:00+00:00,1.121919601751193,1.122239375775379,1.1212647492787513,1.1215845233029373,100
2026-01-18 01:05:00+00:00,1.1215845233029373,1.1218403278433704,1.1204122151010414,1.1206680196414744,100
2026-01-18 01:10:00+00:00,1.1206680196414744,1.1213593545083544,1.1204971905435877,1.1211885254104677,100
2026-01-18 01:15:00+00:00,1.1211885254104677,1.121889216351502,1.121055690560696,1.1217563815017304,100
2026-01-18 01:20:00+00:00,1.1217563815017304,1.1221741959529807,1.1216782408765,1.1220960553277504,100
2026-01-18 01:25:00+00:00,1.1220960553277504,1.122104077818458,1.1217143184801728,1.1217223409708803,100
2026-01-18 01:30:00+00:00,1.1217223409708803,1.1219189538172114,1.1211981339825838,1.121394746828915,100
2026-01-18 01:35:00+00:00,1.121394746828915,1.1217296223981577,1.1213220648124302,1.121656940381673,100
2026-01-18 01:40:00+00:00,1.121656940381673,1.1217635403689652,1.121438961710654,1.1215455616979462,100
2026-01-18 01:45:00+00:00,1.1215455616979462,1.121666176125459,1.1214667163081562,1.121587330735669,100
2026-01-18 01:50:00+00:00,1.121587330735669,1.1216211516282464,1.121415331113495,1.1214491520060723,100
2026-01-18 01:55:00+00:00,1.1214491520060723,1.1216632018273012,1.1208273274505103,1.1210413772717391,100
2026-01-18 02:00:00+00:00,1.1210413772717391,1.121341636162225,1.1209128295685329,1.1212130884590188,100
2026-01-18 02:05:00+00:00,1.1212130884590188,1.1215437210655552,1.120713999120482,1.1210446317270184,100
2026-01-18 02:10:00+00:00,1.1210446317270184,1.1211563613231406,1.1206566209072195,1.1207683505033417,100
2026-01-18 02:15:00+00:00,1.1207683505033417,1.1210746934080118,1.1207345616841675,1.1210409045888377,100
2026-01-18 02:20:00+00:00,1.1210409045888377,1.121086520283836,1.1208869865178739,1.1209326022128723,100
2026-01-18 02:25:00+00:00,1.1209326022128723,1.1212125078429678,1.1207895896623565,1.121069495292452,100
2026-01-18 02:30:00+00:00,1.121069495292452,1.1211076933305328,1.1207856225078432,1.120823820545924,100
2026-01-18 02:35:00+00:00,1.120823820545924,1.1218419960838346,1.1205907540815447,1.1216089296194554,100
2026-01-18 02:40:00+00:00,1.1216089296194554,1.1216382020880584,1.1215088489132479,1.121538121381851,100
2026-01-18 02:45:00+00:00,1.121538121381851,1.121804841711674,1.121488959685926,1.121755680015749,100
2026-01-18 02:50:00+00:00,1.121755680015749,1.1218709719685809,1.1206695669709985,1.1207848589238303,100
2026-01-18 02:55:00+00:00,1.1207848589238303,1.1209735109456649,1.1206405880944437,1.1208292401162783,100
2026-01-18 03:00:00+00:00,1.1208292401162783,1.1216750705243985,1.1208206930140745,1.1216665234221948,100
2026-01-18 03:05:00+00:00,1.1216665234221948,1.1216696051822737,1.1213072561206545,1.1213103378807334,100
2026-01-18 03:10:00+00:00,1.1213103378807334,1.1215359995660297,1.1209984583383148,1.121224120023611,100
2026-01-18 03:15:00+00:00,1.121224120023611,1.121321438905141,1.1211388985644044,1.1212362174459343,100
2026-01-18 03:20:00+00:00,1.1212362174459343,1.1215446470285317,1.120653567521404,1.1209619971040015,100
2026-01-18 03:25:00+00:00,1.1209619971040015,1.1211346690738058,1.1209454792047275,1.1211181511745318,100
2026-01-18 03:30:00+00:00,1.1211181511745318,1.1212091754610842,1.1207296318486695,1.1208206561352219,100
2026-01-18 03:35:00+00:00,1.1208206561352219,1.1210280527210148,1.1207961074844504,1.1210035040702433,100
2026-01-18 03:40:00+00:00,1.1210035040702433,1.121385393897126,1.1208605830385499,1.1212424728654327,100
2026-01-18 03:45:00+00:00,1.1212424728654327,1.1215627122860423,1.1209884208784289,1.1213086602990385,100
2026-01-18 03:50:00+00:00,1.1213086602990385,1.1213504166060795,1.1209713825372845,1.1210131388443254,100
2026-01-18 03:55:00+00:00,1.1210131388443254,1.1210465363711102,1.120721026406373,1.1207544239331577,100
2026-01-18 04:00:00+00:00,1.1207544239331577,1.1207769190102421,1.1204387667682558,1.1204612618453402,100
2026-01-18 04:05:00+00:00,1.1204612618453402,1.120729417747406,1.1204534361405554,1.1207215920426212,100
2026-01-18 04:10:00+00:00,1.1207215920426212,1.1214015422319699,1.1206148653730559,1.1212948155624045,100
2026-01-18 04:15:00+00:00,1.1212948155624045,1.1215397370851743,1.1212655584549844,1.1215104799777542,100
2026-01-18 04:20:00+00:00,1.1215104799777542,1.1218268032818852,1.1212435969274768,1.1215599202316078,100
2026-01-18 04:25:00+00:00,1.1215599202316078,1.1216738019424561,1.1212575492891343,1.1213714309999827,100
2026-01-18 04:30:00+00:00,1.1213714309999827,1.1216771368152352,1.120944180102815,1.1212498859180675,100
2026-01-18 04:35:00+00:00,1.1212498859180675,1.1215128136150565,1.1209544006571215,1.1212173283541105,100
2026-01-18 04:40:00+00:00,1.1212173283541105,1.121700927628004,1.120959789697702,1.1214433889715956,100
2026-01-18 04:45:00+00:00,1.1214433889715956,1.121635026760669,1.1210636952326176,1.121255333021691,100
2026-01-18 04:50:00+00:00,1.121255333021691,1.121452935019824,1.120691857628487,1.12088945962662,100
2026-01-18 04:55:00+00:00,1.12088945962662,1.1210978853282356,1.1208737163941493,1.121082142095765,100
2026-01-18 05:00:00+00:00,1.121082142095765,1.1210985364804626,1.1206968350268218,1.1207132294115194,100
2026-01-18 05:05:00+00:00,1.1207132294115194,1.1209032210465872,1.12036831648164,1.1205583081167079,100
2026-01-18 05:10:00+00:00,1.1205583081167079,1.120692187289489,1.1204306436677014,1.1205645228404826,100
2026-01-18 05:15:00+00:00,1.1205645228404826,1.1208674307797721,1.1205452927570076,1.1208482006962972,100
2026-01-18 05:20:00+00:00,1.1208482006962972,1.1211510624810455,1.11958608916963,1.1198889509543783,100
2026-01-18 05:25:00+00:00,1.1198889509543783,1.1200462675259495,1.1196056167735275,1.1197629333450987,100
2026-01-18 05:30:00+00:00,1.1197629333450987,1.1199360441855557,1.1197103689008683,1.1198834797413253,100
2026-01-18 05:35:00+00:00,1.1198834797413253,1.1199774608219395,1.1188054095343243,1.1188993906149385,100
2026-01-18 05:40:00+00:00,1.1188993906149385,1.119380598019307,1.118583398622047,1.1190646060264156,100
2026-01-18 05:45:00+00:00,1.1190646060264156,1.1192755043332763,1.1184646453393932,1.1186755436462539,100
2026-01-18 05:50:00+00:00,1.1186755436462539,1.1187885295023636,1.1179467122102928,1.1180596980664026,100
2026-01-18 05:55:00+00:00,1.1180596980664026,1.1183402032171377,1.1175575526154418,1.1178380577661768,100
2026-01-18 06:00:00+00:00,1.1178380577661768,1.1179122983853165,1.1172279710817543,1.117302211700894,100
2026-01-18 06:05:00+00:00,1.117302211700894,1.1173624149779442,1.1172039846962374,1.1172641879732876,100
2026-01-18 06:10:00+00:00,1.1172641879732876,1.1173992885755533,1.1170389700900027,1.1171740706922684,100
2026-01-18 06:15:00+00:00,1.1171740706922684,1.1172812490853936,1.1170148857826503,1.1171220641757755,100
2026-01-18 06:20:00+00:00,1.1171220641757755,1.1172883455486757,1.1171143536997583,1.1172806350726585,100
2026-01-18 06:25:00+00:00,1.1172806350726585,1.1173619133705959,1.116557978083197,1.1166392563811343,100
2026-01-18 06:30:00+00:00,1.1166392563811343,1.1166724934969838,1.1157745081922212,1.1158077453080708,100
2026-01-18 06:35:00+00:00,1.1158077453080708,1.1158768751647035,1.115245584087982,1.1153147139446147,100
2026-01-18 06:40:00+00:00,1.1153147139446147,1.1153773268718705,1.1150105218860935,1.1150731348133494,100
2026-01-18 06:45:00+00:00,1.1150731348133494,1.1152523495358342,1.1147999775529642,1.114979192275449,100
2026-01-18 06:50:00+00:00,1.114979192275449,1.115000044761509,1.1140639756687234,1.1140848281547833,100
2026-01-18 06:55:00+00:00,1.1140848281547833,1.1140980349995402,1.113954348763762,1.113967555608519,100
2026-01-18 07:00:00+00:00,1.113967555608519,1.114400919374863,1.1137036412818693,1.1141370050482133,100
2026-01-18 07:05:00+00:00,1.1141370050482133,1.11423641867164,1.1135721134551293,1.113671527078556,100
2026-01-18 07:10:00+00:00,1.113671527078556,1.1137506740838907,1.1130594213671416,1.1131385683724764,100
2026-01-18 07:15:00+00:00,1.1131385683724764,1.1137496170087775,1.1129567070025153,1.1135677556388164,100
2026-01-18 07:20:00+00:00,1.1135677556388164,1.1139359708687533,1.1135183643126276,1.1138865795425645,100
2026-01-18 07:25:00+00:00,1.1138865795425645,1.1139064861574512,1.113830318013639,1.1138502246285258,100
2026-01-18 07:30:00+00:00,1.1138502246285258,1.11422342657936,1.113752376670278,1.1141255786211122,100
2026-01-18 07:35:00+00:00,1.1141255786211122,1.1143254846675845,1.1137992596722286,1.113999165718701,100
2026-01-18 07:40:00+00:00,1.113999165718701,1.1140371534447169,1.1138882317129613,1.1139262194389772,100
2026-01-18 07:45:00+00:00,1.1139262194389772,1.1142508749380076,1.1136947059850137,1.1140193614840441,100
2026-01-18 07:50:00+00:00,1.1140193614840441,1.1145010180007635,1.1139403556515861,1.1144220121683055,100
2026-01-18 07:55:00+00:00,1.1144220121683055,1.1147549531840808,1.1142357117888204,1.1145686528045957,100
2026-01-18 08:00:00+00:00,1.1145686528045957,1.114628125108114,1.1143575933802898,1.1144170656838082,100
2026-01-18 08:05:00+00:00,1.1144170656838082,1.1144947284696047,1.113717525341797,1.1137951881275936,100
2026-01-18 08:10:00+00:00,1.1137951881275936,1.1139932878708505,1.1134112560156972,1.1136093557589541,100
2026-01-18 08:15:00+00:00,1.1136093557589541,1.1136345751421515,1.1133390229392075,1.1133642423224048,100
2026-01-18 08:20:00+00:00,1.1133642423224048,1.113524600294089,1.1130490949934688,1.113209452965153,100
2026-01-18 08:25:00+00:00,1.113209452965153,1.1133044252598718,1.1131106179050132,1.113205590199732,100
2026-01-18 08:30:00+00:00,1.113205590199732,1.1132495995032081,1.1129964358870863,1.1130404451905624,100
2026-01-18 08:35:00+00:00,1.1130404451905624,1.1131328436850496,1.1130177280153077,1.113110126509795,100
2026-01-18 08:40:00+00:00,1.113110126509795,1.113140743633993,1.1125141483042065,1.1125447654284046,100
2026-01-18 08:45:00+00:00,1.1125447654284046,1.1127755701903572,1.1117402890939443,1.1119710938558969,100
2026-01-18 08:50:00+00:00,1.1119710938558969,1.1121026811094659,1.1113310731773698,1.1114626604309388,100
2026-01-18 08:55:00+00:00,1.1114626604309388,1.1117214840124778,1.1102980095217243,1.1105568331032634,100
2026-01-18 09:00:00+00:00,1.1105568331032634,1.1110311126818946,1.1104387327291088,1.11091301230774,100
2026-01-18 09:05:00+00:00,1.11091301230774,1.1109366531710665,1.1105047437189526,1.110528384582279,100
2026-01-18 09:10:00+00:00,1.110528384582279,1.1107708552757978,1.1102011676897372,1.1104436383832559,100
2026-01-18 09:15:00+00:00,1.1104436383832559,1.1104849972644688,1.1098596855279597,1.1099010444091726,100
2026-01-18 09:20:00+00:00,1.1099010444091726,1.1100653370097517,1.10918373339019,1.109348025990769,100
2026-01-18 09:25:00+00:00,1.109348025990769,1.109475086902104,1.1091287943233445,1.1092558552346794,100
2026-01-18 09:30:00+00:00,1.1092558552346794,1.1096747185455211,1.1091891787096282,1.10960804202047,100
2026-01-18 09:35:00+00:00,1.10960804202047,1.1098903839152445,1.10945968046246,1.1097420223572345,100
2026-01-18 09:40:00+00:00,1.1097420223572345,1.1097961151336897,1.108637360552394,1.1086914533288492,100
2026-01-18 09:45:00+00:00,1.1086914533288492,1.1087625916921762,1.1077233611011679,1.1077944994644948,100
2026-01-18 09:50:00+00:00,1.1077944994644948,1.1083566354977306,1.1074957641969543,1.10805790023019,100
2026-01-18 09:55:00+00:00,1.10805790023019,1.108365717289619,1.1076367784741215,1.1079445955335505,100
2026-01-18 10:00:00+00:00,1.1079445955335505,1.1080240897219893,1.1074338503057708,1.1075133444942096,100
2026-01-18 10:05:00+00:00,1.1075133444942096,1.107555153234963,1.1070257000280797,1.107067508768833,100
2026-01-18 10:10:00+00:00,1.107067508768833,1.1076170747533278,1.1067925266881247,1.1073420926726194,100
2026-01-18 10:15:00+00:00,1.1073420926726194,1.1074756682044797,1.1072133135982976,1.1073468891301579,100
2026-01-18 10:20:00+00:00,1.1073468891301579,1.1074926950327741,1.1072705585421567,1.107416364444773,100
2026-01-18 10:25:00+00:00,1.107416364444773,1.1074433897928302,1.1073700907647543,1.1073971161128116,100
2026-01-18 10:30:00+00:00,1.1073971161128116,1.1074193863774355,1.1073769889811813,1.1073992592458053,100
2026-01-18 10:35:00+00:00,1.1073992592458053,1.107540083848094,1.1063580228985401,1.1064988475008288,100
2026-01-18 10:40:00+00:00,1.1064988475008288,1.1067616249394356,1.1063403263015366,1.1066031037401434,100
2026-01-18 10:45:00+00:00,1.1066031037401434,1.10713731077238,1.1063667878111518,1.1069009948433886,100
2026-01-18 10:50:00+00:00,1.1069009948433886,1.106964833695331,1.1067716848079907,1.1068355236599332,100
2026-01-18 10:55:00+00:00,1.1068355236599332,1.1072689185921742,1.106828862157463,1.107262257089704,100
2026-01-18 11:00:00+00:00,1.107262257089704,1.1073293192891573,1.1066739288105503,1.1067409910100037,100
2026-01-18 11:05:00+00:00,1.1067409910100037,1.107476788190757,1.1067275988073364,1.1074633959880897,100
2026-01-18 11:10:00+00:00,1.1074633959880897,1.107721765181935,1.1069303716987808,1.1071887408926262,100
2026-01-18 11:15:00+00:00,1.1071887408926262,1.1072925480657356,1.1064103093944349,1.1065141165675443,100
2026-01-18 11:20:00+00:00,1.1065141165675443,1.1066348730974729,1.1062785397265928,1.1063992962565214,100
2026-01-18 11:25:00+00:00,1.1063992962565214,1.107418538244783,1.1062790024235627,1.1072982444118242,100
2026-01-18 11:30:00+00:00,1.1072982444118242,1.1073650724880864,1.1067560593662977,1.1068228874425599,100
2026-01-18 11:35:00+00:00,1.1068228874425599,1.1070188996068397,1.106618805077997,1.106814817242277,100
2026-01-18 11:40:00+00:00,1.106814817242277,1.1068870302639418,1.1064893329283356,1.1065615459500004,100
2026-01-18 11:45:00+00:00,1.1065615459500004,1.1067672567622164,1.1058968702514638,1.1061025810636798,100
2026-01-18 11:50:00+00:00,1.1061025810636798,1.1065582341370142,1.1058080811410116,1.106263734214346,100
2026-01-18 11:55:00+00:00,1.106263734214346,1.1063119237483638,1.1060570721679843,1.1061052617020022,100
2026-01-18 12:00:00+00:00,1.1061052617020022,1.1062614421909243,1.1058058212547115,1.1059620017436336,100
2026-01-18 12:05:00+00:00,1.1059620017436336,1.1059856343772587,1.105452937352472,1.1054765699860971,100
2026-01-18 12:10:00+00:00,1.1054765699860971,1.1056765463262692,1.1049939694250197,1.1051939457651918,100
2026-01-18 12:15:00+00:00,1.1051939457651918,1.1052283682229382,1.1049981517284553,1.1050325741862017,100
2026-01-18 12:20:00+00:00,1.1050325741862017,1.1051924930305554,1.1043364443159915,1.1044963631603453,100
2026-01-18 12:25:00+00:00,1.1044963631603453,1.1045742520707298,1.1043302047942645,1.104408093704649,100
2026-01-18 12:30:00+00:00,1.104408093704649,1.1049976742691205,1.1043691596267402,1.1049587401912118,100
2026-01-18 12:35:00+00:00,1.1049587401912118,1.10523545112395,1.104931566987637,1.1052082779203751,100
2026-01-18 12:40:00+00:00,1.1052082779203751,1.1056082532268876,1.1051018084250945,1.105501783731607,100
2026-01-18 12:45:00+00:00,1.105501783731607,1.105704307311989,1.1053420537827288,1.1055445773631107,100
2026-01-18 12:50:00+00:00,1.1055445773631107,1.1056439042798731,1.1047786090178837,1.1048779359346461,100
2026-01-18 12:55:00+00:00,1.1048779359346461,1.1051243437563227,1.1046279966406642,1.1048744044623409,100
2026-01-18 13:00:00+00:00,1.1048744044623409,1.1050704991849163,1.1046020593266945,1.10479815404927,100
2026-01-18 13:05:00+00:00,1.10479815404927,1.1049703987869175,1.104791813110575,1.1049640578482225,100
2026-01-18 13:10:00+00:00,1.1049640578482225,1.1052334573709297,1.1048365940626754,1.1051059935853826,100
2026-01-18 13:15:00+00:00,1.1051059935853826,1.1052391640181574,1.103784904135801,1.1039180745685757,100
2026-01-18 13:20:00+00:00,1.1039180745685757,1.1039542123485377,1.1037879190222237,1.1038240568021858,100
2026-01-18 13:25:00+00:00,1.1038240568021858,1.1038998523702641,1.1036789058087433,1.1037547013768216,100
2026-01-18 13:30:00+00:00,1.1037547013768216,1.1037656262167506,1.103581408362923,1.1035923332028519,100
2026-01-18 13:35:00+00:00,1.1035923332028519,1.1037121577937177,1.1028916144910208,1.1030114390818866,100
2026-01-18 13:40:00+00:00,1.1030114390818866,1.1030771159494295,1.1027001453576768,1.1027658222252197,100
2026-01-18 13:45:00+00:00,1.1027658222252197,1.1031950986195374,1.102586728600706,1.1030160049950237,100
2026-01-18 13:50:00+00:00,1.1030160049950237,1.1030235120313852,1.102856426841713,1.1028639338780744,100
2026-01-18 13:55:00+00:00,1.1028639338780744,1.1030359435596127,1.1025209667401725,1.1026929764217108,100
2026-01-18 14:00:00+00:00,1.1026929764217108,1.1028282535691616,1.101646366892372,1.1017816440398227,100
2026-01-18 14:05:00+00:00,1.1017816440398227,1.1018825674699086,1.1014874694858061,1.101588392915892,100
2026-01-18 14:10:00+00:00,1.101588392915892,1.1021347763774583,1.1015618320108649,1.102108215472431,100
2026-01-18 14:15:00+00:00,1.102108215472431,1.1023382036440506,1.1020752058555803,1.1023051940271997,100
2026-01-18 14:20:00+00:00,1.1023051940271997,1.1024555867118055,1.102112304387188,1.102262697071794,100
2026-01-18 14:25:00+00:00,1.102262697071794,1.1023921655670155,1.10208881780583,1.1022182863010515,100
2026-01-18 14:30:00+00:00,1.1022182863010515,1.1029574383773704,1.1020579859208617,1.1027971379971806,100
2026-01-18 14:35:00+00:00,1.1027971379971806,1.1031472623139418,1.102757349536832,1.103107473853593,100
2026-01-18 14:40:00+00:00,1.103107473853593,1.1037257742369861,1.103087874775534,1.103706175158927,100
2026-01-18 14:45:00+00:00,1.103706175158927,1.103888596242404,1.1032931768109675,1.1034755978944446,100
2026-01-18 14:50:00+00:00,1.1034755978944446,1.1040548837473543,1.1034615952332247,1.1040408810861344,100
2026-01-18 14:55:00+00:00,1.1040408810861344,1.1046487624178505,1.1039125484764225,1.1045204298081386,100
2026-01-18 15:00:00+00:00,1.1045204298081386,1.104593224965874,1.1041476774869152,1.1042204726446507,100
2026-01-18 15:05:00+00:00,1.1042204726446507,1.1042986611114791,1.1041922939010067,1.104270482367835,100
2026-01-18 15:10:00+00:00,1.104270482367835,1.104370889400247,1.1038124830822178,1.1039128901146298,100
2026-01-18 15:15:00+00:00,1.1039128901146298,1.1039980780667427,1.1038912619334673,1.1039764498855802,100
2026-01-18 15:20:00+00:00,1.1039764498855802,1.1041711026496257,1.103273325074039,1.1034679778380845,100
2026-01-18 15:25:00+00:00,1.1034679778380845,1.1035593037438167,1.1033737864120785,1.1034651123178107,100
2026-01-18 15:30:00+00:00,1.1034651123178107,1.1037936186750896,1.1031501553089043,1.1034786616661831,100
2026-01-18 15:35:00+00:00,1.1034786616661831,1.103567593104563,1.1034320640294555,1.1035209954678353,100
2026-01-18 15:40:00+00:00,1.1035209954678353,1.1036337673082137,1.102654722854233,1.1027674946946113,100
2026-01-18 15:45:00+00:00,1.1027674946946113,1.103605999075436,1.1026314836174669,1.1034699879982917,100
2026-01-18 15:50:00+00:00,1.1034699879982917,1.1036704107319966,1.1031372888247875,1.1033377115584924,100
2026-01-18 15:55:00+00:00,1.1033377115584924,1.103493284651202,1.102992514154139,1.1031480872468487,100
2026-01-18 16:00:00+00:00,1.1031480872468487,1.1031634148395202,1.1031272085390689,1.1031425361317404,100
2026-01-18 16:05:00+00:00,1.1031425361317404,1.1032885728816413,1.1023818825269693,1.1025279192768702,100
2026-01-18 16:10:00+00:00,1.1025279192768702,1.1033703868333742,1.1025223434774054,1.1033648110339094,100
2026-01-18 16:15:00+00:00,1.1033648110339094,1.1039417463529415,1.103340274910848,1.1039172102298802,100
2026-01-18 16:20:00+00:00,1.1039172102298802,1.1041972494460282,1.103796771692965,1.104076810909113,100
2026-01-18 16:25:00+00:00,1.104076810909113,1.1040786908691878,1.1037291226454617,1.1037310026055365,100
2026-01-18 16:30:00+00:00,1.1037310026055365,1.1037692755496384,1.1033787362191017,1.1034170091632036,100
2026-01-18 16:35:00+00:00,1.1034170091632036,1.1034944194037397,1.1030688094645014,1.1031462197050375,100
2026-01-18 16:40:00+00:00,1.1031462197050375,1.1032445226257561,1.1022181231035608,1.1023164260242795,100
2026-01-18 16:45:00+00:00,1.1023164260242795,1.1024776921921444,1.1014773641002726,1.1016386302681376,100
2026-01-18 16:50:00+00:00,1.1016386302681376,1.10164179456221,1.1015939991424955,1.1015971634365678,100
2026-01-18 16:55:00+00:00,1.1015971634365678,1.1017511742095047,1.1007944727422563,1.1009484835151933,100
2026-01-18 17:00:00+00:00,1.1009484835151933,1.1010692430435653,1.1008625645983663,1.1009833241267384,100
2026-01-18 17:05:00+00:00,1.1009833241267384,1.1013785563734715,1.1009362322412317,1.1013314644879648,100
2026-01-18 17:10:00+00:00,1.1013314644879648,1.1017606227408485,1.1011442653224965,1.1015734235753802,100
2026-01-18 17:15:00+00:00,1.1015734235753802,1.1018756211560838,1.1013858566336407,1.1016880542143443,100
2026-01-18 17:20:00+00:00,1.1016880542143443,1.10181316922513,1.1014668980551146,1.1015920130659003,100
2026-01-18 17:25:00+00:00,1.1015920130659003,1.1016792903395476,1.1009089796776763,1.1009962569513236,100
2026-01-18 17:30:00+00:00,1.1009962569513236,1.1010038905506792,1.1006698953289284,1.100677528928284,100
2026-01-18 17:35:00+00:00,1.100677528928284,1.1013499732046879,1.100662986275293,1.101335430551697,100
2026-01-18 17:40:00+00:00,1.101335430551697,1.1013764277205758,1.1012790313392569,1.1013200285081357,100
2026-01-18 17:45:00+00:00,1.1013200285081357,1.1022162952059782,1.1012460192813323,1.1021422859791747,100
2026-01-18 17:50:00+00:00,1.1021422859791747,1.1024027677544774,1.1020526434661457,1.1023131252414484,100
2026-01-18 17:55:00+00:00,1.1023131252414484,1.102790079215919,1.1021046222193476,1.1025815761938182,100
2026-01-18 18:00:00+00:00,1.1025815761938182,1.1028442819762565,1.102471617712786,1.1027343234952243,100
2026-01-18 18:05:00+00:00,1.1027343234952243,1.1027560923036508,1.1023055641508965,1.102327332959323,100
2026-01-18 18:10:00+00:00,1.102327332959323,1.1027262000882316,1.1020710632867423,1.102469930415651,100
2026-01-18 18:15:00+00:00,1.102469930415651,1.1027048403223336,1.1022560299603266,1.1024909398670093,100
2026-01-18 18:20:00+00:00,1.1024909398670093,1.1035468122080645,1.102379262848093,1.1034351351891483,100
2026-01-18 18:25:00+00:00,1.1034351351891483,1.1038256814566982,1.1033192409231931,1.103709787190743,100
2026-01-18 18:30:00+00:00,1.103709787190743,1.104302100126937,1.1036583859104965,1.1042506988466905,100
2026-01-18 18:35:00+00:00,1.1042506988466905,1.1042571913181418,1.1032934194086645,1.103299911880116,100
2026-01-18 18:40:00+00:00,1.103299911880116,1.1035210222800889,1.1032218859900649,1.1034429963900378,100
2026-01-18 18:45:00+00:00,1.1034429963900378,1.1036866968749575,1.1024463334596704,1.10269003394459,100
2026-01-18 18:50:00+00:00,1.10269003394459,1.1027117924671688,1.1023266351231829,1.1023483936457616,100
2026-01-18 18:55:00+00:00,1.1023483936457616,1.1024626781125901,1.1019866063843646,1.1021008908511931,100
2026-01-18 19:00:00+00:00,1.1021008908511931,1.1022813933667888,1.1016577053325283,1.101838207848124,100
2026-01-18 19:05:00+00:00,1.101838207848124,1.1020401407975298,1.1018168527578216,1.1020187857072274,100
2026-01-18 19:10:00+00:00,1.1020187857072274,1.1023876822577607,1.1019548299537152,1.1023237265042485,100
2026-01-18 19:15:00+00:00,1.1023237265042485,1.1023320361610198,1.1021543506340648,1.102162660290836,100
2026-01-18 19:20:00+00:00,1.102162660290836,1.1022812493561525,1.1017855287543052,1.1019041178196216,100
2026-01-18 19:25:00+00:00,1.1019041178196216,1.101906872459706,1.101168114743324,1.1011708693834086,100
2026-01-18 19:30:00+00:00,1.1011708693834086,1.1014517310162089,1.1007887885329282,1.1010696501657284,100
2026-01-18 19:35:00+00:00,1.1010696501657284,1.101112758276564,1.1008649401209236,1.1009080482317593,100
2026-01-18 19:40:00+00:00,1.1009080482317593,1.101087029117217,1.1007854208840202,1.100964401769478,100
2026-01-18 19:45:00+00:00,1.100964401769478,1.1009941027395787,1.1003012210404264,1.100330922010527,100
2026-01-18 19:50:00+00:00,1.100330922010527,1.100909169643949,1.100230087054064,1.100808334687486,100
2026-01-18 19:55:00+00:00,1.100808334687486,1.101088174280412,1.100505639356647,1.100785478949573,100
2026-01-18 20:00:00+00:00,1.100785478949573,1.100858135118189,1.1000480337219123,1.1001206898905282,100
2026-01-18 20:05:00+00:00,1.1001206898905282,1.1003174229036894,1.1000138815162297,1.1002106145293908,100
2026-01-18 20:10:00+00:00,1.1002106145293908,1.1008870763224186,1.1000323045113687,1.1007087663043964,100
2026-01-18 20:15:00+00:00,1.1007087663043964,1.101218780521235,1.1005582864193317,1.1010683006361703,100
2026-01-18 20:20:00+00:00,1.1010683006361703,1.101262993898249,1.100102600049132,1.1002972933112107,100
2026-01-18 20:25:00+00:00,1.1002972933112107,1.1004116003319542,1.100069320466812,1.1001836274875554,100
2026-01-18 20:30:00+00:00,1.1001836274875554,1.1002479333963398,1.0996789808106073,1.0997432867193917,100
2026-01-18 20:35:00+00:00,1.0997432867193917,1.1001891407456168,1.0996560367172317,1.1001018907434568,100
2026-01-18 20:40:00+00:00,1.1001018907434568,1.1002289454998888,1.099282965545897,1.0994100203023291,100
2026-01-18 20:45:00+00:00,1.0994100203023291,1.0995039280236103,1.098933698008305,1.0990276057295862,100
2026-01-18 20:50:00+00:00,1.0990276057295862,1.0993366221913643,1.0983179232733795,1.0986269397351576,100
2026-01-18 20:55:00+00:00,1.0986269397351576,1.098769493700465,1.0985068328916816,1.098649386856989,100
2026-01-18 21:00:00+00:00,1.098649386856989,1.0988582476782802,1.0982644969219146,1.0984733577432058,100
2026-01-18 21:05:00+00:00,1.0984733577432058,1.0987967083093542,1.0976843499622917,1.09800770052844,100
2026-01-18 21:10:00+00:00,1.09800770052844,1.098625404998986,1.0979381148984158,1.0985558193689617,100
2026-01-18 21:15:00+00:00,1.0985558193689617,1.0987798484751627,1.0984100279550815,1.0986340570612825,100
2026-01-18 21:20:00+00:00,1.0986340570612825,1.1001144811736623,1.0982773938759887,1.0997578179883685,100
2026-01-18 21:25:00+00:00,1.0997578179883685,1.1001929566236222,1.0997202101040175,1.1001553487392712,100
2026-01-18 21:30:00+00:00,1.1001553487392712,1.1002071081471057,1.1001261861548168,1.1001779455626512,100
2026-01-18 21:35:00+00:00,1.1001779455626512,1.100848465667142,1.1001327335877142,1.100803253692205,100
2026-01-18 21:40:00+00:00,1.100803253692205,1.1008086967144448,1.1001768699832344,1.1001823130054742,100
2026-01-18 21:45:00+00:00,1.1001823130054742,1.1003566090320276,1.0998466728605658,1.1000209688871192,100
2026-01-18 21:50:00+00:00,1.1000209688871192,1.1001951520319464,1.0991869076926988,1.099361090837526,100
2026-01-18 21:55:00+00:00,1.099361090837526,1.0994675597265442,1.0990425285727006,1.0991489974617188,100
2026-01-18 22:00:00+00:00,1.0991489974617188,1.099344955710531,1.0988648123616296,1.0990607706104418,100
2026-01-18 22:05:00+00:00,1.0990607706104418,1.099225381998203,1.0985665883676545,1.0987311997554157,100
2026-01-18 22:10:00+00:00,1.0987311997554157,1.0990858395038459,1.0986159169464003,1.0989705566948305,100
2026-01-18 22:15:00+00:00,1.0989705566948305,1.0990665272546047,1.098519732355698,1.0986157029154724,100
2026-01-18 22:20:00+00:00,1.0986157029154724,1.0986261319965778,1.09844575188609,1.0984561809671953,100
2026-01-18 22:25:00+00:00,1.0984561809671953,1.0985114629406396,1.0984539947608443,1.0985092767342886,100
2026-01-18 22:30:00+00:00,1.0985092767342886,1.098716877066906,1.0974914140708112,1.0976990144034287,100
2026-01-18 22:35:00+00:00,1.0976990144034287,1.0978969146352457,1.0972113380992408,1.0974092383310579,100
2026-01-18 22:40:00+00:00,1.0974092383310579,1.0975510588896398,1.096753889229533,1.096895709788115,100
2026-01-18 22:45:00+00:00,1.096895709788115,1.0971253633041178,1.0954854751549479,1.0957151286709508,100
2026-01-18 22:50:00+00:00,1.0957151286709508,1.0959872307908685,1.0948084640899698,1.0950805662098875,100
2026-01-18 22:55:00+00:00,1.0950805662098875,1.0953469507629017,1.0938282246050528,1.094094609158067,100
2026-01-18 23:00:00+00:00,1.094094609158067,1.0940950043891384,1.0936876091861136,1.093688004417185,100
2026-01-18 23:05:00+00:00,1.093688004417185,1.0943927574031758,1.0936048368127385,1.0943095897987292,100
2026-01-18 23:10:00+00:00,1.0943095897987292,1.0951509624541165,1.0942251646228263,1.0950665372782136,100
2026-01-18 23:15:00+00:00,1.0950665372782136,1.0955114307777625,1.0950482352448767,1.0954931287444256,100
2026-01-18 23:20:00+00:00,1.0954931287444256,1.09561631415799,1.0950213029068807,1.095144488320445,100
2026-01-18 23:25:00+00:00,1.095144488320445,1.0955956148689563,1.0949100680522013,1.0953611946007125,100
2026-01-18 23:30:00+00:00,1.0953611946007125,1.095529237187701,1.0944886831651464,1.094656725752135,100
2026-01-18 23:35:00+00:00,1.094656725752135,1.0946813182178148,1.0943676388351726,1.0943922313008525,100
2026-01-18 23:40:00+00:00,1.0943922313008525,1.0951260089529011,1.094340400013874,1.0950741776659225,100
2026-01-18 23:45:00+00:00,1.0950741776659225,1.0953731650613872,1.094917985654947,1.0952169730504115,100
2026-01-18 23:50:00+00:00,1.0952169730504115,1.0954072293270234,1.0951755170760211,1.095365773352633,100
2026-01-18 23:55:00+00:00,1.095365773352633,1.0954241748201146,1.094652552029129,1.0947109534966106,100
2026-01-19 00:00:00+00:00,1.0947109534966106,1.0949261791337281,1.0939896885861071,1.0942049142232246,100
2026-01-19 00:05:00+00:00,1.0942049142232246,1.0943813786520038,1.0941152946880812,1.0942917591168604,100
2026-01-19 00:10:00+00:00,1.0942917591168604,1.0944950410129148,1.0942275820782799,1.0944308639743343,100
2026-01-19 00:15:00+00:00,1.0944308639743343,1.0944711730068182,1.0938403427360808,1.0938806517685646,100
2026-01-19 00:20:00+00:00,1.0938806517685646,1.094629650214208,1.0934693027329419,1.0942183011785853,100
2026-01-19 00:25:00+00:00,1.0942183011785853,1.0944705252195415,1.0938033447523177,1.0940555687932738,100
2026-01-19 00:30:00+00:00,1.0940555687932738,1.094365311293321,1.0939726978094388,1.094282440309486,100
2026-01-19 00:35:00+00:00,1.094282440309486,1.0945431371670789,1.093880316905787,1.0941410137633798,100
2026-01-19 00:40:00+00:00,1.0941410137633798,1.0941928554963631,1.0938796041663186,1.093931445899302,100
2026-01-19 00:45:00+00:00,1.093931445899302,1.0941395590765175,1.0938153889600117,1.0940235021372273,100
2026-01-19 00:50:00+00:00,1.0940235021372273,1.0948129508210194,1.093921814137404,1.0947112628211961,100
2026-01-19 00:55:00+00:00,1.0947112628211961,1.094753740395489,1.093762311619084,1.0938047891933769,100
2026-01-19 01:00:00+00:00,1.0938047891933769,1.0938290169846043,1.0932423416863606,1.093266569477588,100
2026-01-19 01:05:00+00:00,1.093266569477588,1.093361726271987,1.092607444473146,1.092702601267545,100
2026-01-19 01:10:00+00:00,1.092702601267545,1.0929349666975818,1.0926108339641565,1.0928431993941934,100
2026-01-19 01:15:00+00:00,1.0928431993941934,1.0928909169883876,1.0921650549945443,1.0922127725887385,100
2026-01-19 01:20:00+00:00,1.0922127725887385,1.0924172030052939,1.0921480831593295,1.092352513575885,100
2026-01-19 01:25:00+00:00,1.092352513575885,1.0924960444445828,1.092076443684825,1.0922199745535228,100
2026-01-19 01:30:00+00:00,1.0922199745535228,1.0923347244793278,1.0922128744002704,1.0923276243260753,100
2026-01-19 01:35:00+00:00,1.0923276243260753,1.092675567205893,1.0923017296607853,1.092649672540603,100
2026-01-19 01:40:00+00:00,1.092649672540603,1.0926665925483128,1.0921359066103113,1.0921528266180212,100
2026-01-19 01:45:00+00:00,1.0921528266180212,1.0925328389227618,1.0919769951620777,1.0923570074668183,100
2026-01-19 01:50:00+00:00,1.0923570074668183,1.092830273096914,1.092259189515853,1.0927324551459487,100
2026-01-19 01:55:00+00:00,1.0927324551459487,1.093050811862258,1.0927218012992068,1.093040158015516,100
2026-01-19 02:00:00+00:00,1.093040158015516,1.09335756042166,1.092038037467795,1.092355439873939,100
2026-01-19 02:05:00+00:00,1.092355439873939,1.0924019078022873,1.092181584555477,1.0922280524838253,100
2026-01-19 02:10:00+00:00,1.0922280524838253,1.092430510138758,1.0919196939446574,1.09212215159959,100
2026-01-19 02:15:00+00:00,1.09212215159959,1.0926797132711596,1.0920012736665905,1.0925588353381601,100
2026-01-19 02:20:00+00:00,1.0925588353381601,1.0926304949032033,1.092271316117192,1.0923429756822352,100
2026-01-19 02:25:00+00:00,1.0923429756822352,1.0925001842601723,1.0920735609589463,1.0922307695368834,100
2026-01-19 02:30:00+00:00,1.0922307695368834,1.0930207061892128,1.0920342636101785,1.092824200262508,100
2026-01-19 02:35:00+00:00,1.092824200262508,1.0929954973650489,1.092345902208506,1.092517199311047,100
2026-01-19 02:40:00+00:00,1.092517199311047,1.092901107116109,1.0925151478780144,1.0928990556830764,100
2026-01-19 02:45:00+00:00,1.0928990556830764,1.0929520466195841,1.0923188011693206,1.0923717921058282,100
2026-01-19 02:50:00+00:00,1.0923717921058282,1.0924939762054426,1.0915645022141711,1.0916866863137855,100
2026-01-19 02:55:00+00:00,1.0916866863137855,1.0924249102146428,1.0915964166101269,1.0923346405109842,100
2026-01-19 03:00:00+00:00,1.0923346405109842,1.0924251577153976,1.0923219197052678,1.0924124369096813,100
2026-01-19 03:05:00+00:00,1.0924124369096813,1.0931116435665067,1.0923988262852984,1.0930980329421238,100
2026-01-19 03:10:00+00:00,1.0930980329421238,1.0932746950328254,1.0927386996716195,1.092915361762321,100
2026-01-19 03:15:00+00:00,1.092915361762321,1.0932231474133935,1.0920874642213336,1.092395249872406,100
2026-01-19 03:20:00+00:00,1.092395249872406,1.0930652378619892,1.092317630759202,1.092987618748785,100
2026-01-19 03:25:00+00:00,1.092987618748785,1.0931206780985974,1.092396881041774,1.0925299403915862,100
2026-01-19 03:30:00+00:00,1.0925299403915862,1.0927016976661907,1.0923018121432173,1.0924735694178218,100
2026-01-19 03:35:00+00:00,1.0924735694178218,1.0925099626325843,1.0915474816967654,1.0915838749115279,100
2026-01-19 03:40:00+00:00,1.0915838749115279,1.091627682968824,1.0914976637906832,1.0915414718479794,100
2026-01-19 03:45:00+00:00,1.0915414718479794,1.091788444553131,1.0907873472338605,1.091034319939012,100
2026-01-19 03:50:00+00:00,1.091034319939012,1.091233979090471,1.0906297056122054,1.0908293647636644,100
2026-01-19 03:55:00+00:00,1.0908293647636644,1.091123427045563,1.0903389701297128,1.0906330324116114,100
2026-01-19 04:00:00+00:00,1.0906330324116114,1.091049727307464,1.090627954337463,1.0910446492333157,100
2026-01-19 04:05:00+00:00,1.0910446492333157,1.0910865197636035,1.0906801396600565,1.0907220101903443,100
2026-01-19 04:10:00+00:00,1.0907220101903443,1.0908408039815363,1.0905575259172167,1.0906763197084086,100
2026-01-19 04:15:00+00:00,1.0906763197084086,1.0907180718672995,1.090579163510695,1.0906209156695859,100
2026-01-19 04:20:00+00:00,1.0906209156695859,1.0907473496721742,1.090176752449471,1.0903031864520594,100
2026-01-19 04:25:00+00:00,1.0903031864520594,1.090812420790001,1.090157304070071,1.0906665384080125,100
2026-01-19 04:30:00+00:00,1.0906665384080125,1.0907259434586443,1.0905719366191622,1.090631341669794,100
2026-01-19 04:35:00+00:00,1.090631341669794,1.0908496806553625,1.0898926441030503,1.0901109830886189,100
2026-01-19 04:40:00+00:00,1.0901109830886189,1.090256113167167,1.0892050134446893,1.0893501435232376,100
2026-01-19 04:45:00+00:00,1.0893501435232376,1.0895124243234096,1.0886402791566276,1.0888025599567996,100
2026-01-19 04:50:00+00:00,1.0888025599567996,1.0890573488524353,1.0886352069382716,1.0888899958339073,100
2026-01-19 04:55:00+00:00,1.0888899958339073,1.0891629977527273,1.0888710993119282,1.0891441012307481,100
2026-01-19 05:00:00+00:00,1.0891441012307481,1.0893838029786815,1.0889270548810899,1.0891667566290233,100
2026-01-19 05:05:00+00:00,1.0891667566290233,1.0891906661057333,1.0890461088946393,1.0890700183713493,100
2026-01-19 05:10:00+00:00,1.0890700183713493,1.089186064627932,1.088692980181058,1.0888090264376409,100
2026-01-19 05:15:00+00:00,1.0888090264376409,1.0889597559388777,1.0882313668419574,1.0883820963431943,100
2026-01-19 05:20:00+00:00,1.0883820963431943,1.0886535904943535,1.088289353670657,1.0885608478218163,100
2026-01-19 05:25:00+00:00,1.0885608478218163,1.0886692101982107,1.0882843077503204,1.0883926701267148,100
2026-01-19 05:30:00+00:00,1.0883926701267148,1.0885677512043173,1.0880479107580974,1.0882229918356998,100
2026-01-19 05:35:00+00:00,1.0882229918356998,1.0882594663416574,1.0875933501637924,1.08762982466975,100
2026-01-19 05:40:00+00:00,1.08762982466975,1.0877592011948172,1.0867918866068627,1.0869212631319298,100
2026-01-19 05:45:00+00:00,1.0869212631319298,1.0877476318793375,1.0867839397522656,1.0876103084996733,100
2026-01-19 05:50:00+00:00,1.0876103084996733,1.0877093697707125,1.087471510412265,1.0875705716833042,100
2026-01-19 05:55:00+00:00,1.0875705716833042,1.0878606207509256,1.0875183100724994,1.0878083591401209,100
2026-01-19 06:00:00+00:00,1.0878083591401209,1.0880308521931457,1.086665965794966,1.0868884588479908,100
2026-01-19 06:05:00+00:00,1.0868884588479908,1.0871345546325446,1.086755693407949,1.0870017891925028,100
2026-01-19 06:10:00+00:00,1.0870017891925028,1.087152892769609,1.0863628141329655,1.0865139177100718,100
2026-01-19 06:15:00+00:00,1.0865139177100718,1.086668127302074,1.08646690796449,1.0866211175564922,100
2026-01-19 06:20:00+00:00,1.0866211175564922,1.0872288534351497,1.0865812898223164,1.087189025700974,100
2026-01-19 06:25:00+00:00,1.087189025700974,1.0881705486579452,1.087121169756564,1.088102692713535,100
2026-01-19 06:30:00+00:00,1.088102692713535,1.0886770004083202,1.0880252950852398,1.0885996027800249,100
2026-01-19 06:35:00+00:00,1.0885996027800249,1.0887441474705746,1.088584611486632,1.0887291561771817,100
2026-01-19 06:40:00+00:00,1.0887291561771817,1.0888880080676047,1.0880644215529878,1.0882232734434107,100
2026-01-19 06:45:00+00:00,1.0882232734434107,1.088307635946825,1.0879492589239148,1.088033621427329,100
2026-01-19 06:50:00+00:00,1.088033621427329,1.088158562031971,1.0873379301775399,1.0874628707821818,100
2026-01-19 06:55:00+00:00,1.0874628707821818,1.0874723100514871,1.0873901208716223,1.0873995601409276,100
2026-01-19 07:00:00+00:00,1.0873995601409276,1.087514236643525,1.0867111722406508,1.0868258487432483,100
2026-01-19 07:05:00+00:00,1.0868258487432483,1.0874868655196572,1.086753194004051,1.0874142107804599,100
2026-01-19 07:10:00+00:00,1.0874142107804599,1.0875669599822548,1.0868079606028316,1.0869607098046266,100
2026-01-19 07:15:00+00:00,1.0869607098046266,1.0871894934469102,1.0867363023411172,1.0869650859834008,100
2026-01-19 07:20:00+00:00,1.0869650859834008,1.0870956218207732,1.0868324083744718,1.0869629442118443,100
2026-01-19 07:25:00+00:00,1.0869629442118443,1.0871037878493461,1.0862523623789861,1.086393206016488,100
2026-01-19 07:30:00+00:00,1.086393206016488,1.0871128212664245,1.0862606573302058,1.0869802725801423,100
2026-01-19 07:35:00+00:00,1.0869802725801423,1.0874504823589188,1.086695870614169,1.0871660803929455,100
2026-01-19 07:40:00+00:00,1.0871660803929455,1.0875419399754254,1.0868223806569695,1.0871982402394493,100
2026-01-19 07:45:00+00:00,1.0871982402394493,1.08790007954356,1.086945269479015,1.0876471087831256,100
2026-01-19 07:50:00+00:00,1.0876471087831256,1.0878731495282523,1.0876296295845103,1.087855670329637,100
2026-01-19 07:55:00+00:00,1.087855670329637,1.0882316189599404,1.0877451336786488,1.0881210823089522,100
2026-01-19 08:00:00+00:00,1.0881210823089522,1.088646658552956,1.087971795880144,1.0884973721241478,100
2026-01-19 08:05:00+00:00,1.0884973721241478,1.0885321157342476,1.0877253985063906,1.0877601421164904,100
2026-01-19 08:10:00+00:00,1.0877601421164904,1.0878467186653094,1.0871409363171542,1.0872275128659732,100
2026-01-19 08:15:00+00:00,1.0872275128659732,1.0879960478564459,1.0870774691923126,1.0878460041827853,100
2026-01-19 08:20:00+00:00,1.0878460041827853,1.0880006976901684,1.0875538835225045,1.0877085770298875,100
2026-01-19 08:25:00+00:00,1.0877085770298875,1.0879590912601902,1.0871049582975834,1.087355472527886,100
2026-01-19 08:30:00+00:00,1.087355472527886,1.087622308900908,1.0873409117197956,1.0876077480928177,100
2026-01-19 08:35:00+00:00,1.0876077480928177,1.0879043674476128,1.0873527719639944,1.0876493913187895,100
2026-01-19 08:40:00+00:00,1.0876493913187895,1.087703300267032,1.087607773871813,1.0876616828200556,100
2026-01-19 08:45:00+00:00,1.0876616828200556,1.087867336727696,1.0871481463906232,1.0873538002982637,100
2026-01-19 08:50:00+00:00,1.0873538002982637,1.087420035764564,1.0864109670222502,1.0864772024885505,100
2026-01-19 08:55:00+00:00,1.0864772024885505,1.08697631356537,1.0864466136223787,1.0869457246991983,100
2026-01-19 09:00:00+00:00,1.0869457246991983,1.087575332618249,1.0868848656391035,1.0875144735581541,100
2026-01-19 09:05:00+00:00,1.0875144735581541,1.0877347227408667,1.086475378122188,1.0866956273049007,100
2026-01-19 09:10:00+00:00,1.0866956273049007,1.0870988513720754,1.086524620263834,1.0869278443310086,100
2026-01-19 09:15:00+00:00,1.0869278443310086,1.0873883477572455,1.0866222278198003,1.0870827312460372,100
2026-01-19 09:20:00+00:00,1.0870827312460372,1.087369208612954,1.0870797248917639,1.0873662022586807,100
2026-01-19 09:25:00+00:00,1.0873662022586807,1.0881235611852047,1.0871940408479719,1.0879513997744958,100
2026-01-19 09:30:00+00:00,1.0879513997744958,1.0882029478064323,1.087484507676859,1.0877360557087954,100
2026-01-19 09:35:00+00:00,1.0877360557087954,1.0878730231883391,1.0872470217739063,1.08738398925345,100
2026-01-19 09:40:00+00:00,1.08738398925345,1.0875056070663613,1.0872239059250906,1.0873455237380019,100
2026-01-19 09:45:00+00:00,1.0873455237380019,1.087383209811606,1.0871536979575118,1.087191384031116,100
2026-01-19 09:50:00+00:00,1.087191384031116,1.0872506145222345,1.0867622768360754,1.0868215073271938,100
2026-01-19 09:55:00+00:00,1.0868215073271938,1.0870815325334362,1.086474233325033,1.0867342585312754,100
2026-01-19 10:00:00+00:00,1.0867342585312754,1.0871653567325223,1.0865328921316413,1.0869639903328883,100
2026-01-19 10:05:00+00:00,1.0869639903328883,1.0872279738866804,1.086820779083562,1.087084762637354,100
2026-01-19 10:10:00+00:00,1.087084762637354,1.0873086968859562,1.0868537566885421,1.0870776909371442,100
2026-01-19 10:15:00+00:00,1.0870776909371442,1.0872397932467792,1.086572951767826,1.086735054077461,100
2026-01-19 10:20:00+00:00,1.086735054077461,1.0868675953968903,1.0866781986803051,1.0868107399997344,100
2026-01-19 10:25:00+00:00,1.0868107399997344,1.086915972160882,1.0865328070800029,1.0866380392411505,100
2026-01-19 10:30:00+00:00,1.0866380392411505,1.086638070065092,1.0865504254474603,1.0865504562714017,100
2026-01-19 10:35:00+00:00,1.0865504562714017,1.0868034656356393,1.086515319023327,1.0867683283875647,100
2026-01-19 10:40:00+00:00,1.0867683283875647,1.0868072201990884,1.0866073497225521,1.0866462415340759,100
2026-01-19 10:45:00+00:00,1.0866462415340759,1.0873234764717257,1.0863282696574244,1.0870055045950742,100
2026-01-19 10:50:00+00:00,1.0870055045950742,1.0871756036016804,1.086196734430932,1.0863668334375383,100
2026-01-19 10:55:00+00:00,1.0863668334375383,1.086452852831834,1.0854026206988021,1.0854886400930979,100
2026-01-19 11:00:00+00:00,1.0854886400930979,1.08551404112334,1.0853303762116984,1.0853557772419404,100
2026-01-19 11:05:00+00:00,1.0853557772419404,1.085535581887122,1.0852123833218792,1.0853921879670607,100
2026-01-19 11:10:00+00:00,1.0853921879670607,1.0855604567614012,1.0853228249639808,1.0854910937583213,100
2026-01-19 11:15:00+00:00,1.0854910937583213,1.0855624988610617,1.0852914611654016,1.085362866268142,100
2026-01-19 11:20:00+00:00,1.085362866268142,1.0855463919053672,1.0850203126767968,1.085203838314022,100
2026-01-19 11:25:00+00:00,1.085203838314022,1.0855179318464134,1.0850273208909753,1.0853414144233668,100
2026-01-19 11:30:00+00:00,1.0853414144233668,1.085735389626283,1.085291126416095,1.085685101619011,100
2026-01-19 11:35:00+00:00,1.085685101619011,1.085691356718922,1.0851046239528757,1.0851108790527866,100
2026-01-19 11:40:00+00:00,1.0851108790527866,1.0853353500176675,1.0846334714638781,1.084857942428759,100
2026-01-19 11:45:00+00:00,1.084857942428759,1.0849046746767108,1.0838361684302322,1.083882900678184,100
2026-01-19 11:50:00+00:00,1.083882900678184,1.084201601428364,1.0837878976743116,1.0841065984244915,100
2026-01-19 11:55:00+00:00,1.0841065984244915,1.0844804714416816,1.0838094033737053,1.0841832763908954,100
2026-01-19 12:00:00+00:00,1.0841832763908954,1.0843378430458428,1.0832893829115018,1.0834439495664492,100
2026-01-19 12:05:00+00:00,1.0834439495664492,1.0834539237158844,1.0834178000976702,1.0834277742471055,100
2026-01-19 12:10:00+00:00,1.0834277742471055,1.0835633393054038,1.0825281410895022,1.0826637061478006,100
2026-01-19 12:15:00+00:00,1.0826637061478006,1.0828504753284227,1.0825363294823913,1.0827230986630134,100
2026-01-19 12:20:00+00:00,1.0827230986630134,1.0832807800443232,1.0825297621718424,1.0830874435531521,100
2026-01-19 12:25:00+00:00,1.0830874435531521,1.083233015935986,1.0825515951273208,1.0826971675101547,100
2026-01-19 12:30:00+00:00,1.0826971675101547,1.0828729938596529,1.0821543303972776,1.0823301567467758,100
2026-01-19 12:35:00+00:00,1.0823301567467758,1.0825699523166716,1.0823045730759868,1.0825443686458827,100
2026-01-19 12:40:00+00:00,1.0825443686458827,1.0826266088376104,1.0822503589617105,1.0823325991534383,100
2026-01-19 12:45:00+00:00,1.0823325991534383,1.0828703126113,1.0822644427721646,1.0828021562300263,100
2026-01-19 12:50:00+00:00,1.0828021562300263,1.0829414624343092,1.0826236978630162,1.082763004067299,100
2026-01-19 12:55:00+00:00,1.082763004067299,1.0830305236641353,1.082476715420836,1.0827442350176721,100
2026-01-19 13:00:00+00:00,1.0827442350176721,1.0827442768886506,1.0820591618095468,1.0820592036805252,100
2026-01-19 13:05:00+00:00,1.0820592036805252,1.0824948479103527,1.0818590632894092,1.0822947075192366,100
2026-01-19 13:10:00+00:00,1.0822947075192366,1.0823141402902499,1.081975164623734,1.0819945973947473,100
2026-01-19 13:15:00+00:00,1.0819945973947473,1.0820112395184887,1.081533469522566,1.0815501116463073,100
2026-01-19 13:20:00+00:00,1.0815501116463073,1.0818584892340355,1.0806181359605276,1.0809265135482558,100
2026-01-19 13:25:00+00:00,1.0809265135482558,1.0812138477268138,1.0802685221903816,1.0805558563689397,100
2026-01-19 13:30:00+00:00,1.0805558563689397,1.0806313631634556,1.0804288463749316,1.0805043531694476,100
2026-01-19 13:35:00+00:00,1.0805043531694476,1.0808035997257701,1.0804517189041984,1.080750965460521,100
2026-01-19 13:40:00+00:00,1.080750965460521,1.0813866362879463,1.08047835617779,1.0811140270052153,100
2026-01-19 13:45:00+00:00,1.0811140270052153,1.081127646859314,1.0809728973835386,1.0809865172376374,100
2026-01-19 13:50:00+00:00,1.0809865172376374,1.0811332721862064,1.080251295059893,1.080398050008462,100
2026-01-19 13:55:00+00:00,1.080398050008462,1.08055457497761,1.0801386367253567,1.0802951616945047,100
2026-01-19 14:00:00+00:00,1.0802951616945047,1.080500433093662,1.0796688528949838,1.0798741242941412,100
2026-01-19 14:05:00+00:00,1.0798741242941412,1.0798872026812587,1.0792541174617825,1.0792671958489,100
2026-01-19 14:10:00+00:00,1.0792671958489,1.0793845500917865,1.0785758426344876,1.078693196877374,100
2026-01-19 14:15:00+00:00,1.078693196877374,1.0788543278710672,1.0783361042528234,1.0784972352465165,100
2026-01-19 14:20:00+00:00,1.0784972352465165,1.0785399785087428,1.0780585996587935,1.0781013429210198,100
2026-01-19 14:25:00+00:00,1.0781013429210198,1.0782038765236648,1.0775336831119933,1.0776362167146383,100
2026-01-19 14:30:00+00:00,1.0776362167146383,1.0776525622692978,1.0771829658876788,1.0771993114423384,100
2026-01-19 14:35:00+00:00,1.0771993114423384,1.0774879244943383,1.0761829762426627,1.0764715892946626,100
2026-01-19 14:40:00+00:00,1.0764715892946626,1.076563256029589,1.0761116884941755,1.076203355229102,100
2026-01-19 14:45:00+00:00,1.076203355229102,1.0762343689500942,1.0761738442302646,1.0762048579512569,100
2026-01-19 14:50:00+00:00,1.0762048579512569,1.0774573423656468,1.0760095640227403,1.0772620484371302,100
2026-01-19 14:55:00+00:00,1.0772620484371302,1.0774762023750435,1.0766659252371673,1.0768800791750806,100
2026-01-19 15:00:00+00:00,1.0768800791750806,1.0769386329475883,1.076270956047764,1.0763295098202716,100
2026-01-19 15:05:00+00:00,1.0763295098202716,1.0772346279045504,1.0761050365623823,1.077010154646661,100
2026-01-19 15:10:00+00:00,1.077010154646661,1.0776416185451663,1.0769409145096607,1.0775723784081659,100
2026-01-19 15:15:00+00:00,1.0775723784081659,1.0778136365346027,1.0775597268354182,1.077800984961855,100
2026-01-19 15:20:00+00:00,1.077800984961855,1.0781667246690718,1.0765614252120475,1.0769271649192642,100
2026-01-19 15:25:00+00:00,1.0769271649192642,1.077241927094879,1.0768639888280562,1.077178751003671,100
2026-01-19 15:30:00+00:00,1.077178751003671,1.0772214204453798,1.0765271887667085,1.0765698582084173,100
2026-01-19 15:35:00+00:00,1.0765698582084173,1.0767218686182038,1.0762345050761257,1.0763865154859122,100
2026-01-19 15:40:00+00:00,1.0763865154859122,1.076533463611308,1.0753560574106584,1.0755030055360542,100
2026-01-19 15:45:00+00:00,1.0755030055360542,1.0757315842323874,1.0745563904381954,1.0747849691345286,100
2026-01-19 15:50:00+00:00,1.0747849691345286,1.0749360611385206,1.0737437709471258,1.0738948629511178,100
2026-01-19 15:55:00+00:00,1.0738948629511178,1.0739670656387172,1.0735830827975932,1.0736552854851926,100
2026-01-19 16:00:00+00:00,1.0736552854851926,1.074441928387205,1.0735894552454368,1.0743760981474493,100
2026-01-19 16:05:00+00:00,1.0743760981474493,1.0744097672661468,1.0740672809184042,1.0741009500371017,100
2026-01-19 16:10:00+00:00,1.0741009500371017,1.0745905199726935,1.0739373106880976,1.0744268806236894,100
2026-01-19 16:15:00+00:00,1.0744268806236894,1.0745064519450644,1.0737979347926203,1.0738775061139954,100
2026-01-19 16:20:00+00:00,1.0738775061139954,1.0740985256925055,1.0729937556721512,1.0732147752506613,100
2026-01-19 16:25:00+00:00,1.0732147752506613,1.073275765166737,1.0726600943417324,1.072721084257808,100
2026-01-19 16:30:00+00:00,1.072721084257808,1.072852894197843,1.0724149760665573,1.0725467860065923,100
2026-01-19 16:35:00+00:00,1.0725467860065923,1.072671918244104,1.0721215819878012,1.072246714225313,100
2026-01-19 16:40:00+00:00,1.072246714225313,1.0722561687267063,1.0713867436015887,1.071396198102982,100
2026-01-19 16:45:00+00:00,1.071396198102982,1.0718801626815027,1.0713116626454822,1.0717956272240028,100
2026-01-19 16:50:00+00:00,1.0717956272240028,1.0726555821853447,1.0717487596474802,1.0726087146088221,100
2026-01-19 16:55:00+00:00,1.0726087146088221,1.0727690625113149,1.072568395767035,1.0727287436695279,100
2026-01-19 17:00:00+00:00,1.0727287436695279,1.0727410753338567,1.0726120918530353,1.072624423517364,100
2026-01-19 17:05:00+00:00,1.072624423517364,1.0727039316357843,1.0722030010432873,1.0722825091617074,100
2026-01-19 17:10:00+00:00,1.0722825091617074,1.0724786156329038,1.0713790964398346,1.071575202911031,100
2026-01-19 17:15:00+00:00,1.071575202911031,1.0716602422164163,1.071249040664136,1.0713340799695212,100
2026-01-19 17:20:00+00:00,1.0713340799695212,1.071378757343791,1.0707764692987851,1.0708211466730548,100
2026-01-19 17:25:00+00:00,1.0708211466730548,1.0708729498287302,1.070344193464429,1.0703959966201044,100
2026-01-19 17:30:00+00:00,1.0703959966201044,1.0704227475974835,1.0702066979766494,1.0702334489540284,100
2026-01-19 17:35:00+00:00,1.0702334489540284,1.0702338794925828,1.0700793903195167,1.070079820858071,100
2026-01-19 17:40:00+00:00,1.070079820858071,1.0700800735072244,1.069971907056684,1.0699721597058374,100
2026-01-19 17:45:00+00:00,1.0699721597058374,1.0706840699764992,1.0699395116985289,1.0706514219691907,100
2026-01-19 17:50:00+00:00,1.0706514219691907,1.0706994390722344,1.0699204460438947,1.0699684631469384,100
2026-01-19 17:55:00+00:00,1.0699684631469384,1.0700508827015054,1.0699019040953628,1.0699843236499298,100
2026-01-19 18:00:00+00:00,1.0699843236499298,1.070063030072988,1.06942483817809,1.0695035446011483,100
2026-01-19 18:05:00+00:00,1.0695035446011483,1.0700253673879572,1.069392149980165,1.069913972766974,100
2026-01-19 18:10:00+00:00,1.069913972766974,1.070430967305976,1.0697306215085558,1.0702476160475578,100
2026-01-19 18:15:00+00:00,1.0702476160475578,1.0702826257317437,1.0701841785804058,1.0702191882645917,100
2026-01-19 18:20:00+00:00,1.0702191882645917,1.0702999104271658,1.0699201536369811,1.0700008757995552,100
2026-01-19 18:25:00+00:00,1.0700008757995552,1.0700690382337636,1.0692599363249804,1.0693280987591889,100
2026-01-19 18:30:00+00:00,1.0693280987591889,1.0699750044223926,1.0691201802838206,1.0697670859470243,100
2026-01-19 18:35:00+00:00,1.0697670859470243,1.0700162901774344,1.0691387925475366,1.0693879967779467,100
2026-01-19 18:40:00+00:00,1.0693879967779467,1.069564464567833,1.068737424083655,1.0689138918735412,100
2026-01-19 18:45:00+00:00,1.0689138918735412,1.0689466122934212,1.0688725510982517,1.0689052715181317,100
2026-01-19 18:50:00+00:00,1.0689052715181317,1.068982802687633,1.0682561024343067,1.0683336336038078,100
2026-01-19 18:55:00+00:00,1.0683336336038078,1.068360955281928,1.0681919218407558,1.068219243518876,100
2026-01-19 19:00:00+00:00,1.068219243518876,1.0687737783242892,1.068093210462371,1.0686477452677843,100
2026-01-19 19:05:00+00:00,1.0686477452677843,1.068663711436275,1.068599325123402,1.0686152912918927,100
2026-01-19 19:10:00+00:00,1.0686152912918927,1.068798397835805,1.0683811614416976,1.06856426798561,100
2026-01-19 19:15:00+00:00,1.06856426798561,1.068569257831178,1.0683666499735471,1.0683716398191152,100
2026-01-19 19:20:00+00:00,1.0683716398191152,1.068577964039728,1.0682252298421873,1.0684315540628,100
2026-01-19 19:25:00+00:00,1.0684315540628,1.068530569438445,1.0682473589059502,1.0683463742815953,100
2026-01-19 19:30:00+00:00,1.0683463742815953,1.0694717883791511,1.0682878083354281,1.069413222432984,100
2026-01-19 19:35:00+00:00,1.069413222432984,1.0697818351554045,1.0691646667006591,1.0695332794230796,100
2026-01-19 19:40:00+00:00,1.0695332794230796,1.069756877760948,1.0690547424688566,1.069278340806725,100
2026-01-19 19:45:00+00:00,1.069278340806725,1.069342780219352,1.0692079302888184,1.0692723697014455,100
2026-01-19 19:50:00+00:00,1.0692723697014455,1.0695615429751508,1.0691069425690805,1.0693961158427858,100
2026-01-19 19:55:00+00:00,1.0693961158427858,1.0696980932722517,1.0691635214219537,1.0694654988514196,100
2026-01-19 20:00:00+00:00,1.0694654988514196,1.0695397938437265,1.0685707745196358,1.0686450695119427,100
2026-01-19 20:05:00+00:00,1.0686450695119427,1.0686999881627637,1.06791916079467,1.067974079445491,100
2026-01-19 20:10:00+00:00,1.067974079445491,1.0684011301901184,1.067933420146119,1.0683604708907464,100
2026-01-19 20:15:00+00:00,1.0683604708907464,1.068400177893338,1.0683117703196743,1.068351477322266,100
2026-01-19 20:20:00+00:00,1.068351477322266,1.0685803299336805,1.0682805083823266,1.068509360993741,100
2026-01-19 20:25:00+00:00,1.068509360993741,1.0687887646840395,1.0683270826881908,1.0686064863784892,100
2026-01-19 20:30:00+00:00,1.0686064863784892,1.0687763620400348,1.068349175944431,1.0685190516059766,100
2026-01-19 20:35:00+00:00,1.0685190516059766,1.068808455678458,1.0683774375743065,1.068666841646788,100
2026-01-19 20:40:00+00:00,1.068666841646788,1.0686808313282865,1.068455847896365,1.0684698375778636,100
2026-01-19 20:45:00+00:00,1.0684698375778636,1.0687267488651016,1.0674604346900922,1.0677173459773301,100
2026-01-19 20:50:00+00:00,1.0677173459773301,1.0677704699122657,1.0675666047739654,1.0676197287089009,100
2026-01-19 20:55:00+00:00,1.0676197287089009,1.0677292588400162,1.0673230107480258,1.0674325408791412,100
2026-01-19 21:00:00+00:00,1.0674325408791412,1.0678733028492857,1.0673812407653636,1.067822002735508,100
2026-01-19 21:05:00+00:00,1.067822002735508,1.0685591441256614,1.067644550694206,1.0683816920843594,100
2026-01-19 21:10:00+00:00,1.0683816920843594,1.068844274221429,1.068252673255239,1.0687152553923087,100
2026-01-19 21:15:00+00:00,1.0687152553923087,1.0690778874612452,1.0686020307273392,1.0689646627962757,100
2026-01-19 21:20:00+00:00,1.0689646627962757,1.069419022238569,1.0689562200863123,1.0694105795286057,100
2026-01-19 21:25:00+00:00,1.0694105795286057,1.0695219022231464,1.0690253094243405,1.069136632118881,100
2026-01-19 21:30:00+00:00,1.069136632118881,1.0692642003926691,1.0687762272441774,1.0689037955179654,100
2026-01-19 21:35:00+00:00,1.0689037955179654,1.0691641961511282,1.0683704904968228,1.0686308911299855,100
2026-01-19 21:40:00+00:00,1.0686308911299855,1.0688702647048196,1.067155571862173,1.067394945437007,100
2026-01-19 21:45:00+00:00,1.067394945437007,1.0678584559736948,1.067301733241061,1.0677652437777487,100
2026-01-19 21:50:00+00:00,1.0677652437777487,1.0678777701776954,1.0672793578804172,1.0673918842803638,100
2026-01-19 21:55:00+00:00,1.0673918842803638,1.0675381603885599,1.0668013270375176,1.0669476031457137,100
2026-01-19 22:00:00+00:00,1.0669476031457137,1.0670375705315753,1.0661619475285116,1.0662519149143732,100
2026-01-19 22:05:00+00:00,1.0662519149143732,1.06646196121719,1.0653826774110056,1.0655927237138223,100
2026-01-19 22:10:00+00:00,1.0655927237138223,1.0659304867142236,1.0653072394385286,1.06564500243893,100
2026-01-19 22:15:00+00:00,1.06564500243893,1.0656519666493547,1.065545933083193,1.0655528972936177,100
2026-01-19 22:20:00+00:00,1.0655528972936177,1.065735087169003,1.0650730389922858,1.065255228867671,100
2026-01-19 22:25:00+00:00,1.065255228867671,1.0653832174622597,1.0650367282083262,1.0651647168029148,100
2026-01-19 22:30:00+00:00,1.0651647168029148,1.06524286862681,1.064454451170361,1.0645326029942563,100
2026-01-19 22:35:00+00:00,1.0645326029942563,1.0645703713251842,1.0642489682512937,1.0642867365822215,100
2026-01-19 22:40:00+00:00,1.0642867365822215,1.0644098955433086,1.0636994177738752,1.0638225767349623,100
2026-01-19 22:45:00+00:00,1.0638225767349623,1.06403522850404,1.06330251369429,1.0635151654633677,100
2026-01-19 22:50:00+00:00,1.0635151654633677,1.063564308293063,1.0633249520267778,1.0633740948564732,100
2026-01-19 22:55:00+00:00,1.0633740948564732,1.06341533646798,1.0631991726950214,1.0632404143065282,100
2026-01-19 23:00:00+00:00,1.0632404143065282,1.0634642946202897,1.0631058779124962,1.0633297582262577,100
2026-01-19 23:05:00+00:00,1.0633297582262577,1.0634082687676574,1.0631092324886982,1.0631877430300978,100
2026-01-19 23:10:00+00:00,1.0631877430300978,1.06339157461915,1.062758566830537,1.0629623984195893,100
2026-01-19 23:15:00+00:00,1.0629623984195893,1.0632305376070956,1.0618846347229816,1.062152773910488,100
2026-01-19 23:20:00+00:00,1.062152773910488,1.0632423379702725,1.0618925875642997,1.0629821516240843,100
2026-01-19 23:25:00+00:00,1.0629821516240843,1.0631385386759424,1.062454478939779,1.0626108659916371,100
2026-01-19 23:30:00+00:00,1.0626108659916371,1.062777880854565,1.0623768237328217,1.0625438385957495,100
2026-01-19 23:35:00+00:00,1.0625438385957495,1.0625949891445572,1.0625049388896457,1.0625560894384534,100
2026-01-19 23:40:00+00:00,1.0625560894384534,1.063008100857549,1.062419130419476,1.0628711418385717,100
2026-01-19 23:45:00+00:00,1.0628711418385717,1.0631234869422803,1.0626381174424362,1.0628904625461448,100
2026-01-19 23:50:00+00:00,1.0628904625461448,1.0635015558764493,1.0627867870784873,1.0633978804087918,100
2026-01-19 23:55:00+00:00,1.0633978804087918,1.0634206066136502,1.0632483262898116,1.06327105249467,100
2026-01-20 00:00:00+00:00,1.06327105249467,1.0633302538627807,1.0629867273324543,1.063045928700565,100
2026-01-20 00:05:00+00:00,1.063045928700565,1.0631224610845496,1.0624019917765712,1.0624785241605559,100
2026-01-20 00:10:00+00:00,1.0624785241605559,1.0628660888516628,1.0621867981896447,1.0625743628807516,100
2026-01-20 00:15:00+00:00,1.0625743628807516,1.063017842574273,1.062561265033834,1.0630047447273554,100
2026-01-20 00:20:00+00:00,1.0630047447273554,1.0635260544075613,1.0627911549207567,1.0633124646009626,100
2026-01-20 00:25:00+00:00,1.0633124646009626,1.063386718666956,1.0629408645629543,1.0630151186289478,100
2026-01-20 00:30:00+00:00,1.0630151186289478,1.0633152021071892,1.062738228346652,1.0630383118248934,100
2026-01-20 00:35:00+00:00,1.0630383118248934,1.0631154815336075,1.062871409217167,1.062948578925881,100
2026-01-20 00:40:00+00:00,1.062948578925881,1.0631782659220865,1.0627100211098952,1.0629397081061007,100
2026-01-20 00:45:00+00:00,1.0629397081061007,1.0632092860513247,1.0624251536088463,1.0626947315540702,100
2026-01-20 00:50:00+00:00,1.0626947315540702,1.0635528842532473,1.0624451487548454,1.0633033014540225,100
2026-01-20 00:55:00+00:00,1.0633033014540225,1.0634968374088036,1.0630319151366827,1.0632254510914638,100
2026-01-20 01:00:00+00:00,1.0632254510914638,1.0634863436124498,1.0628661577807315,1.0631270503017174,100
2026-01-20 01:05:00+00:00,1.0631270503017174,1.0633176997516491,1.0624655180852747,1.0626561675352064,100
2026-01-20 01:10:00+00:00,1.0626561675352064,1.0630007061122562,1.062449098026172,1.0627936366032218,100
2026-01-20 01:15:00+00:00,1.0627936366032218,1.0633001686060237,1.0625468215239158,1.0630533535267177,100
2026-01-20 01:20:00+00:00,1.0630533535267177,1.0631511306130428,1.0629919534012457,1.0630897304875708,100
2026-01-20 01:25:00+00:00,1.0630897304875708,1.0631192859594534,1.06283970595531,1.0628692614271926,100
2026-01-20 01:30:00+00:00,1.0628692614271926,1.0632628106236433,1.0628432874379505,1.0632368366344012,100
2026-01-20 01:35:00+00:00,1.0632368366344012,1.0635564118699854,1.0632195472215915,1.0635391224571757,100
2026-01-20 01:40:00+00:00,1.0635391224571757,1.0635456727418366,1.0633628359378917,1.0633693862225526,100
2026-01-20 01:45:00+00:00,1.0633693862225526,1.06359545755883,1.0631266461724682,1.0633527175087456,100
2026-01-20 01:50:00+00:00,1.0633527175087456,1.063413349881269,1.0631798924816207,1.063240524854144,100
2026-01-20 01:55:00+00:00,1.063240524854144,1.0635044874968067,1.0627926460883077,1.0630566087309703,100
2026-01-20 02:00:00+00:00,1.0630566087309703,1.0639683229081998,1.06282399926166,1.0637357134388894,100
2026-01-20 02:05:00+00:00,1.0637357134388894,1.0638844210867349,1.063729257354236,1.0638779650020815,100
2026-01-20 02:10:00+00:00,1.0638779650020815,1.0639804641067956,1.0636137030765345,1.0637162021812485,100
2026-01-20 02:15:00+00:00,1.0637162021812485,1.0638078599700713,1.0636941503399375,1.0637858081287603,100
2026-01-20 02:20:00+00:00,1.0637858081287603,1.0640772923154378,1.0634093535129556,1.063700837699633,100
2026-01-20 02:25:00+00:00,1.063700837699633,1.0637555342698148,1.0636108373031985,1.0636655338733803,100
2026-01-20 02:30:00+00:00,1.0636655338733803,1.0639345397969724,1.0633168831041364,1.0635858890277285,100
2026-01-20 02:35:00+00:00,1.0635858890277285,1.06380895741476,1.06303063334617,1.0632537017332016,100
2026-01-20 02:40:00+00:00,1.0632537017332016,1.0635790109935703,1.063175024845485,1.0635003341058538,100
2026-01-20 02:45:00+00:00,1.0635003341058538,1.0635381883017931,1.0633348588910079,1.0633727130869473,100
2026-01-20 02:50:00+00:00,1.0633727130869473,1.0636261274278473,1.063261196105827,1.063514610446727,100
2026-01-20 02:55:00+00:00,1.063514610446727,1.0636551169805701,1.0634568399148991,1.0635973464487423,100
2026-01-20 03:00:00+00:00,1.0635973464487423,1.0639561296946085,1.0635670254911733,1.0639258087370396,100
2026-01-20 03:05:00+00:00,1.0639258087370396,1.0639896327357148,1.063308993691883,1.0633728176905581,100
2026-01-20 03:10:00+00:00,1.0633728176905581,1.063561154097667,1.0628973903637242,1.0630857267708331,100
2026-01-20 03:15:00+00:00,1.0630857267708331,1.0632247496221066,1.0621945941474715,1.062333616998745,100
2026-01-20 03:20:00+00:00,1.062333616998745,1.0623524869707779,1.0622211490700648,1.0622400190420977,100
2026-01-20 03:25:00+00:00,1.0622400190420977,1.0631769440699976,1.0621648420508645,1.0631017670787644,100
2026-01-20 03:30:00+00:00,1.0631017670787644,1.0634534740002566,1.063002161670362,1.0633538685918542,100
2026-01-20 03:35:00+00:00,1.0633538685918542,1.0639078499301502,1.0631765559477955,1.0637305372860915,100
2026-01-20 03:40:00+00:00,1.0637305372860915,1.063942119538872,1.0636770260996735,1.0638886083524541,100
2026-01-20 03:45:00+00:00,1.0638886083524541,1.064100351887179,1.0635179614530654,1.0637297049877903,100
2026-01-20 03:50:00+00:00,1.0637297049877903,1.0638710500205544,1.0636826509957296,1.0638239960284936,100
2026-01-20 03:55:00+00:00,1.0638239960284936,1.0641282170402526,1.063493333632884,1.063797554644643,100
2026-01-20 04:00:00+00:00,1.063797554644643,1.0639163856551876,1.0637884111861389,1.0639072421966835,100
2026-01-20 04:05:00+00:00,1.0639072421966835,1.0640339909499072,1.0635930848106376,1.0637198335638614,100
2026-01-20 04:10:00+00:00,1.0637198335638614,1.063973227544847,1.0635165583928194,1.0637699523738051,100
2026-01-20 04:15:00+00:00,1.0637699523738051,1.0640236506841314,1.0632635100855723,1.0635172083958986,100
2026-01-20 04:20:00+00:00,1.0635172083958986,1.0641371659077044,1.0631035854058983,1.063723542917704,100
2026-01-20 04:25:00+00:00,1.063723542917704,1.063832827802999,1.06342845108685,1.0635377359721447,100
2026-01-20 04:30:00+00:00,1.0635377359721447,1.064130845491849,1.0634674316831332,1.0640605412028374,100
2026-01-20 04:35:00+00:00,1.0640605412028374,1.0641509898847656,1.0635867498388578,1.063677198520786,100
2026-01-20 04:40:00+00:00,1.063677198520786,1.0637354763734879,1.0631356162282333,1.0631938940809351,100
2026-01-20 04:45:00+00:00,1.0631938940809351,1.0635331568793291,1.0630031491017873,1.0633424119001813,100
2026-01-20 04:50:00+00:00,1.0633424119001813,1.0637478927659765,1.0632572828533038,1.063662763719099,100
2026-01-20 04:55:00+00:00,1.063662763719099,1.0639118801786924,1.0629806213952118,1.0632297378548052,100
2026-01-20 05:00:00+00:00,1.0632297378548052,1.0632312790857932,1.0630322486596147,1.0630337898906026,100
2026-01-20 05:05:00+00:00,1.0630337898906026,1.0632269423920735,1.0629221382101324,1.0631152907116033,100
2026-01-20 05:10:00+00:00,1.0631152907116033,1.0632367259393114,1.0628203030298156,1.0629417382575237,100
2026-01-20 05:15:00+00:00,1.0629417382575237,1.0630523859082737,1.0629070587563183,1.0630177064070683,100
2026-01-20 05:20:00+00:00,1.0630177064070683,1.0633118508203747,1.0629658185050677,1.063259962918374,100
2026-01-20 05:25:00+00:00,1.063259962918374,1.0636728453763462,1.0631067802450653,1.0635196627030374,100
2026-01-20 05:30:00+00:00,1.0635196627030374,1.0636766587263393,1.0632629775618962,1.0634199735851981,100
2026-01-20 05:35:00+00:00,1.0634199735851981,1.0638629548415774,1.0633930495900623,1.0638360308464416,100
2026-01-20 05:40:00+00:00,1.0638360308464416,1.0640782880389292,1.063267767921917,1.0635100251144045,100
2026-01-20 05:45:00+00:00,1.0635100251144045,1.0635892716707964,1.0635066835499116,1.0635859301063035,100
2026-01-20 05:50:00+00:00,1.0635859301063035,1.0636254810012848,1.063016737116436,1.0630562880114174,100
2026-01-20 05:55:00+00:00,1.0630562880114174,1.0632104305497763,1.063043844885027,1.063197987423386,100
2026-01-20 06:00:00+00:00,1.063197987423386,1.0633869850194944,1.0631635765447456,1.063352574140854,100
2026-01-20 06:05:00+00:00,1.063352574140854,1.063612651531692,1.0628940412935002,1.063154118684338,100
2026-01-20 06:10:00+00:00,1.063154118684338,1.063221785331325,1.0631001438960594,1.0631678105430464,100
2026-01-20 06:15:00+00:00,1.0631678105430464,1.0633346874350622,1.0629680543928508,1.0631349312848666,100
2026-01-20 06:20:00+00:00,1.0631349312848666,1.0631481890872512,1.062916970269466,1.0629302280718507,100
2026-01-20 06:25:00+00:00,1.0629302280718507,1.0632749555310907,1.0625255538273308,1.062870281286571,100
2026-01-20 06:30:00+00:00,1.062870281286571,1.0632179656517837,1.0627948113332442,1.063142495698457,100
2026-01-20 06:35:00+00:00,1.063142495698457,1.0633015820360432,1.0630448101527168,1.063203896490303,100
2026-01-20 06:40:00+00:00,1.063203896490303,1.0633970039802751,1.062729048204417,1.062922155694389,100
2026-01-20 06:45:00+00:00,1.062922155694389,1.0633462236513307,1.062774842437214,1.0631989103941557,100
2026-01-20 06:50:00+00:00,1.0631989103941557,1.063513612112251,1.063100696649133,1.0634153983672283,100
2026-01-20 06:55:00+00:00,1.0634153983672283,1.0636276612898234,1.063273564986289,1.0634858279088841,100
2026-01-20 07:00:00+00:00,1.0634858279088841,1.0635899019889898,1.0631164294343916,1.0632205035144973,100
2026-01-20 07:05:00+00:00,1.0632205035144973,1.0632979370908415,1.062868044654967,1.0629454782313112,100
2026-01-20 07:10:00+00:00,1.0629454782313112,1.063496315883909,1.0626734605957213,1.063224298248319,100
2026-01-20 07:15:00+00:00,1.063224298248319,1.0632632867340315,1.0630018948288094,1.0630408833145217,100
2026-01-20 07:20:00+00:00,1.0630408833145217,1.0632416723283218,1.062385853474269,1.062586642488069,100
2026-01-20 07:25:00+00:00,1.062586642488069,1.0630326294152916,1.0625447940722785,1.0629907809995012,100
2026-01-20 07:30:00+00:00,1.0629907809995012,1.0635635488796418,1.0628508878571419,1.0634236557372825,100
2026-01-20 07:35:00+00:00,1.0634236557372825,1.063498784477927,1.0631568501880257,1.0632319789286702,100
2026-01-20 07:40:00+00:00,1.0632319789286702,1.0640302255135725,1.0630312139352884,1.0638294605201908,100
2026-01-20 07:45:00+00:00,1.0638294605201908,1.0638328131192556,1.0635336583383883,1.0635370109374531,100
2026-01-20 07:50:00+00:00,1.0635370109374531,1.0635607905111615,1.0632246422629192,1.0632484218366276,100
2026-01-20 07:55:00+00:00,1.0632484218366276,1.0633423963784319,1.0631995074596585,1.0632934820014628,100
2026-01-20 08:00:00+00:00,1.0632934820014628,1.0635174054473986,1.0632320364844485,1.0634559599303843,100
2026-01-20 08:05:00+00:00,1.0634559599303843,1.0637255645223052,1.063285436088283,1.063555040680204,100
2026-01-20 08:10:00+00:00,1.063555040680204,1.0638279214979558,1.0632634255535167,1.0635363063712686,100
2026-01-20 08:15:00+00:00,1.0635363063712686,1.0637461958934464,1.0634814785383864,1.0636913680605642,100
2026-01-20 08:20:00+00:00,1.0636913680605642,1.0645304816627352,1.063438445470482,1.064277559072653,100
2026-01-20 08:25:00+00:00,1.064277559072653,1.0645893821140882,1.0635230432077891,1.0638348662492243,100
2026-01-20 08:30:00+00:00,1.0638348662492243,1.0639559588601906,1.0635938634204245,1.0637149560313908,100
2026-01-20 08:35:00+00:00,1.0637149560313908,1.0639701678353801,1.0631600905244543,1.0634153023284436,100
2026-01-20 08:40:00+00:00,1.0634153023284436,1.0637034008938235,1.0633206862428466,1.0636087848082265,100
2026-01-20 08:45:00+00:00,1.0636087848082265,1.063744206003518,1.0632558851590344,1.0633913063543259,100
2026-01-20 08:50:00+00:00,1.0633913063543259,1.063519549984231,1.0632176771575823,1.0633459207874874,100
2026-01-20 08:55:00+00:00,1.0633459207874874,1.0637468455030248,1.0632535749023928,1.0636544996179302,100
2026-01-20 09:00:00+00:00,1.0636544996179302,1.0636941216098317,1.0636245669889457,1.0636641889808471,100
2026-01-20 09:05:00+00:00,1.0636641889808471,1.063962943008524,1.0629193948244602,1.063218148852137,100
2026-01-20 09:10:00+00:00,1.063218148852137,1.0636586707054132,1.0630096868057848,1.063450208659061,100
2026-01-20 09:15:00+00:00,1.063450208659061,1.0638622800789723,1.0631440944634525,1.0635561658833639,100
2026-01-20 09:20:00+00:00,1.0635561658833639,1.0637036762218164,1.0633991357523982,1.0635466460908507,100
2026-01-20 09:25:00+00:00,1.0635466460908507,1.063734956509701,1.0630128548614488,1.063201165280299,100
2026-01-20 09:30:00+00:00,1.063201165280299,1.0636524796656164,1.0631333982510713,1.0635847126363887,100
2026-01-20 09:35:00+00:00,1.0635847126363887,1.0640184137739057,1.0634439208839193,1.0638776220214363,100
2026-01-20 09:40:00+00:00,1.0638776220214363,1.0638980742986148,1.0637906442473595,1.063811096524538,100
2026-01-20 09:45:00+00:00,1.063811096524538,1.064056579491722,1.0637016967502952,1.0639471797174793,100
2026-01-20 09:50:00+00:00,1.0639471797174793,1.0641565247820264,1.0634123644341555,1.0636217094987026,100
2026-01-20 09:55:00+00:00,1.0636217094987026,1.0637509013322348,1.0634182789241757,1.063547470757708,100
2026-01-20 10:00:00+00:00,1.063547470757708,1.0638233315756156,1.063527682914242,1.0638035437321496,100
2026-01-20 10:05:00+00:00,1.0638035437321496,1.0641012032673451,1.0637092399228305,1.064006899458026,100
2026-01-20 10:10:00+00:00,1.064006899458026,1.0640643401962446,1.0637830868968872,1.0638405276351057,100
2026-01-20 10:15:00+00:00,1.0638405276351057,1.0642825527866528,1.0636676020135476,1.0641096271650947,100
2026-01-20 10:20:00+00:00,1.0641096271650947,1.0642417847862278,1.0637226260616441,1.0638547836827772,100
2026-01-20 10:25:00+00:00,1.0638547836827772,1.064363179749284,1.0638529921266666,1.0643613881931735,100
2026-01-20 10:30:00+00:00,1.0643613881931735,1.0644546635246748,1.0639933956466026,1.0640866709781038,100
2026-01-20 10:35:00+00:00,1.0640866709781038,1.0645068133377797,1.0640433487595635,1.0644634911192394,100
2026-01-20 10:40:00+00:00,1.0644634911192394,1.0646138513426782,1.0643258466681356,1.0644762068915743,100
2026-01-20 10:45:00+00:00,1.0644762068915743,1.0646043022443166,1.064243129214314,1.0643712245670562,100
2026-01-20 10:50:00+00:00,1.0643712245670562,1.0645076764081263,1.0643314660196377,1.0644679178607077,100
2026-01-20 10:55:00+00:00,1.0644679178607077,1.0646504817057183,1.0644329211940653,1.0646154850390759,100
2026-01-20 11:00:00+00:00,1.0646154850390759,1.0648327353280256,1.0644996822252182,1.0647169325141679,100
2026-01-20 11:05:00+00:00,1.0647169325141679,1.064775218507327,1.064453582474846,1.064511868468005,100
2026-01-20 11:10:00+00:00,1.064511868468005,1.0646668039141658,1.0641326519962493,1.06428758744241,100
2026-01-20 11:15:00+00:00,1.06428758744241,1.0651909321741488,1.0642762279672369,1.0651795726989757,100
2026-01-20 11:20:00+00:00,1.0651795726989757,1.0652226752773002,1.0644148654685257,1.0644579680468502,100
2026-01-20 11:25:00+00:00,1.0644579680468502,1.0649344692218938,1.0644507497810807,1.0649272509561243,100
2026-01-20 11:30:00+00:00,1.0649272509561243,1.0649704744605666,1.064765041202336,1.0648082647067783,100
2026-01-20 11:35:00+00:00,1.0648082647067783,1.0650878398309596,1.0644539667878479,1.0647335419120292,100
2026-01-20 11:40:00+00:00,1.0647335419120292,1.0649737367920753,1.0642849792065154,1.0645251740865616,100
2026-01-20 11:45:00+00:00,1.0645251740865616,1.0645757039854904,1.0644971688307814,1.0645476987297102,100
2026-01-20 11:50:00+00:00,1.0645476987297102,1.0646291069007965,1.0643344343540062,1.0644158425250925,100
2026-01-20 11:55:00+00:00,1.0644158425250925,1.0645440409658007,1.0637474525753519,1.06387565101606,100
2026-01-20 12:00:00+00:00,1.06387565101606,1.0643919445255745,1.0637786723758167,1.0642949658853311,100
2026-01-20 12:05:00+00:00,1.0642949658853311,1.0646530639068132,1.0642088377570669,1.064566935778549,100
2026-01-20 12:10:00+00:00,1.064566935778549,1.0652480954392733,1.0644751425168077,1.065156302177532,100
2026-01-20 12:15:00+00:00,1.065156302177532,1.0654814953095246,1.0647775639914208,1.0651027571234133,100
2026-01-20 12:20:00+00:00,1.0651027571234133,1.065528093691561,1.0650835736266844,1.065508910194832,100
2026-01-20 12:25:00+00:00,1.065508910194832,1.065584061514128,1.0648758145788857,1.0649509658981817,100
2026-01-20 12:30:00+00:00,1.0649509658981817,1.0657473051476887,1.0648197218800877,1.0656160611295946,100
2026-01-20 12:35:00+00:00,1.0656160611295946,1.0660139922178211,1.065511901590673,1.0659098326788996,100
2026-01-20 12:40:00+00:00,1.0659098326788996,1.065996660498409,1.0658220308634072,1.0659088586829166,100
2026-01-20 12:45:00+00:00,1.0659088586829166,1.0664951008571502,1.0658299259825903,1.0664161681568238,100
2026-01-20 12:50:00+00:00,1.0664161681568238,1.0665903358888205,1.0660801307616408,1.0662542984936374,100
2026-01-20 12:55:00+00:00,1.0662542984936374,1.0663614735716564,1.0662274102815996,1.0663345853596187,100
2026-01-20 13:00:00+00:00,1.0663345853596187,1.066365294572407,1.0660218792904474,1.0660525885032357,100
2026-01-20 13:05:00+00:00,1.0660525885032357,1.0661380381803858,1.0660012990253904,1.0660867487025405,100
2026-01-20 13:10:00+00:00,1.0660867487025405,1.0661310018016201,1.0660308346755833,1.066075087774663,100
2026-01-20 13:15:00+00:00,1.066075087774663,1.066220403922772,1.0656875750274957,1.0658328911756048,100
2026-01-20 13:20:00+00:00,1.0658328911756048,1.066018916473818,1.0658052936762998,1.0659913189745132,100
2026-01-20 13:25:00+00:00,1.0659913189745132,1.066007010979974,1.0654418279774398,1.0654575199829006,100
2026-01-20 13:30:00+00:00,1.0654575199829006,1.0656252616736546,1.0648588885030381,1.065026630193792,100
2026-01-20 13:35:00+00:00,1.065026630193792,1.0653349829224055,1.0649107375391582,1.0652190902677716,100
2026-01-20 13:40:00+00:00,1.0652190902677716,1.0653083310982017,1.065146508884545,1.0652357497149751,100
2026-01-20 13:45:00+00:00,1.0652357497149751,1.0653448993060417,1.064985343088783,1.0650944926798496,100
2026-01-20 13:50:00+00:00,1.0650944926798496,1.0652222881180937,1.064778583242656,1.0649063786809,100
2026-01-20 13:55:00+00:00,1.0649063786809,1.0650185618947015,1.064227351683195,1.0643395348969964,100
2026-01-20 14:00:00+00:00,1.0643395348969964,1.0646423483594774,1.0639494998676635,1.0642523133301445,100
2026-01-20 14:05:00+00:00,1.0642523133301445,1.064306981505237,1.063442482695585,1.0634971508706776,100
2026-01-20 14:10:00+00:00,1.0634971508706776,1.0635257779778977,1.0632275626595908,1.063256189766811,100
2026-01-20 14:15:00+00:00,1.063256189766811,1.0632574763407168,1.0632286390252612,1.063229925599167,100
2026-01-20 14:20:00+00:00,1.063229925599167,1.0634269045207854,1.0631583321495952,1.0633553110712135,100
2026-01-20 14:25:00+00:00,1.0633553110712135,1.063663285451069,1.0631688755306732,1.0634768499105287,100
2026-01-20 14:30:00+00:00,1.0634768499105287,1.0635395502550569,1.063419099889117,1.0634818002336452,100
2026-01-20 14:35:00+00:00,1.0634818002336452,1.064364667210596,1.0631838361933832,1.064066703170334,100
2026-01-20 14:40:00+00:00,1.064066703170334,1.0641661393439241,1.0640044675611162,1.0641039037347064,100
2026-01-20 14:45:00+00:00,1.0641039037347064,1.064325644107695,1.0634330325072294,1.063654772880218,100
2026-01-20 14:50:00+00:00,1.063654772880218,1.0638288293698592,1.0630413990114385,1.0632154555010798,100
2026-01-20 14:55:00+00:00,1.0632154555010798,1.0632381398178372,1.062873936222866,1.0628966205396235,100
2026-01-20 15:00:00+00:00,1.0628966205396235,1.0631676732616977,1.062550424175767,1.0628214768978412,100
2026-01-20 15:05:00+00:00,1.0628214768978412,1.063148623988596,1.0624778133670931,1.062804960457848,100
2026-01-20 15:10:00+00:00,1.062804960457848,1.0630083952518807,1.0625532987641015,1.0627567335581343,100
2026-01-20 15:15:00+00:00,1.0627567335581343,1.063185732336748,1.0625682760145165,1.0629972747931302,100
2026-01-20 15:20:00+00:00,1.0629972747931302,1.0631489152641487,1.0623929472854654,1.0625445877564839,100
2026-01-20 15:25:00+00:00,1.0625445877564839,1.0628753588504998,1.062223352843,1.062554123937016,100
2026-01-20 15:30:00+00:00,1.062554123937016,1.0629442254069246,1.062366675197081,1.0627567766669896,100
2026-01-20 15:35:00+00:00,1.0627567766669896,1.063244117423296,1.0625544620626053,1.0630418028189117,100
2026-01-20 15:40:00+00:00,1.0630418028189117,1.0632100817130918,1.0626589439047283,1.0628272227989084,100
2026-01-20 15:45:00+00:00,1.0628272227989084,1.062838380170112,1.062799165954009,1.0628103233252126,100
2026-01-20 15:50:00+00:00,1.0628103233252126,1.0631769697918512,1.0626902556370088,1.0630569021036473,100
2026-01-20 15:55:00+00:00,1.0630569021036473,1.0631919077441403,1.0627736611004954,1.0629086667409884,100
2026-01-20 16:00:00+00:00,1.0629086667409884,1.063192220309613,1.0624190148709434,1.062702568439568,100
2026-01-20 16:05:00+00:00,1.062702568439568,1.0627204071513814,1.062583196994358,1.0626010357061715,100
2026-01-20 16:10:00+00:00,1.0626010357061715,1.0628372823025904,1.0624640126926004,1.0627002592890193,100
2026-01-20 16:15:00+00:00,1.0627002592890193,1.063098576280692,1.0624716191135513,1.0628699361052238,100
2026-01-20 16:20:00+00:00,1.0628699361052238,1.0632382804936444,1.062826738277203,1.0631950826656236,100
2026-01-20 16:25:00+00:00,1.0631950826656236,1.063204119594321,1.0629183828499056,1.062927419778603,100
2026-01-20 16:30:00+00:00,1.062927419778603,1.0631130592750229,1.0628054850903457,1.0629911245867656,100
2026-01-20 16:35:00+00:00,1.0629911245867656,1.0638057990128342,1.0628389787374217,1.0636536531634904,100
2026-01-20 16:40:00+00:00,1.0636536531634904,1.063864020083389,1.0633905257875598,1.0636008927074585,100
2026-01-20 16:45:00+00:00,1.0636008927074585,1.063973056173039,1.0633156061568925,1.063687769622473,100
2026-01-20 16:50:00+00:00,1.063687769622473,1.0637914255737122,1.0634185333905735,1.0635221893418128,100
2026-01-20 16:55:00+00:00,1.0635221893418128,1.0635598186628041,1.0628884107131078,1.0629260400340992,100
2026-01-20 17:00:00+00:00,1.0629260400340992,1.063261094595756,1.062765050839934,1.0631001054015907,100
2026-01-20 17:05:00+00:00,1.0631001054015907,1.0633595083172342,1.062985445101187,1.0632448480168306,100
2026-01-20 17:10:00+00:00,1.0632448480168306,1.063305079037505,1.0631695076147891,1.0632297386354634,100
2026-01-20 17:15:00+00:00,1.0632297386354634,1.0634232493304814,1.062998424858192,1.06319193555321,100
2026-01-20 17:20:00+00:00,1.06319193555321,1.0633286787492495,1.0628893543732654,1.0630260975693049,100
2026-01-20 17:25:00+00:00,1.0630260975693049,1.0631913004150082,1.0628108296768797,1.062976032522583,100
2026-01-20 17:30:00+00:00,1.062976032522583,1.0629959938737692,1.0625165409630843,1.0625365023142705,100
2026-01-20 17:35:00+00:00,1.0625365023142705,1.062565179660595,1.0624551811768792,1.0624838585232037,100
2026-01-20 17:40:00+00:00,1.0624838585232037,1.0630309581207074,1.062242090797058,1.0627891903945617,100
2026-01-20 17:45:00+00:00,1.0627891903945617,1.063111160533162,1.0625913229864765,1.0629132931250769,100
2026-01-20 17:50:00+00:00,1.0629132931250769,1.0631046315845014,1.062210063679755,1.0624014021391794,100
2026-01-20 17:55:00+00:00,1.0624014021391794,1.0625305217184309,1.0622678529146066,1.062396972493858,100
2026-01-20 18:00:00+00:00,1.062396972493858,1.0625559852798878,1.062058737254952,1.0622177500409817,100
2026-01-20 18:05:00+00:00,1.0622177500409817,1.0627691146774985,1.0620485389847072,1.062599903621224,100
2026-01-20 18:10:00+00:00,1.062599903621224,1.0626239941378695,1.0623487044301432,1.0623727949467887,100
2026-01-20 18:15:00+00:00,1.0623727949467887,1.0627584931007088,1.0619596525010775,1.0623453506549976,100
2026-01-20 18:20:00+00:00,1.0623453506549976,1.0627352629114193,1.0621919546541643,1.062581866910586,100
2026-01-20 18:25:00+00:00,1.062581866910586,1.0631128635885103,1.0625349190623454,1.0630659157402698,100
2026-01-20 18:30:00+00:00,1.0630659157402698,1.06308370058419,1.0628879805702978,1.062905765414218,100
2026-01-20 18:35:00+00:00,1.062905765414218,1.0629478189458499,1.062895120400237,1.062937173931869,100
2026-01-20 18:40:00+00:00,1.062937173931869,1.0635621108476163,1.0625613118535127,1.06318624876926,100
2026-01-20 18:45:00+00:00,1.06318624876926,1.0634321605723325,1.0629887851574353,1.0632346969605078,100
2026-01-20 18:50:00+00:00,1.0632346969605078,1.063336004037889,1.0625786463322564,1.0626799534096376,100
2026-01-20 18:55:00+00:00,1.0626799534096376,1.0632086812013108,1.062481713638256,1.0630104414299293,100
2026-01-20 19:00:00+00:00,1.0630104414299293,1.0632682321252183,1.0629324934128026,1.0631902841080916,100
2026-01-20 19:05:00+00:00,1.0631902841080916,1.063256478273252,1.0628250232657337,1.0628912174308942,100
2026-01-20 19:10:00+00:00,1.0628912174308942,1.0633553169106063,1.0628160000190474,1.0632800994987595,100
2026-01-20 19:15:00+00:00,1.0632800994987595,1.0634069406052282,1.0631739970638954,1.0633008381703641,100
2026-01-20 19:20:00+00:00,1.0633008381703641,1.0634456053717596,1.0631911730495633,1.0633359402509588,100
2026-01-20 19:25:00+00:00,1.0633359402509588,1.0638347604776899,1.0631729659525178,1.0636717861792488,100
2026-01-20 19:30:00+00:00,1.0636717861792488,1.0637968889406166,1.0633337206049442,1.063458823366312,100
2026-01-20 19:35:00+00:00,1.063458823366312,1.0637088766854859,1.0628182778925526,1.0630683312117264,100
2026-01-20 19:40:00+00:00,1.0630683312117264,1.0633785190421159,1.0628801603968152,1.0631903482272047,100
2026-01-20 19:45:00+00:00,1.0631903482272047,1.0633953171013464,1.062369761290142,1.0625747301642836,100
2026-01-20 19:50:00+00:00,1.0625747301642836,1.0627247767695047,1.0619631968831968,1.062113243488418,100
2026-01-20 19:55:00+00:00,1.062113243488418,1.0623127400163872,1.0620705784873508,1.06227007501532,100
2026-01-20 20:00:00+00:00,1.06227007501532,1.0623356766811012,1.0618726805013428,1.061938282167124,100
2026-01-20 20:05:00+00:00,1.061938282167124,1.0621350222707377,1.0614888114699328,1.0616855515735466,100
2026-01-20 20:10:00+00:00,1.0616855515735466,1.0618838884323691,1.0612490522219482,1.0614473890807707,100
2026-01-20 20:15:00+00:00,1.0614473890807707,1.0615302423889466,1.0611087055584052,1.061191558866581,100
2026-01-20 20:20:00+00:00,1.061191558866581,1.0614068458163375,1.0606843530439276,1.060899639993684,100
2026-01-20 20:25:00+00:00,1.060899639993684,1.061262321982764,1.0608415225738685,1.0612042045629484,100
2026-01-20 20:30:00+00:00,1.0612042045629484,1.0614365906958105,1.0607077417117576,1.0609401278446198,100
2026-01-20 20:35:00+00:00,1.0609401278446198,1.0610477524183055,1.0609156302321736,1.0610232548058594,100
2026-01-20 20:40:00+00:00,1.0610232548058594,1.0610944786604144,1.0606383821547947,1.0607096060093497,100
2026-01-20 20:45:00+00:00,1.0607096060093497,1.0607478458676396,1.060531868958896,1.060570108817186,100
2026-01-20 20:50:00+00:00,1.060570108817186,1.0605980335895866,1.0601565893760585,1.0601845141484592,100
2026-01-20 20:55:00+00:00,1.0601845141484592,1.0603015046888602,1.059947982253554,1.060064972793955,100
2026-01-20 21:00:00+00:00,1.060064972793955,1.060235793211593,1.0600536372751062,1.060224457692744,100
2026-01-20 21:05:00+00:00,1.060224457692744,1.0607153585644724,1.060130309656753,1.0606212105284814,100
2026-01-20 21:10:00+00:00,1.0606212105284814,1.0608036903041413,1.0600862453572315,1.0602687251328915,100
2026-01-20 21:15:00+00:00,1.0602687251328915,1.0603369481670342,1.0602523056846476,1.0603205287187902,100
2026-01-20 21:20:00+00:00,1.0603205287187902,1.060408277326292,1.060086735718196,1.0601744843256977,100
2026-01-20 21:25:00+00:00,1.0601744843256977,1.0607443732927457,1.0600592989789472,1.0606291879459953,100
2026-01-20 21:30:00+00:00,1.0606291879459953,1.0608061568663867,1.0606118267490516,1.060788795669443,100
2026-01-20 21:35:00+00:00,1.060788795669443,1.0610582865504077,1.060706138853804,1.0609756297347686,100
2026-01-20 21:40:00+00:00,1.0609756297347686,1.06112567553563,1.0607257877245597,1.0608758335254211,100
2026-01-20 21:45:00+00:00,1.0608758335254211,1.061020449755617,1.06021861787668,1.0603632341068758,100
2026-01-20 21:50:00+00:00,1.0603632341068758,1.0604120736168712,1.0599787097470208,1.0600275492570161,100
2026-01-20 21:55:00+00:00,1.0600275492570161,1.060234279067715,1.0597610501221135,1.0599677799328124,100
2026-01-20 22:00:00+00:00,1.0599677799328124,1.0604244769518634,1.0598856050025114,1.0603423020215623,100
2026-01-20 22:05:00+00:00,1.0603423020215623,1.0603721143749014,1.0598431538783708,1.05987296623171,100
2026-01-20 22:10:00+00:00,1.05987296623171,1.0601580327613733,1.0594639853400842,1.0597490518697477,100
2026-01-20 22:15:00+00:00,1.0597490518697477,1.0597644373547646,1.0596551611930183,1.0596705466780352,100
2026-01-20 22:20:00+00:00,1.0596705466780352,1.0597441310840354,1.0595903667533808,1.059663951159381,100
2026-01-20 22:25:00+00:00,1.059663951159381,1.060236238880032,1.0595316876164926,1.0601039753371435,100
2026-01-20 22:30:00+00:00,1.0601039753371435,1.0603425448963775,1.0600875958301292,1.0603261653893632,100
2026-01-20 22:35:00+00:00,1.0603261653893632,1.060398942696943,1.0602723047437959,1.0603450820513756,100
2026-01-20 22:40:00+00:00,1.0603450820513756,1.060484848495134,1.0600290120382663,1.0601687784820246,100
2026-01-20 22:45:00+00:00,1.0601687784820246,1.060240635299198,1.0600007697042328,1.0600726265214062,100
2026-01-20 22:50:00+00:00,1.0600726265214062,1.0602088876597575,1.059682234513036,1.0598184956513872,100
2026-01-20 22:55:00+00:00,1.0598184956513872,1.0598693439811833,1.0592736702844778,1.059324518614274,100
2026-01-20 23:00:00+00:00,1.059324518614274,1.0595096447161951,1.0590984143175204,1.0592835404194416,100
2026-01-20 23:05:00+00:00,1.0592835404194416,1.059818935417381,1.0589651474411403,1.0595005424390798,100
2026-01-20 23:10:00+00:00,1.0595005424390798,1.0597105607479869,1.0592659269670976,1.0594759452760047,100
2026-01-20 23:15:00+00:00,1.0594759452760047,1.0598714188492182,1.0593881891428119,1.0597836627160253,100
2026-01-20 23:20:00+00:00,1.0597836627160253,1.059864762858738,1.0597255570169937,1.0598066571597065,100
2026-01-20 23:25:00+00:00,1.0598066571597065,1.0598665656007544,1.0592503594813576,1.0593102679224056,100
2026-01-20 23:30:00+00:00,1.0593102679224056,1.0595051751217082,1.0587407802316928,1.0589356874309954,100
2026-01-20 23:35:00+00:00,1.0589356874309954,1.0593335946775255,1.0588837273873148,1.059281634633845,100
2026-01-20 23:40:00+00:00,1.059281634633845,1.0597982313290268,1.0580039642390329,1.0585205609342148,100
2026-01-20 23:45:00+00:00,1.0585205609342148,1.058698102935943,1.0584634354314413,1.0586409774331695,100
2026-01-20 23:50:00+00:00,1.0586409774331695,1.0586445373652278,1.0586375538435084,1.0586411137755667,100
2026-01-20 23:55:00+00:00,1.0586411137755667,1.0590290997232696,1.0581795555826576,1.0585675415303606,100
2026-01-21 00:00:00+00:00,1.0585675415303606,1.058899050177717,1.0585429341518706,1.058874442799227,100
2026-01-21 00:05:00+00:00,1.058874442799227,1.0590233783849141,1.0585685655577073,1.0587175011433945,100
2026-01-21 00:10:00+00:00,1.0587175011433945,1.0588525351902678,1.0583810080068172,1.0585160420536905,100
2026-01-21 00:15:00+00:00,1.0585160420536905,1.059029640587064,1.0582675772431978,1.0587811757765713,100
2026-01-21 00:20:00+00:00,1.0587811757765713,1.0593827397948963,1.0584906164975036,1.0590921805158287,100
2026-01-21 00:25:00+00:00,1.0590921805158287,1.0591553507248717,1.0585322698700672,1.0585954400791102,100
2026-01-21 00:30:00+00:00,1.0585954400791102,1.0586547991750406,1.058462552482226,1.0585219115781563,100
2026-01-21 00:35:00+00:00,1.0585219115781563,1.058877327263419,1.058284039846756,1.0586394555320187,100
2026-01-21 00:40:00+00:00,1.0586394555320187,1.059157488649739,1.0584552629472697,1.05897329606499,100
2026-01-21 00:45:00+00:00,1.05897329606499,1.0594514322671036,1.0589016319541131,1.0593797681562267,100
2026-01-21 00:50:00+00:00,1.0593797681562267,1.059503459963676,1.0587391200345682,1.0588628118420174,100
2026-01-21 00:55:00+00:00,1.0588628118420174,1.0588858914636723,1.0584507601848638,1.0584738398065188,100
2026-01-21 01:00:00+00:00,1.0584738398065188,1.0586477460095078,1.0582513750451974,1.0584252812481865,100
2026-01-21 01:05:00+00:00,1.0584252812481865,1.0585321419908655,1.057762567624621,1.0578694283673,100
2026-01-21 01:10:00+00:00,1.0578694283673,1.057933567400738,1.0573387288210114,1.0574028678544494,100
2026-01-21 01:15:00+00:00,1.0574028678544494,1.0574701921310787,1.05738898695369,1.0574563112303195,100
2026-01-21 01:20:00+00:00,1.0574563112303195,1.0578920666535,1.0574350501811762,1.0578708056043569,100
2026-01-21 01:25:00+00:00,1.0578708056043569,1.0581325576398912,1.057722321477528,1.0579840735130623,100
2026-01-21 01:30:00+00:00,1.0579840735130623,1.058130487036929,1.057782310396059,1.0579287239199258,100
2026-01-21 01:35:00+00:00,1.0579287239199258,1.0585651161185674,1.0577220976924424,1.058358489891084,100
2026-01-21 01:40:00+00:00,1.058358489891084,1.0585709272386092,1.0578816574694805,1.0580940948170057,100
2026-01-21 01:45:00+00:00,1.0580940948170057,1.058570745416657,1.0579497165756548,1.0584263671753062,100
2026-01-21 01:50:00+00:00,1.0584263671753062,1.0586424887809827,1.0581517650892032,1.0583678866948796,100
2026-01-21 01:55:00+00:00,1.0583678866948796,1.0585326911710904,1.0579705530223518,1.0581353574985626,100
2026-01-21 02:00:00+00:00,1.0581353574985626,1.0585035069853923,1.0579072418369242,1.058275391323754,100
2026-01-21 02:05:00+00:00,1.058275391323754,1.0586645883695402,1.0582147907053214,1.0586039877511078,100
2026-01-21 02:10:00+00:00,1.0586039877511078,1.0586305303450692,1.0582216221115395,1.0582481647055009,100
2026-01-21 02:15:00+00:00,1.0582481647055009,1.0583438278666035,1.0580598975045614,1.058155560665664,100
2026-01-21 02:20:00+00:00,1.058155560665664,1.0584978896628032,1.058040981225041,1.0583833102221802,100
2026-01-21 02:25:00+00:00,1.0583833102221802,1.0590370216703877,1.0582247764696973,1.0588784879179047,100
2026-01-21 02:30:00+00:00,1.0588784879179047,1.0589134740327868,1.0586982050629021,1.0587331911777842,100
2026-01-21 02:35:00+00:00,1.0587331911777842,1.0597598915868272,1.0585441039054333,1.0595708043144763,100
2026-01-21 02:40:00+00:00,1.0595708043144763,1.0600603002805187,1.0594062593855793,1.0598957553516217,100
2026-01-21 02:45:00+00:00,1.0598957553516217,1.059993992316282,1.0597360716318855,1.0598343085965458,100
2026-01-21 02:50:00+00:00,1.0598343085965458,1.0603989005812602,1.0595320889849078,1.0600966809696222,100
2026-01-21 02:55:00+00:00,1.0600966809696222,1.060557843576195,1.0599128407188432,1.060374003325416,100
2026-01-21 03:00:00+00:00,1.060374003325416,1.0605617388963575,1.0603703654573924,1.0605581010283338,100
2026-01-21 03:05:00+00:00,1.0605581010283338,1.0609914967928162,1.0605520465498546,1.060985442314337,100
2026-01-21 03:10:00+00:00,1.060985442314337,1.0610554006340678,1.0608633292444363,1.060933287564167,100
2026-01-21 03:15:00+00:00,1.060933287564167,1.0613998631935193,1.0608459831098906,1.061312558739243,100
2026-01-21 03:20:00+00:00,1.061312558739243,1.0616398417162682,1.0611412944661653,1.0614685774431907,100
2026-01-21 03:25:00+00:00,1.0614685774431907,1.061587857692092,1.0614587914825524,1.0615780717314538,100
2026-01-21 03:30:00+00:00,1.0615780717314538,1.0618754682783431,1.0614639319218966,1.061761328468786,100
2026-01-21 03:35:00+00:00,1.061761328468786,1.0621203731849338,1.061689074821797,1.062048119537945,100
2026-01-21 03:40:00+00:00,1.062048119537945,1.0628568800146423,1.061855162023863,1.0626639225005603,100
2026-01-21 03:45:00+00:00,1.0626639225005603,1.0629316403459872,1.0626638230418108,1.0629315408872377,100
2026-01-21 03:50:00+00:00,1.0629315408872377,1.0630363218494328,1.0626835178664589,1.0627882988286539,100
2026-01-21 03:55:00+00:00,1.0627882988286539,1.0629353276530795,1.0626703001959417,1.0628173290203673,100
2026-01-21 04:00:00+00:00,1.0628173290203673,1.0635919011870356,1.062601030259487,1.0633756024261554,100
2026-01-21 04:05:00+00:00,1.0633756024261554,1.0634056584064362,1.063227458953644,1.0632575149339247,100
2026-01-21 04:10:00+00:00,1.0632575149339247,1.0636867409917155,1.0631729534279422,1.0636021794857329,100
2026-01-21 04:15:00+00:00,1.0636021794857329,1.0638704391083234,1.0634069867406515,1.063675246363242,100
2026-01-21 04:20:00+00:00,1.063675246363242,1.0640016322465344,1.0627821334715122,1.0631085193548047,100
2026-01-21 04:25:00+00:00,1.0631085193548047,1.0636465715036687,1.0629102357182898,1.0634482878671538,100
2026-01-21 04:30:00+00:00,1.0634482878671538,1.0637584095674393,1.0630161882356386,1.063326309935924,100
2026-01-21 04:35:00+00:00,1.063326309935924,1.0633646322550994,1.0631193220830015,1.0631576444021769,100
2026-01-21 04:40:00+00:00,1.0631576444021769,1.0631911577332165,1.0629613000995057,1.0629948134305454,100
2026-01-21 04:45:00+00:00,1.0629948134305454,1.063524904196889,1.062800371278726,1.0633304620450696,100
2026-01-21 04:50:00+00:00,1.0633304620450696,1.063901304296121,1.0632193245813053,1.0637901668323566,100
2026-01-21 04:55:00+00:00,1.0637901668323566,1.0638863758608605,1.0637289371829275,1.0638251462114314,100
2026-01-21 05:00:00+00:00,1.0638251462114314,1.063911218279365,1.0633369152928018,1.0634229873607355,100
2026-01-21 05:05:00+00:00,1.0634229873607355,1.0642258404695897,1.0632293713953045,1.0640322245041587,100
2026-01-21 05:10:00+00:00,1.0640322245041587,1.0643939441344368,1.0639716184345251,1.0643333380648032,100
2026-01-21 05:15:00+00:00,1.0643333380648032,1.0643686216530885,1.064054412993721,1.0640896965820064,100
2026-01-21 05:20:00+00:00,1.0640896965820064,1.0641742374157606,1.0638565472045316,1.0639410880382858,100
2026-01-21 05:25:00+00:00,1.0639410880382858,1.0642070805765187,1.063642902680335,1.0639088952185678,100
2026-01-21 05:30:00+00:00,1.0639088952185678,1.0639261228350438,1.0636403897794822,1.0636576173959582,100
2026-01-21 05:35:00+00:00,1.0636576173959582,1.0637115376746735,1.0632112759914174,1.0632651962701327,100
2026-01-21 05:40:00+00:00,1.0632651962701327,1.0633117531625194,1.0629098562143386,1.0629564131067253,100
2026-01-21 05:45:00+00:00,1.0629564131067253,1.0631954204632614,1.0628655408567544,1.0631045482132906,100
2026-01-21 05:50:00+00:00,1.0631045482132906,1.0635599805792035,1.0630358298131348,1.0634912621790478,100
2026-01-21 05:55:00+00:00,1.0634912621790478,1.064169633607625,1.0631492051951839,1.063827576623761,100
2026-01-21 06:00:00+00:00,1.063827576623761,1.0638980347654896,1.063636622929121,1.0637070810708495,100
2026-01-21 06:05:00+00:00,1.0637070810708495,1.0639957131736595,1.063684467962693,1.0639731000655028,100
2026-01-21 06:10:00+00:00,1.0639731000655028,1.064211337736007,1.0638881656255514,1.0641264032960556,100
2026-01-21 06:15:00+00:00,1.0641264032960556,1.0645160723106641,1.0640680617526643,1.064457730767273,100
2026-01-21 06:20:00+00:00,1.064457730767273,1.0644900501478811,1.063827223421807,1.0638595428024151,100
2026-01-21 06:25:00+00:00,1.0638595428024151,1.063900976814844,1.0633053741261649,1.0633468081385937,100
2026-01-21 06:30:00+00:00,1.0633468081385937,1.0634049064811815,1.0626474461515767,1.0627055444941644,100
2026-01-21 06:35:00+00:00,1.0627055444941644,1.063267605926458,1.0625319081972864,1.06309396962958,100
2026-01-21 06:40:00+00:00,1.06309396962958,1.063123866272254,1.0629952419462092,1.0630251385888831,100
2026-01-21 06:45:00+00:00,1.0630251385888831,1.0631178184984844,1.0630118354808777,1.063104515390479,100
2026-01-21 06:50:00+00:00,1.063104515390479,1.0632297296361535,1.0625646013222951,1.0626898155679696,100
2026-01-21 06:55:00+00:00,1.0626898155679696,1.0627588867632551,1.0623463554489667,1.0624154266442523,100
2026-01-21 07:00:00+00:00,1.0624154266442523,1.0625673697318128,1.0624003552810817,1.0625522983686422,100
2026-01-21 07:05:00+00:00,1.0625522983686422,1.0633017676670289,1.0624941096144456,1.0632435789128323,100
2026-01-21 07:10:00+00:00,1.0632435789128323,1.063763456126764,1.0632158115160635,1.0637356887299951,100
2026-01-21 07:15:00+00:00,1.0637356887299951,1.0637360859530929,1.0636517780123016,1.0636521752353993,100
2026-01-21 07:20:00+00:00,1.0636521752353993,1.0639479883757224,1.063441232942389,1.063737046082712,100
2026-01-21 07:25:00+00:00,1.063737046082712,1.0642743797103216,1.0635219704733352,1.0640593041009447,100
2026-01-21 07:30:00+00:00,1.0640593041009447,1.064416703093416,1.0639527362808219,1.064310135273293,100
2026-01-21 07:35:00+00:00,1.064310135273293,1.0646717330694992,1.0642314286856749,1.064593026481881,100
2026-01-21 07:40:00+00:00,1.064593026481881,1.064744357293811,1.06419643135379,1.0643477621657198,100
2026-01-21 07:45:00+00:00,1.0643477621657198,1.0647345385773694,1.0640998741624597,1.0644866505741093,100
2026-01-21 07:50:00+00:00,1.0644866505741093,1.0647574912827393,1.0643100277218869,1.064580868430517,100
2026-01-21 07:55:00+00:00,1.064580868430517,1.0651517179633152,1.0644922806147405,1.0650631301475388,100
2026-01-21 08:00:00+00:00,1.0650631301475388,1.065068142635889,1.0649474055212653,1.0649524180096155,100
2026-01-21 08:05:00+00:00,1.0649524180096155,1.0651480637375146,1.0649149069106292,1.0651105526385283,100
2026-01-21 08:10:00+00:00,1.0651105526385283,1.0654531600211496,1.0648090013712213,1.0651516087538426,100
2026-01-21 08:15:00+00:00,1.0651516087538426,1.0652771818142301,1.064591297894645,1.0647168709550325,100
2026-01-21 08:20:00+00:00,1.0647168709550325,1.0649820916279074,1.0642382199806084,1.0645034406534832,100
2026-01-21 08:25:00+00:00,1.0645034406534832,1.064675069542019,1.0640887529161216,1.0642603818046574,100
2026-01-21 08:30:00+00:00,1.0642603818046574,1.0646037387446337,1.0641505378063825,1.0644938947463587,100
2026-01-21 08:35:00+00:00,1.0644938947463587,1.064639179649826,1.0640193919664742,1.0641646768699415,100
2026-01-21 08:40:00+00:00,1.0641646768699415,1.0643592597044358,1.0640350303275947,1.064229613162089,100
2026-01-21 08:45:00+00:00,1.064229613162089,1.0642477342762313,1.0637098762456232,1.0637279973597655,100
2026-01-21 08:50:00+00:00,1.0637279973597655,1.0639585474208144,1.0635451116439298,1.0637756617049787,100
2026-01-21 08:55:00+00:00,1.0637756617049787,1.0639203276706992,1.0633274147811829,1.0634720807469034,100
2026-01-21 09:00:00+00:00,1.0634720807469034,1.063835323645486,1.0632490661469736,1.0636123090455563,100
2026-01-21 09:05:00+00:00,1.0636123090455563,1.0640445430994698,1.0634911771214544,1.063923411175368,100
2026-01-21 09:10:00+00:00,1.063923411175368,1.0640245288914354,1.0634810438701272,1.0635821615861947,100
2026-01-21 09:15:00+00:00,1.0635821615861947,1.0636006625120342,1.0632307071552831,1.0632492080811227,100
2026-01-21 09:20:00+00:00,1.0632492080811227,1.0635568103985644,1.0631111724962352,1.063418774813677,100
2026-01-21 09:25:00+00:00,1.063418774813677,1.0635209343468257,1.0630184929666477,1.0631206524997965,100
2026-01-21 09:30:00+00:00,1.0631206524997965,1.063590386736693,1.0629823573268447,1.063452091563741,100
2026-01-21 09:35:00+00:00,1.063452091563741,1.0635262709620499,1.0632193176827336,1.0632934970810424,100
2026-01-21 09:40:00+00:00,1.0632934970810424,1.063455738915397,1.063001494793641,1.0631637366279956,100
2026-01-21 09:45:00+00:00,1.0631637366279956,1.0633890732729394,1.0627388486316618,1.0629641852766056,100
2026-01-21 09:50:00+00:00,1.0629641852766056,1.0631236947368956,1.0622500532873163,1.0624095627476062,100
2026-01-21 09:55:00+00:00,1.0624095627476062,1.0624405177354557,1.062254106704987,1.0622850616928365,100
2026-01-21 10:00:00+00:00,1.0622850616928365,1.0623615867345366,1.0622150637310706,1.0622915887727706,100
2026-01-21 10:05:00+00:00,1.0622915887727706,1.0625735090892992,1.062249248250727,1.0625311685672556,100
2026-01-21 10:10:00+00:00,1.0625311685672556,1.06273610577647,1.0623536710951726,1.062558608304387,100
2026-01-21 10:15:00+00:00,1.062558608304387,1.062593337651668,1.0621839420237436,1.0622186713710247,100
2026-01-21 10:20:00+00:00,1.0622186713710247,1.0624344400832197,1.0617828405217347,1.0619986092339297,100
2026-01-21 10:25:00+00:00,1.0619986092339297,1.0621903082105093,1.061567489103668,1.0617591880802475,100
2026-01-21 10:30:00+00:00,1.0617591880802475,1.0621206180023366,1.061564405377065,1.061925835299154,100
2026-01-21 10:35:00+00:00,1.061925835299154,1.0620127230076633,1.0617084129797307,1.06179530068824,100
2026-01-21 10:40:00+00:00,1.06179530068824,1.061882322061219,1.061592262426177,1.0616792837991562,100
2026-01-21 10:45:00+00:00,1.0616792837991562,1.0620629668969457,1.0615806916038362,1.0619643747016256,100
2026-01-21 10:50:00+00:00,1.0619643747016256,1.0620433680071728,1.0619310911770157,1.0620100844825628,100
2026-01-21 10:55:00+00:00,1.0620100844825628,1.0631061540261415,1.0618362759427145,1.0629323454862931,100
2026-01-21 11:00:00+00:00,1.0629323454862931,1.0630861617777454,1.0627399269445506,1.0628937432360028,100
2026-01-21 11:05:00+00:00,1.0628937432360028,1.0629009838448793,1.0623633581359193,1.0623705987447958,100
2026-01-21 11:10:00+00:00,1.0623705987447958,1.0624698769580385,1.0619162555946549,1.0620155338078976,100
2026-01-21 11:15:00+00:00,1.0620155338078976,1.0623890365858002,1.0617707609366887,1.0621442637145913,100
2026-01-21 11:20:00+00:00,1.0621442637145913,1.0622909168027976,1.0618037195883765,1.0619503726765829,100
2026-01-21 11:25:00+00:00,1.0619503726765829,1.0620081154433378,1.0617012668354056,1.0617590096021605,100
2026-01-21 11:30:00+00:00,1.0617590096021605,1.0620876471245972,1.0614692801273042,1.061797917649741,100
2026-01-21 11:35:00+00:00,1.061797917649741,1.0621336995090516,1.061791833438904,1.0621276152982146,100
2026-01-21 11:40:00+00:00,1.0621276152982146,1.0625913744191502,1.0619169938733197,1.0623807529942553,100
2026-01-21 11:45:00+00:00,1.0623807529942553,1.0624472605975963,1.0619441642497363,1.0620106718530773,100
2026-01-21 11:50:00+00:00,1.0620106718530773,1.0625858213296537,1.0619983004215319,1.0625734498981083,100
2026-01-21 11:55:00+00:00,1.0625734498981083,1.0626490761140501,1.0623981883372164,1.0624738145531583,100
2026-01-21 12:00:00+00:00,1.0624738145531583,1.0630152768459808,1.0623829707148993,1.0629244330077219,100
2026-01-21 12:05:00+00:00,1.0629244330077219,1.0633315329927897,1.062627099972248,1.0630341999573159,100
2026-01-21 12:10:00+00:00,1.0630341999573159,1.0634674460718123,1.0627528545707001,1.0631861006851966,100
2026-01-21 12:15:00+00:00,1.0631861006851966,1.063476811821902,1.0628169383896986,1.063107649526404,100
2026-01-21 12:20:00+00:00,1.063107649526404,1.0631367866558603,1.0626935540085718,1.062722691138028,100
2026-01-21 12:25:00+00:00,1.062722691138028,1.0631121422780907,1.0626527501268859,1.0630422012669485,100
2026-01-21 12:30:00+00:00,1.0630422012669485,1.0635049693380505,1.062859123916401,1.063321891987503,100
2026-01-21 12:35:00+00:00,1.063321891987503,1.0634336740245378,1.0632994734792014,1.0634112555162363,100
2026-01-21 12:40:00+00:00,1.0634112555162363,1.0636106783022248,1.063258527184968,1.0634579499709564,100
2026-01-21 12:45:00+00:00,1.0634579499709564,1.0634998392458144,1.0634250904213804,1.0634669796962384,100
2026-01-21 12:50:00+00:00,1.0634669796962384,1.0634924060655588,1.0630447125151208,1.0630701388844412,100
2026-01-21 12:55:00+00:00,1.0630701388844412,1.0631497100759184,1.0627080653728322,1.0627876365643094,100
2026-01-21 13:00:00+00:00,1.0627876365643094,1.0629903568890928,1.0621456591908174,1.0623483795156008,100
2026-01-21 13:05:00+00:00,1.0623483795156008,1.0629959447172475,1.0620651503535778,1.0627127155552245,100
2026-01-21 13:10:00+00:00,1.0627127155552245,1.0632109452912488,1.0625655550947375,1.0630637848307618,100
2026-01-21 13:15:00+00:00,1.0630637848307618,1.063292359531075,1.0629811380357677,1.063209712736081,100
2026-01-21 13:20:00+00:00,1.063209712736081,1.0635710367482687,1.0630311940884543,1.063392518100642,100
2026-01-21 13:25:00+00:00,1.063392518100642,1.0637263659564513,1.0633003123390663,1.0636341601948756,100
2026-01-21 13:30:00+00:00,1.0636341601948756,1.0639671301550695,1.0635564725495412,1.0638894425097352,100
2026-01-21 13:35:00+00:00,1.0638894425097352,1.064000739366656,1.0638612523204614,1.0639725491773822,100
2026-01-21 13:40:00+00:00,1.0639725491773822,1.06398280033612,1.0637832633300075,1.0637935144887454,100
2026-01-21 13:45:00+00:00,1.0637935144887454,1.063884401085861,1.0633998878682265,1.0634907744653421,100
2026-01-21 13:50:00+00:00,1.0634907744653421,1.0636864732564113,1.063413919682272,1.0636096184733412,100
2026-01-21 13:55:00+00:00,1.0636096184733412,1.0639494144083077,1.0634295838547252,1.0637693797896917,100
2026-01-21 14:00:00+00:00,1.0637693797896917,1.0641235567755003,1.0636238120654373,1.063977989051246,100
2026-01-21 14:05:00+00:00,1.063977989051246,1.064173769460356,1.0639530914935633,1.0641488719026733,100
2026-01-21 14:10:00+00:00,1.0641488719026733,1.0642075275382328,1.0637054117732736,1.0637640674088331,100
2026-01-21 14:15:00+00:00,1.0637640674088331,1.0639660213394753,1.0636099010289641,1.0638118549596063,100
2026-01-21 14:20:00+00:00,1.0638118549596063,1.0638529385006694,1.0634491080734234,1.0634901916144865,100
2026-01-21 14:25:00+00:00,1.0634901916144865,1.0636012156605517,1.0631698145224369,1.063280838568502,100
2026-01-21 14:30:00+00:00,1.063280838568502,1.0634039266565338,1.0632348068424184,1.0633578949304503,100
2026-01-21 14:35:00+00:00,1.0633578949304503,1.0635051402815612,1.0632095034278557,1.0633567487789666,100
2026-01-21 14:40:00+00:00,1.0633567487789666,1.063515452973574,1.0626903684743074,1.0628490726689148,100
2026-01-21 14:45:00+00:00,1.0628490726689148,1.0629165266598564,1.062742725882737,1.0628101798736787,100
2026-01-21 14:50:00+00:00,1.0628101798736787,1.0630801789161894,1.0621225405735166,1.0623925396160274,100
2026-01-21 14:55:00+00:00,1.0623925396160274,1.0626137100616768,1.0620720396870627,1.062293210132712,100
2026-01-21 15:00:00+00:00,1.062293210132712,1.0624343409122023,1.0622322403230287,1.062373371102519,100
2026-01-21 15:05:00+00:00,1.062373371102519,1.0624603577598735,1.0617778644743292,1.0618648511316837,100
2026-01-21 15:10:00+00:00,1.0618648511316837,1.0623447115558837,1.0615455661810234,1.0620254266052234,100
2026-01-21 15:15:00+00:00,1.0620254266052234,1.0621978481247547,1.061737227553454,1.0619096490729854,100
2026-01-21 15:20:00+00:00,1.0619096490729854,1.062297375741833,1.0617935997552184,1.062181326424066,100
2026-01-21 15:25:00+00:00,1.062181326424066,1.0624073883813556,1.0621020637837415,1.062328125741031,100
2026-01-21 15:30:00+00:00,1.062328125741031,1.062652026197355,1.062032755419638,1.062356655875962,100
2026-01-21 15:35:00+00:00,1.062356655875962,1.0630386965788252,1.0623508581837855,1.0630328988866486,100
2026-01-21 15:40:00+00:00,1.0630328988866486,1.0630629918781256,1.0627023477643045,1.0627324407557814,100
2026-01-21 15:45:00+00:00,1.0627324407557814,1.0627733248266291,1.062620138136031,1.0626610222068786,100
2026-01-21 15:50:00+00:00,1.0626610222068786,1.0627613190414436,1.0624397749939067,1.0625400718284717,100
2026-01-21 15:55:00+00:00,1.0625400718284717,1.0629449593371878,1.0623565316568546,1.0627614191655708,100
2026-01-21 16:00:00+00:00,1.0627614191655708,1.0630127986294704,1.0623685027775451,1.0626198822414448,100
2026-01-21 16:05:00+00:00,1.0626198822414448,1.062921086148923,1.0625657410830547,1.0628669449905328,100
2026-01-21 16:10:00+00:00,1.0628669449905328,1.0628943250090557,1.062335640697204,1.0623630207157269,100
2026-01-21 16:15:00+00:00,1.0623630207157269,1.06238990065929,1.062082752052217,1.0621096319957801,100
2026-01-21 16:20:00+00:00,1.0621096319957801,1.0625007518959861,1.0618311362044766,1.0622222561046826,100
2026-01-21 16:25:00+00:00,1.0622222561046826,1.062312968722496,1.0619113262963318,1.0620020389141451,100
2026-01-21 16:30:00+00:00,1.0620020389141451,1.062197929227072,1.0616346745395593,1.0618305648524862,100
2026-01-21 16:35:00+00:00,1.0618305648524862,1.0619897674803096,1.0615996984376705,1.061758901065494,100
2026-01-21 16:40:00+00:00,1.061758901065494,1.0620177733973473,1.060964758024877,1.0612236303567304,100
2026-01-21 16:45:00+00:00,1.0612236303567304,1.061477815421184,1.0609771613337156,1.061231346398169,100
2026-01-21 16:50:00+00:00,1.061231346398169,1.0614451888151812,1.0604872328070922,1.0607010752241044,100
2026-01-21 16:55:00+00:00,1.0607010752241044,1.060816540384157,1.0602733292855482,1.0603887944456007,100
2026-01-21 17:00:00+00:00,1.0603887944456007,1.0606791811666116,1.0601634899906265,1.0604538767116374,100
2026-01-21 17:05:00+00:00,1.0604538767116374,1.060487381289459,1.0595201007781998,1.0595536053560215,100
2026-01-21 17:10:00+00:00,1.0595536053560215,1.0595720772593002,1.0592979714703996,1.0593164433736784,100
2026-01-21 17:15:00+00:00,1.0593164433736784,1.0593893607266232,1.0591324156451896,1.0592053329981344,100
2026-01-21 17:20:00+00:00,1.0592053329981344,1.0595374174864227,1.0591756562519896,1.059507740740278,100
2026-01-21 17:25:00+00:00,1.059507740740278,1.0599251871321833,1.0592213334798684,1.0596387798717737,100
2026-01-21 17:30:00+00:00,1.0596387798717737,1.0596909357473956,1.0594250759708095,1.0594772318464314,100
2026-01-21 17:35:00+00:00,1.0594772318464314,1.0598496279125467,1.0593193364541709,1.0596917325202861,100
2026-01-21 17:40:00+00:00,1.0596917325202861,1.0598462909991044,1.0595597261512968,1.059714284630115,100
2026-01-21 17:45:00+00:00,1.059714284630115,1.0601106092563488,1.0596014682933401,1.0599977929195739,100
2026-01-21 17:50:00+00:00,1.0599977929195739,1.060418066508945,1.0597192329648815,1.0601395065542527,100
2026-01-21 17:55:00+00:00,1.0601395065542527,1.0603185490238138,1.0601066806155988,1.06028572308516,100
2026-01-21 18:00:00+00:00,1.06028572308516,1.0603661504040198,1.0599461379338575,1.0600265652527174,100
2026-01-21 18:05:00+00:00,1.0600265652527174,1.0602592546997016,1.0592971174416674,1.0595298068886516,100
2026-01-21 18:10:00+00:00,1.0595298068886516,1.0598497264536795,1.0591236937666786,1.0594436133317064,100
2026-01-21 18:15:00+00:00,1.0594436133317064,1.0596633051188684,1.059386024867084,1.059605716654246,100
2026-01-21 18:20:00+00:00,1.059605716654246,1.0602838361696607,1.0591908313244698,1.0598689508398844,100
2026-01-21 18:25:00+00:00,1.0598689508398844,1.0601677682648172,1.0598032248488185,1.0601020422737513,100
2026-01-21 18:30:00+00:00,1.0601020422737513,1.0604841362971293,1.0599718785937324,1.0603539726171105,100
2026-01-21 18:35:00+00:00,1.0603539726171105,1.060510206061747,1.0601423482597114,1.060298581704348,100
2026-01-21 18:40:00+00:00,1.060298581704348,1.0605773894786705,1.0598854727700076,1.06016428054433,100
2026-01-21 18:45:00+00:00,1.06016428054433,1.060351597208881,1.0597013004812637,1.0598886171458146,100
2026-01-21 18:50:00+00:00,1.0598886171458146,1.0600538135477675,1.0597796747920227,1.0599448711939756,100
2026-01-21 18:55:00+00:00,1.0599448711939756,1.0606430972871779,1.0595887700134323,1.0602869961066346,100
2026-01-21 19:00:00+00:00,1.0602869961066346,1.0608418698658053,1.0599558495804058,1.0605107233395765,100
2026-01-21 19:05:00+00:00,1.0605107233395765,1.0605901418886419,1.0604925189480494,1.0605719374971148,100
2026-01-21 19:10:00+00:00,1.0605719374971148,1.0607722320215787,1.0602989359830577,1.0604992305075216,100
2026-01-21 19:15:00+00:00,1.0604992305075216,1.0606372322345914,1.060350848166558,1.0604888498936278,100
2026-01-21 19:20:00+00:00,1.0604888498936278,1.0605877986899754,1.06033801197234,1.0604369607686877,100
2026-01-21 19:25:00+00:00,1.0604369607686877,1.0610301278506198,1.0603588841522498,1.060952051234182,100
2026-01-21 19:30:00+00:00,1.060952051234182,1.0610355143984431,1.0607264532338279,1.060809916398089,100
2026-01-21 19:35:00+00:00,1.060809916398089,1.0611043197768448,1.0602657099779755,1.0605601133567313,100
2026-01-21 19:40:00+00:00,1.0605601133567313,1.0609367098933968,1.0604871877524389,1.0608637842891044,100
2026-01-21 19:45:00+00:00,1.0608637842891044,1.060911019471217,1.0602601497916229,1.0603073849737354,100
2026-01-21 19:50:00+00:00,1.0603073849737354,1.0603843835841495,1.060066456899518,1.060143455509932,100
2026-01-21 19:55:00+00:00,1.060143455509932,1.060160430025157,1.0593373462478988,1.0593543207631237,100
2026-01-21 20:00:00+00:00,1.0593543207631237,1.059896370175364,1.0592361327079636,1.059778182120204,100
2026-01-21 20:05:00+00:00,1.059778182120204,1.0598300795663553,1.0593275828721984,1.0593794803183498,100
2026-01-21 20:10:00+00:00,1.0593794803183498,1.059568822803399,1.058766619639167,1.0589559621242162,100
2026-01-21 20:15:00+00:00,1.0589559621242162,1.0591589681269336,1.0589223511640287,1.059125357166746,100
2026-01-21 20:20:00+00:00,1.059125357166746,1.059439821854643,1.0590312655016627,1.0593457301895597,100
2026-01-21 20:25:00+00:00,1.0593457301895597,1.0596804941642288,1.0592445995019102,1.0595793634765793,100
2026-01-21 20:30:00+00:00,1.0595793634765793,1.0597121907368703,1.0592548247720093,1.0593876520323002,100
2026-01-21 20:35:00+00:00,1.0593876520323002,1.0598455137504037,1.0593324174442178,1.0597902791623213,100
2026-01-21 20:40:00+00:00,1.0597902791623213,1.0598968862040652,1.0594851103109,1.059591717352644,100
2026-01-21 20:45:00+00:00,1.059591717352644,1.0600704415012783,1.059512553661481,1.0599912778101153,100
2026-01-21 20:50:00+00:00,1.0599912778101153,1.0601058585593999,1.0593134997248945,1.0594280804741791,100
2026-01-21 20:55:00+00:00,1.0594280804741791,1.0596299631085397,1.05935811961936,1.0595600022537206,100
2026-01-21 21:00:00+00:00,1.0595600022537206,1.059591188976118,1.0592035763110774,1.0592347630334749,100
2026-01-21 21:05:00+00:00,1.0592347630334749,1.0597011700656276,1.059182975442801,1.0596493824749538,100
2026-01-21 21:10:00+00:00,1.0596493824749538,1.0598734458235295,1.0595660957191897,1.0597901590677654,100
2026-01-21 21:15:00+00:00,1.0597901590677654,1.0598045756618129,1.0597358887355548,1.0597503053296022,100
2026-01-21 21:20:00+00:00,1.0597503053296022,1.0602512959598085,1.05924636863561,1.0597473592658162,100
2026-01-21 21:25:00+00:00,1.0597473592658162,1.0597652638680277,1.0596573788974357,1.0596752834996472,100
2026-01-21 21:30:00+00:00,1.0596752834996472,1.0598571681214934,1.0591804932155415,1.0593623778373877,100
2026-01-21 21:35:00+00:00,1.0593623778373877,1.0593854124741133,1.0589788991651339,1.0590019338018595,100
2026-01-21 21:40:00+00:00,1.0590019338018595,1.0590422118563965,1.0583660266772879,1.0584063047318248,100
2026-01-21 21:45:00+00:00,1.0584063047318248,1.0586337535774364,1.0582942988625692,1.0585217477081807,100
2026-01-21 21:50:00+00:00,1.0585217477081807,1.0586378479075844,1.058440310338258,1.0585564105376617,100
2026-01-21 21:55:00+00:00,1.0585564105376617,1.058760437652631,1.057885253082259,1.0580892801972281,100
2026-01-21 22:00:00+00:00,1.0580892801972281,1.0581190371411648,1.0580017396727166,1.0580314966166533,100
2026-01-21 22:05:00+00:00,1.0580314966166533,1.058056408668005,1.05796705325143,1.0579919653027818,100
2026-01-21 22:10:00+00:00,1.0579919653027818,1.0581688346273823,1.0579391739375847,1.0581160432621852,100
2026-01-21 22:15:00+00:00,1.0581160432621852,1.058368525387887,1.058094184283819,1.0583466664095207,100
2026-01-21 22:20:00+00:00,1.0583466664095207,1.0584128484665254,1.0579906371163306,1.0580568191733353,100
2026-01-21 22:25:00+00:00,1.0580568191733353,1.058111526979562,1.0574397584878352,1.057494466294062,100
2026-01-21 22:30:00+00:00,1.057494466294062,1.057611665655722,1.0572755710265835,1.0573927703882435,100
2026-01-21 22:35:00+00:00,1.0573927703882435,1.057523920316062,1.057130111617782,1.0572612615456005,100
2026-01-21 22:40:00+00:00,1.0572612615456005,1.0576449767759237,1.0572095311610914,1.0575932463914146,100
2026-01-21 22:45:00+00:00,1.0575932463914146,1.0583673189316098,1.0572729535791876,1.0580470261193828,100
2026-01-21 22:50:00+00:00,1.0580470261193828,1.0580610379715125,1.0576129585600207,1.0576269704121504,100
2026-01-21 22:55:00+00:00,1.0576269704121504,1.057706238653666,1.0573641313724103,1.0574433996139259,100
2026-01-21 23:00:00+00:00,1.0574433996139259,1.0575558971373697,1.0573704661390844,1.0574829636625283,100
2026-01-21 23:05:00+00:00,1.0574829636625283,1.0575571177213607,1.0572629855991573,1.0573371396579898,100
2026-01-21 23:10:00+00:00,1.0573371396579898,1.0577427588300428,1.0572103050827582,1.057615924254811,100
2026-01-21 23:15:00+00:00,1.057615924254811,1.0579970783658077,1.0572813239369596,1.0576624780479562,100
2026-01-21 23:20:00+00:00,1.0576624780479562,1.0579283293537105,1.057409561924539,1.0576754132302932,100
2026-01-21 23:25:00+00:00,1.0576754132302932,1.057944163920333,1.0576097674678708,1.0578785181579107,100
2026-01-21 23:30:00+00:00,1.0578785181579107,1.0580176759768947,1.0578769067319012,1.0580160645508851,100
2026-01-21 23:35:00+00:00,1.0580160645508851,1.0580384288419704,1.0575883045482024,1.0576106688392877,100
2026-01-21 23:40:00+00:00,1.0576106688392877,1.0578023749978633,1.0568827692213372,1.0570744753799128,100
2026-01-21 23:45:00+00:00,1.0570744753799128,1.0572210254417564,1.0569091235507002,1.0570556736125438,100
2026-01-21 23:50:00+00:00,1.0570556736125438,1.0571727954597225,1.0569099580017995,1.0570270798489783,100
2026-01-21 23:55:00+00:00,1.0570270798489783,1.0572443516292012,1.056818828483188,1.057036100263411,100
2026-01-22 00:00:00+00:00,1.057036100263411,1.05704810540606,1.0569757917661027,1.0569877969087518,100
2026-01-22 00:05:00+00:00,1.0569877969087518,1.0572293264446202,1.0565698141186775,1.0568113436545459,100
2026-01-22 00:10:00+00:00,1.0568113436545459,1.0568209988509616,1.0565664202709248,1.0565760754673406,100
2026-01-22 00:15:00+00:00,1.0565760754673406,1.0568546397837517,1.0563123589413579,1.056590923257769,100
2026-01-22 00:20:00+00:00,1.056590923257769,1.0567959787501904,1.055874572996738,1.0560796284891594,100
2026-01-22 00:25:00+00:00,1.0560796284891594,1.0561383804196385,1.0557172061794549,1.055775958109934,100
2026-01-22 00:30:00+00:00,1.055775958109934,1.0557797337701262,1.0555643978138578,1.05556817347405,100
2026-01-22 00:35:00+00:00,1.05556817347405,1.0556758417574876,1.055372046976346,1.0554797152597835,100
2026-01-22 00:40:00+00:00,1.0554797152597835,1.055971957955986,1.0553012056613633,1.055793448357566,100
2026-01-22 00:45:00+00:00,1.055793448357566,1.0558450306849114,1.0555924036666668,1.0556439859940123,100
2026-01-22 00:50:00+00:00,1.0556439859940123,1.055742183786094,1.055428041149577,1.0555262389416586,100
2026-01-22 00:55:00+00:00,1.0555262389416586,1.0556981184597016,1.0552576962850646,1.0554295758031076,100
2026-01-22 01:00:00+00:00,1.0554295758031076,1.0555040719997268,1.0552919100170828,1.055366406213702,100
2026-01-22 01:05:00+00:00,1.055366406213702,1.0555644685554655,1.0552212914096621,1.0554193537514256,100
2026-01-22 01:10:00+00:00,1.0554193537514256,1.0554321623051917,1.0551619342830663,1.0551747428368323,100
2026-01-22 01:15:00+00:00,1.0551747428368323,1.0554378647583647,1.055098034047068,1.0553611559686003,100
2026-01-22 01:20:00+00:00,1.0553611559686003,1.0553775983465161,1.055159763774804,1.05517620615272,100
2026-01-22 01:25:00+00:00,1.05517620615272,1.055747468586103,1.0549943596771256,1.0555656221105087,100
2026-01-22 01:30:00+00:00,1.0555656221105087,1.0559436243783107,1.0546850843445785,1.0550630866123805,100
2026-01-22 01:35:00+00:00,1.0550630866123805,1.0552101922594035,1.0550436952125806,1.0551908008596036,100
2026-01-22 01:40:00+00:00,1.0551908008596036,1.0553146772101836,1.0549693794591593,1.0550932558097392,100
2026-01-22 01:45:00+00:00,1.0550932558097392,1.0554893963758096,1.0548582947396612,1.0552544353057316,100
2026-01-22 01:50:00+00:00,1.0552544353057316,1.055662096644281,1.055040051678686,1.0554477130172353,100
2026-01-22 01:55:00+00:00,1.0554477130172353,1.0555507448571266,1.0551661737679077,1.055269205607799,100
2026-01-22 02:00:00+00:00,1.055269205607799,1.0552888804001703,1.0551822523081322,1.0552019271005035,100
2026-01-22 02:05:00+00:00,1.0552019271005035,1.0553394013235107,1.0548070593779364,1.0549445336009435,100
2026-01-22 02:10:00+00:00,1.0549445336009435,1.0550396156986306,1.0546679876577816,1.0547630697554686,100
2026-01-22 02:15:00+00:00,1.0547630697554686,1.0549723436626006,1.0547161964342795,1.0549254703414115,100
2026-01-22 02:20:00+00:00,1.0549254703414115,1.0552067451663045,1.0548961559343089,1.055177430759202,100
2026-01-22 02:25:00+00:00,1.055177430759202,1.0552914966600748,1.0548146332943258,1.0549286991951987,100
2026-01-22 02:30:00+00:00,1.0549286991951987,1.0553371560093345,1.0548360732467725,1.0552445300609083,100
2026-01-22 02:35:00+00:00,1.0552445300609083,1.0555937468444203,1.0550613732730008,1.0554105900565127,100
2026-01-22 02:40:00+00:00,1.0554105900565127,1.0557481701525078,1.0553142688401413,1.0556518489361364,100
2026-01-22 02:45:00+00:00,1.0556518489361364,1.055653459981204,1.055165326838262,1.0551669378833295,100
2026-01-22 02:50:00+00:00,1.0551669378833295,1.0556945705304244,1.0551315148732898,1.0556591475203847,100
2026-01-22 02:55:00+00:00,1.0556591475203847,1.0556950763495216,1.0555603875482926,1.0555963163774296,100
2026-01-22 03:00:00+00:00,1.0555963163774296,1.0558191127590417,1.0553095401942474,1.0555323365758595,100
2026-01-22 03:05:00+00:00,1.0555323365758595,1.0563275511201582,1.0553182970032422,1.0561135115475409,100
2026-01-22 03:10:00+00:00,1.0561135115475409,1.0561776844580388,1.0555416588541737,1.0556058317646717,100
2026-01-22 03:15:00+00:00,1.0556058317646717,1.0559115123250506,1.0551063203081208,1.0554120008684997,100
2026-01-22 03:20:00+00:00,1.0554120008684997,1.0555502471731297,1.0552003370074652,1.0553385833120952,100
2026-01-22 03:25:00+00:00,1.0553385833120952,1.0554430259912788,1.0551974495132925,1.0553018921924762,100
2026-01-22 03:30:00+00:00,1.0553018921924762,1.0554147115462877,1.0546912816948606,1.0548041010486722,100
2026-01-22 03:35:00+00:00,1.0548041010486722,1.0548427271580962,1.0546125092287197,1.0546511353381438,100
2026-01-22 03:40:00+00:00,1.0546511353381438,1.0550529512658204,1.0542785319451142,1.0546803478727909,100
2026-01-22 03:45:00+00:00,1.0546803478727909,1.054831336071585,1.0546630447780723,1.0548140329768665,100
2026-01-22 03:50:00+00:00,1.0548140329768665,1.0548360330236783,1.0543890125182593,1.0544110125650712,100
2026-01-22 03:55:00+00:00,1.0544110125650712,1.054498003153884,1.05418209568781,1.0542690862766229,100
2026-01-22 04:00:00+00:00,1.0542690862766229,1.0545662829893507,1.05417290374307,1.054470100455798,100
2026-01-22 04:05:00+00:00,1.054470100455798,1.0547797446059939,1.0542425147796768,1.0545521589298728,100
2026-01-22 04:10:00+00:00,1.0545521589298728,1.0549171323400028,1.0543645693400587,1.0547295427501888,100
2026-01-22 04:15:00+00:00,1.0547295427501888,1.0548048963780474,1.05465882607695,1.0547341797048086,100
2026-01-22 04:20:00+00:00,1.0547341797048086,1.0550650970636224,1.0546636604593786,1.0549945778181924,100
2026-01-22 04:25:00+00:00,1.0549945778181924,1.0550930471127247,1.054865306975192,1.0549637762697244,100
2026-01-22 04:30:00+00:00,1.0549637762697244,1.055618804370312,1.0548950178855951,1.0555500459861828,100
2026-01-22 04:35:00+00:00,1.0555500459861828,1.0556198617546453,1.055281198633769,1.0553510144022313,100
2026-01-22 04:40:00+00:00,1.0553510144022313,1.0553600657684663,1.0553372983849516,1.0553463497511866,100
2026-01-22 04:45:00+00:00,1.0553463497511866,1.0553918915920188,1.0553068041423184,1.0553523459831506,100
2026-01-22 04:50:00+00:00,1.0553523459831506,1.055473828776989,1.0551676261708878,1.055289108964726,100
2026-01-22 04:55:00+00:00,1.055289108964726,1.0553209231124712,1.0550401141554153,1.0550719283031604,100
2026-01-22 05:00:00+00:00,1.0550719283031604,1.0556557496641656,1.0550579518157042,1.0556417731767094,100
2026-01-22 05:05:00+00:00,1.0556417731767094,1.0556737797071587,1.0546758925564448,1.054707899086894,100
2026-01-22 05:10:00+00:00,1.054707899086894,1.0554120551564075,1.0544613429787328,1.0551654990482462,100
2026-01-22 05:15:00+00:00,1.0551654990482462,1.0554029175439106,1.0551012140758906,1.055338632571555,100
2026-01-22 05:20:00+00:00,1.055338632571555,1.0558107886221193,1.05530894865675,1.0557811047073142,100
2026-01-22 05:25:00+00:00,1.0557811047073142,1.0560358820992122,1.055543131584431,1.055797908976329,100
2026-01-22 05:30:00+00:00,1.055797908976329,1.0558343609860168,1.055062880259408,1.0550993322690958,100
2026-01-22 05:35:00+00:00,1.0550993322690958,1.0559703759684549,1.0547560731718277,1.0556271168711868,100
2026-01-22 05:40:00+00:00,1.0556271168711868,1.056073169460707,1.0555670979653395,1.0560131505548598,100
2026-01-22 05:45:00+00:00,1.0560131505548598,1.0563456178831934,1.0558127005902986,1.0561451679186322,100
2026-01-22 05:50:00+00:00,1.0561451679186322,1.056217915191263,1.055727413948528,1.0558001612211587,100
2026-01-22 05:55:00+00:00,1.0558001612211587,1.0562014723594515,1.0553752636643596,1.0557765748026524,100
2026-01-22 06:00:00+00:00,1.0557765748026524,1.0559662805327625,1.055764774557345,1.0559544802874552,100
2026-01-22 06:05:00+00:00,1.0559544802874552,1.055960640676463,1.055676730420986,1.0556828908099938,100
2026-01-22 06:10:00+00:00,1.0556828908099938,1.056106380426388,1.055582004949068,1.0560054945654622,100
2026-01-22 06:15:00+00:00,1.0560054945654622,1.0560871855929042,1.0557603199514138,1.0558420109788558,100
2026-01-22 06:20:00+00:00,1.0558420109788558,1.0560243852064846,1.0558199260793377,1.0560023003069665,100
2026-01-22 06:25:00+00:00,1.0560023003069665,1.056054586494082,1.055652778886892,1.0557050650740074,100
2026-01-22 06:30:00+00:00,1.0557050650740074,1.0562219676021187,1.0555172295069017,1.056034132035013,100
2026-01-22 06:35:00+00:00,1.056034132035013,1.0561408366801814,1.055902279791346,1.0560089844365144,100
2026-01-22 06:40:00+00:00,1.0560089844365144,1.0560755413224738,1.0558894686486142,1.0559560255345737,100
2026-01-22 06:45:00+00:00,1.0559560255345737,1.0563185784409785,1.0557802176967461,1.056142770603151,100
2026-01-22 06:50:00+00:00,1.056142770603151,1.0562953770979782,1.0561324691666822,1.0562850756615094,100
2026-01-22 06:55:00+00:00,1.0562850756615094,1.056488231937656,1.0561095039754682,1.0563126602516149,100
2026-01-22 07:00:00+00:00,1.0563126602516149,1.0563648486011739,1.056079832862802,1.056132021212361,100
2026-01-22 07:05:00+00:00,1.056132021212361,1.0563146391448335,1.055570864454678,1.0557534823871504,100
2026-01-22 07:10:00+00:00,1.0557534823871504,1.0561585052523248,1.0554091294038208,1.0558141522689952,100
2026-01-22 07:15:00+00:00,1.0558141522689952,1.0558206511463084,1.0554004923946834,1.0554069912719966,100
2026-01-22 07:20:00+00:00,1.0554069912719966,1.0557729868829655,1.0552757199662646,1.0556417155772335,100
2026-01-22 07:25:00+00:00,1.0556417155772335,1.0557413235147326,1.0554297853485866,1.0555293932860856,100
2026-01-22 07:30:00+00:00,1.0555293932860856,1.0556020813614027,1.0554462090114172,1.0555188970867342,100
2026-01-22 07:35:00+00:00,1.0555188970867342,1.0557078499633417,1.0554987567151128,1.0556877095917203,100
2026-01-22 07:40:00+00:00,1.0556877095917203,1.0558407840947432,1.0550466304483492,1.0551997049513722,100
2026-01-22 07:45:00+00:00,1.0551997049513722,1.055384927371287,1.054852240809074,1.0550374632289887,100
2026-01-22 07:50:00+00:00,1.0550374632289887,1.0552291945677088,1.054981698480295,1.0551734298190152,100
2026-01-22 07:55:00+00:00,1.0551734298190152,1.0556071620136984,1.0549145473738797,1.055348279568563,100
2026-01-22 08:00:00+00:00,1.055348279568563,1.0556252816063987,1.0553309114396854,1.0556079134775211,100
2026-01-22 08:05:00+00:00,1.0556079134775211,1.0560529744247498,1.0555317714689365,1.0559768324161651,100
2026-01-22 08:10:00+00:00,1.0559768324161651,1.0561404167565007,1.0553567566445756,1.0555203409849112,100
2026-01-22 08:15:00+00:00,1.0555203409849112,1.055575073348033,1.0554577440894304,1.055512476452552,100
2026-01-22 08:20:00+00:00,1.055512476452552,1.0559804239753845,1.0554375537741973,1.0559055012970298,100
2026-01-22 08:25:00+00:00,1.0559055012970298,1.056196730052085,1.0558629136606965,1.0561541424157517,100
2026-01-22 08:30:00+00:00,1.0561541424157517,1.056268514481648,1.056005274808764,1.0561196468746603,100
2026-01-22 08:35:00+00:00,1.0561196468746603,1.056335003310684,1.055499297117352,1.0557146535533757,100
2026-01-22 08:40:00+00:00,1.0557146535533757,1.055939902079818,1.0555094429265182,1.0557346914529604,100
2026-01-22 08:45:00+00:00,1.0557346914529604,1.0557856282290203,1.0557207617106517,1.0557716984867116,100
2026-01-22 08:50:00+00:00,1.0557716984867116,1.0559163617464873,1.0556544664246532,1.055799129684429,100
2026-01-22 08:55:00+00:00,1.055799129684429,1.055898235673608,1.0555253548366026,1.0556244608257817,100
2026-01-22 09:00:00+00:00,1.0556244608257817,1.0556483319833272,1.055420432797311,1.0554443039548564,100
2026-01-22 09:05:00+00:00,1.0554443039548564,1.0557827434263776,1.0548237458747558,1.055162185346277,100
2026-01-22 09:10:00+00:00,1.055162185346277,1.055259454656582,1.0551413190208094,1.0552385883311146,100
2026-01-22 09:15:00+00:00,1.0552385883311146,1.0552991838553758,1.0549245295295187,1.0549851250537798,100
2026-01-22 09:20:00+00:00,1.0549851250537798,1.055523698433831,1.054924378554194,1.055462951934245,100
2026-01-22 09:25:00+00:00,1.055462951934245,1.055644727171486,1.055190057630734,1.0553718328679749,100
2026-01-22 09:30:00+00:00,1.0553718328679749,1.055533967719452,1.055326233354024,1.0554883682055012,100
2026-01-22 09:35:00+00:00,1.0554883682055012,1.0555563649152158,1.0549549671021443,1.055022963811859,100
2026-01-22 09:40:00+00:00,1.055022963811859,1.0551814045306465,1.0545098375500241,1.0546682782688117,100
2026-01-22 09:45:00+00:00,1.0546682782688117,1.0549242813048922,1.0544832112431861,1.0547392142792666,100
2026-01-22 09:50:00+00:00,1.0547392142792666,1.054792024984304,1.0546081585405676,1.0546609692456048,100
2026-01-22 09:55:00+00:00,1.0546609692456048,1.0548316256105685,1.0541441084507213,1.054314764815685,100
2026-01-22 10:00:00+00:00,1.054314764815685,1.0543250695874686,1.0540869076097088,1.0540972123814925,100
2026-01-22 10:05:00+00:00,1.0540972123814925,1.054106812669924,1.053435707411682,1.0534453077001136,100
2026-01-22 10:10:00+00:00,1.0534453077001136,1.0536009650258567,1.053045169742381,1.0532008270681241,100
2026-01-22 10:15:00+00:00,1.0532008270681241,1.053239590586654,1.053012067173577,1.053050830692107,100
2026-01-22 10:20:00+00:00,1.053050830692107,1.0530665054398887,1.052866234504798,1.0528819092525799,100
2026-01-22 10:25:00+00:00,1.0528819092525799,1.05299562798795,1.0528319935919683,1.0529457123273385,100
2026-01-22 10:30:00+00:00,1.0529457123273385,1.0534127090335077,1.0529176295629648,1.053384626269134,100
2026-01-22 10:35:00+00:00,1.053384626269134,1.0536211226528096,1.0525137693927185,1.052750265776394,100
2026-01-22 10:40:00+00:00,1.052750265776394,1.0530922693223226,1.0526174435252782,1.0529594470712067,100
2026-01-22 10:45:00+00:00,1.0529594470712067,1.052989291856645,1.0529505016450087,1.052980346430447,100
2026-01-22 10:50:00+00:00,1.052980346430447,1.0530374277369814,1.0529512689407203,1.0530083502472547,100
2026-01-22 10:55:00+00:00,1.0530083502472547,1.0535146823187038,1.0528852758382137,1.0533916079096628,100
2026-01-22 11:00:00+00:00,1.0533916079096628,1.053565126082595,1.0531585997148598,1.053332117887792,100
2026-01-22 11:05:00+00:00,1.053332117887792,1.0536275956730916,1.0532048805144438,1.0535003582997435,100
2026-01-22 11:10:00+00:00,1.0535003582997435,1.0537636708134148,1.0534951766975413,1.0537584892112126,100
2026-01-22 11:15:00+00:00,1.0537584892112126,1.0541049062601033,1.0536329119474712,1.053979328996362,100
2026-01-22 11:20:00+00:00,1.053979328996362,1.0540476976104471,1.053653029165867,1.0537213977799522,100
2026-01-22 11:25:00+00:00,1.0537213977799522,1.0541435641547752,1.0534375360970014,1.0538597024718244,100
2026-01-22 11:30:00+00:00,1.0538597024718244,1.053895014431638,1.0534075398641647,1.0534428518239782,100
2026-01-22 11:35:00+00:00,1.0534428518239782,1.0534783339619929,1.0530605171057688,1.0530959992437834,100
2026-01-22 11:40:00+00:00,1.0530959992437834,1.0535032690137396,1.0529664267556755,1.0533736965256317,100
2026-01-22 11:45:00+00:00,1.0533736965256317,1.0534035135662758,1.0532973607949736,1.0533271778356177,100
2026-01-22 11:50:00+00:00,1.0533271778356177,1.0535194116668836,1.05329690445966,1.053489138290926,100
2026-01-22 11:55:00+00:00,1.053489138290926,1.053552619118316,1.0533014325659964,1.0533649133933864,100
2026-01-22 12:00:00+00:00,1.0533649133933864,1.0534348811849645,1.0525922368178164,1.0526622046093945,100
2026-01-22 12:05:00+00:00,1.0526622046093945,1.052713950997462,1.0523169306757099,1.0523686770637772,100
2026-01-22 12:10:00+00:00,1.0523686770637772,1.0525419526399933,1.0515752466255883,1.0517485222018044,100
2026-01-22 12:15:00+00:00,1.0517485222018044,1.0518340457244604,1.051738269062318,1.051823792584974,100
2026-01-22 12:20:00+00:00,1.051823792584974,1.0519938092447039,1.051728157584896,1.0518981742446258,100
2026-01-22 12:25:00+00:00,1.0518981742446258,1.0519881692948903,1.0518009925105822,1.0518909875608466,100
2026-01-22 12:30:00+00:00,1.0518909875608466,1.052026035575721,1.0516694319683908,1.051804479983265,100
2026-01-22 12:35:00+00:00,1.051804479983265,1.0521225434547232,1.0518025339887627,1.0521205974602208,100
2026-01-22 12:40:00+00:00,1.0521205974602208,1.052444250424599,1.0520800136381012,1.0524036666024794,100
2026-01-22 12:45:00+00:00,1.0524036666024794,1.0524376081250555,1.0523453607549114,1.0523793022774874,100
2026-01-22 12:50:00+00:00,1.0523793022774874,1.0524997665910858,1.052264600855732,1.0523850651693303,100
2026-01-22 12:55:00+00:00,1.0523850651693303,1.0524858892673254,1.0519396443786468,1.052040468476642,100
2026-01-22 13:00:00+00:00,1.052040468476642,1.052474277273164,1.0518004790811386,1.0522342878776605,100
2026-01-22 13:05:00+00:00,1.0522342878776605,1.0529443791131519,1.0522263040671092,1.0529363953026005,100
2026-01-22 13:10:00+00:00,1.0529363953026005,1.0530369112475586,1.0528152328496065,1.0529157487945646,100
2026-01-22 13:15:00+00:00,1.0529157487945646,1.0529519686209645,1.0525282855971372,1.052564505423537,100
2026-01-22 13:20:00+00:00,1.052564505423537,1.0529467880289376,1.0524366007290233,1.0528188833344239,100
2026-01-22 13:25:00+00:00,1.0528188833344239,1.053467098627989,1.052576944899288,1.0532251601928533,100
2026-01-22 13:30:00+00:00,1.0532251601928533,1.0533465293400144,1.052935625250072,1.053056994397233,100
2026-01-22 13:35:00+00:00,1.053056994397233,1.0532060096915787,1.053028877801171,1.0531778930955167,100
2026-01-22 13:40:00+00:00,1.0531778930955167,1.0533034113326574,1.053177297942765,1.0533028161799056,100
2026-01-22 13:45:00+00:00,1.0533028161799056,1.0536703663197398,1.0532072236273706,1.0535747737672048,100
2026-01-22 13:50:00+00:00,1.0535747737672048,1.0537163543187027,1.0533788383697134,1.0535204189212113,100
2026-01-22 13:55:00+00:00,1.0535204189212113,1.0536079735235704,1.0534690376681286,1.0535565922704877,100
2026-01-22 14:00:00+00:00,1.0535565922704877,1.0537756771273918,1.053050698051668,1.0532697829085722,100
2026-01-22 14:05:00+00:00,1.0532697829085722,1.0534312652357418,1.052745891576061,1.0529073739032306,100
2026-01-22 14:10:00+00:00,1.0529073739032306,1.0529401735954174,1.0527142685260704,1.0527470682182571,100
2026-01-22 14:15:00+00:00,1.0527470682182571,1.0529123942097225,1.0520823034635083,1.0522476294549736,100
2026-01-22 14:20:00+00:00,1.0522476294549736,1.0524663192365076,1.0521384595835543,1.0523571493650883,100
2026-01-22 14:25:00+00:00,1.0523571493650883,1.0529985879555492,1.0521944532189842,1.0528358918094451,100
2026-01-22 14:30:00+00:00,1.0528358918094451,1.0531255365583685,1.0526402524245069,1.0529298971734302,100
2026-01-22 14:35:00+00:00,1.0529298971734302,1.0529535768509637,1.0528721342776226,1.052895813955156,100
2026-01-22 14:40:00+00:00,1.052895813955156,1.0529802517074716,1.0526361731608804,1.052720610913196,100
2026-01-22 14:45:00+00:00,1.052720610913196,1.052727352338711,1.052477808241024,1.0524845496665391,100
2026-01-22 14:50:00+00:00,1.0524845496665391,1.0530418285574605,1.0523120138960833,1.0528692927870047,100
2026-01-22 14:55:00+00:00,1.0528692927870047,1.053104446175907,1.0526924297403335,1.0529275831292357,100
2026-01-22 15:00:00+00:00,1.0529275831292357,1.053278346210196,1.0527882902491705,1.0531390533301308,100
2026-01-22 15:05:00+00:00,1.0531390533301308,1.0532185401920573,1.0528728205409768,1.0529523074029032,100
2026-01-22 15:10:00+00:00,1.0529523074029032,1.0530058930812243,1.0523580917025348,1.0524116773808558,100
2026-01-22 15:15:00+00:00,1.0524116773808558,1.0530554274058541,1.0522884718226122,1.0529322218476105,100
2026-01-22 15:20:00+00:00,1.0529322218476105,1.053000685527918,1.0526229535267186,1.052691417207026,100
2026-01-22 15:25:00+00:00,1.052691417207026,1.0531291955573225,1.0524655136500534,1.0529032920003498,100
2026-01-22 15:30:00+00:00,1.0529032920003498,1.052926669476925,1.0528130959342412,1.0528364734108164,100
2026-01-22 15:35:00+00:00,1.0528364734108164,1.0531276876929103,1.0526003191902906,1.0528915334723845,100
2026-01-22 15:40:00+00:00,1.0528915334723845,1.0530821122801488,1.0528605792296815,1.0530511580374458,100
2026-01-22 15:45:00+00:00,1.0530511580374458,1.0534726071155038,1.0529194929250854,1.0533409420031434,100
2026-01-22 15:50:00+00:00,1.0533409420031434,1.0535928912958143,1.053092181745747,1.053344131038418,100
2026-01-22 15:55:00+00:00,1.053344131038418,1.053600762923942,1.0530213882989226,1.0532780201844465,100
2026-01-22 16:00:00+00:00,1.0532780201844465,1.0536865146225471,1.052958906511713,1.0533674009498137,100
2026-01-22 16:05:00+00:00,1.0533674009498137,1.0535278975525604,1.0530830415835304,1.053243538186277,100
2026-01-22 16:10:00+00:00,1.053243538186277,1.0532517613334722,1.0531444460796364,1.0531526692268316,100
2026-01-22 16:15:00+00:00,1.0531526692268316,1.0532564602529535,1.0528916945339482,1.05299548556007,100
2026-01-22 16:20:00+00:00,1.05299548556007,1.0533634884282823,1.0528566377440889,1.0532246406123011,100
2026-01-22 16:25:00+00:00,1.0532246406123011,1.0538276975984993,1.0530010033246204,1.0536040603108185,100
2026-01-22 16:30:00+00:00,1.0536040603108185,1.0536749403286936,1.053461209834141,1.053532089852016,100
2026-01-22 16:35:00+00:00,1.053532089852016,1.054064549748086,1.0534061679988056,1.0539386278948757,100
2026-01-22 16:40:00+00:00,1.0539386278948757,1.0540041653112922,1.0538737238427607,1.0539392612591771,100
2026-01-22 16:45:00+00:00,1.0539392612591771,1.0540092391719655,1.0535382400287778,1.0536082179415662,100
2026-01-22 16:50:00+00:00,1.0536082179415662,1.0538385572241025,1.0533705987117283,1.0536009379942646,100
2026-01-22 16:55:00+00:00,1.0536009379942646,1.0536271816796592,1.0534212476711864,1.053447491356581,100
2026-01-22 17:00:00+00:00,1.053447491356581,1.0538522599803246,1.053375624761552,1.0537803933852956,100
2026-01-22 17:05:00+00:00,1.0537803933852956,1.0540049976331256,1.053754261973335,1.053978866221165,100
2026-01-22 17:10:00+00:00,1.053978866221165,1.0542046198855792,1.0539411333410267,1.0541668870054408,100
2026-01-22 17:15:00+00:00,1.0541668870054408,1.0542110407490224,1.0536542677015712,1.0536984214451528,100
2026-01-22 17:20:00+00:00,1.0536984214451528,1.053929622186792,1.0536588737684143,1.0538900745100535,100
2026-01-22 17:25:00+00:00,1.0538900745100535,1.053939047526383,1.0537273828947549,1.0537763559110844,100
2026-01-22 17:30:00+00:00,1.0537763559110844,1.0539815378289428,1.053722690996543,1.0539278729144013,100
2026-01-22 17:35:00+00:00,1.0539278729144013,1.0539450401321078,1.053876970592751,1.0538941378104576,100
2026-01-22 17:40:00+00:00,1.0538941378104576,1.0539977537111043,1.053606843670478,1.0537104595711246,100
2026-01-22 17:45:00+00:00,1.0537104595711246,1.0539222343379604,1.0535514052964525,1.0537631800632883,100
2026-01-22 17:50:00+00:00,1.0537631800632883,1.053770307850338,1.0536566335346937,1.0536637613217434,100
2026-01-22 17:55:00+00:00,1.0536637613217434,1.054285813265941,1.0534037720949174,1.054025824039115,100
2026-01-22 18:00:00+00:00,1.054025824039115,1.054143662868373,1.0538215739639403,1.0539394127931982,100
2026-01-22 18:05:00+00:00,1.0539394127931982,1.053980404790955,1.0538690707509069,1.0539100627486635,100
2026-01-22 18:10:00+00:00,1.0539100627486635,1.0540376679782228,1.053703294234928,1.0538308994644874,100
2026-01-22 18:15:00+00:00,1.0538308994644874,1.0540535631659103,1.0535468209422982,1.053769484643721,100
2026-01-22 18:20:00+00:00,1.053769484643721,1.0537723956763994,1.0536618226189562,1.0536647336516345,100
2026-01-22 18:25:00+00:00,1.0536647336516345,1.053891750271297,1.0532337657063626,1.0534607823260251,100
2026-01-22 18:30:00+00:00,1.0534607823260251,1.0535077410702776,1.05329363926216,1.0533405980064123,100
2026-01-22 18:35:00+00:00,1.0533405980064123,1.0533780261847538,1.0528934185547625,1.052930846733104,100
2026-01-22 18:40:00+00:00,1.052930846733104,1.0530815083996008,1.0526169952480162,1.052767656914513,100
2026-01-22 18:45:00+00:00,1.052767656914513,1.0528733261639014,1.0527254920474303,1.0528311612968186,100
2026-01-22 18:50:00+00:00,1.0528311612968186,1.052880287965443,1.0527755331117026,1.052824659780327,100
2026-01-22 18:55:00+00:00,1.052824659780327,1.0530080304524672,1.0525028810158898,1.05268625168803,100
2026-01-22 19:00:00+00:00,1.05268625168803,1.0527325231559195,1.0520407233008824,1.0520869947687719,100
2026-01-22 19:05:00+00:00,1.0520869947687719,1.0521167194277985,1.0518853831120165,1.0519151077710431,100
2026-01-22 19:10:00+00:00,1.0519151077710431,1.052166566683616,1.051443324923202,1.0516947838357749,100
2026-01-22 19:15:00+00:00,1.0516947838357749,1.0518445806582983,1.0511418239815147,1.0512916208040382,100
2026-01-22 19:20:00+00:00,1.0512916208040382,1.0513527769562645,1.0509774756143475,1.0510386317665739,100
2026-01-22 19:25:00+00:00,1.0510386317665739,1.0515558889814218,1.0510235458431054,1.0515408030579534,100
2026-01-22 19:30:00+00:00,1.0515408030579534,1.0522272802281485,1.0511742884330701,1.0518607656032652,100
2026-01-22 19:35:00+00:00,1.0518607656032652,1.0521625240200938,1.0517445508882477,1.0520463093050763,100
2026-01-22 19:40:00+00:00,1.0520463093050763,1.0521995526244834,1.0516324578805025,1.0517857011999097,100
2026-01-22 19:45:00+00:00,1.0517857011999097,1.0518237630805278,1.0517308798944032,1.0517689417750213,100
2026-01-22 19:50:00+00:00,1.0517689417750213,1.0523235751755826,1.0516191271634123,1.0521737605639736,100
2026-01-22 19:55:00+00:00,1.0521737605639736,1.052364054175787,1.0518513838769175,1.052041677488731,100
2026-01-22 20:00:00+00:00,1.052041677488731,1.052274288806593,1.0516985619973624,1.0519311733152246,100
2026-01-22 20:05:00+00:00,1.0519311733152246,1.0521760739742834,1.0510631338057235,1.0513080344647823,100
2026-01-22 20:10:00+00:00,1.0513080344647823,1.0513667158110938,1.0509194863563642,1.0509781677026757,100
2026-01-22 20:15:00+00:00,1.0509781677026757,1.0514386382314764,1.0509690138262504,1.0514294843550511,100
2026-01-22 20:20:00+00:00,1.0514294843550511,1.0518024061208797,1.0512948058471223,1.051667727612951,100
2026-01-22 20:25:00+00:00,1.051667727612951,1.051760880742924,1.0510159230128757,1.0511090761428488,100
2026-01-22 20:30:00+00:00,1.0511090761428488,1.051180878221003,1.050581413602697,1.0506532156808512,100
2026-01-22 20:35:00+00:00,1.0506532156808512,1.0507077845088362,1.050236875047835,1.05029144387582,100
2026-01-22 20:40:00+00:00,1.05029144387582,1.0503833645292218,1.0497061760760524,1.0497980967294542,100
2026-01-22 20:45:00+00:00,1.0497980967294542,1.049929542377747,1.0494173967231124,1.0495488423714052,100
2026-01-22 20:50:00+00:00,1.0495488423714052,1.049726605588007,1.0494103599840865,1.0495881232006883,100
2026-01-22 20:55:00+00:00,1.0495881232006883,1.0497774381709506,1.0494539267422804,1.0496432417125428,100
2026-01-22 21:00:00+00:00,1.0496432417125428,1.0496609005372295,1.0493363912147526,1.0493540500394394,100
2026-01-22 21:05:00+00:00,1.0493540500394394,1.0497849368500307,1.049259458718799,1.0496903455293904,100
2026-01-22 21:10:00+00:00,1.0496903455293904,1.0504694772603864,1.0496461402385593,1.0504252719695553,100
2026-01-22 21:15:00+00:00,1.0504252719695553,1.0509028022134013,1.0499869406041291,1.0504644708479751,100
2026-01-22 21:20:00+00:00,1.0504644708479751,1.0507581801690766,1.0498959859633108,1.0501896952844123,100
2026-01-22 21:25:00+00:00,1.0501896952844123,1.0504766226639013,1.0497803136923627,1.0500672410718517,100
2026-01-22 21:30:00+00:00,1.0500672410718517,1.0503309054516856,1.0495068970249197,1.0497705614047537,100
2026-01-22 21:35:00+00:00,1.0497705614047537,1.0498990363010403,1.0495901715522267,1.0497186464485133,100
2026-01-22 21:40:00+00:00,1.0497186464485133,1.0497862347867164,1.0493376846906977,1.0494052730289007,100
2026-01-22 21:45:00+00:00,1.0494052730289007,1.0495362945679436,1.0488242290443317,1.0489552505833746,100
2026-01-22 21:50:00+00:00,1.0489552505833746,1.0489873967185241,1.0487597313817532,1.0487918775169027,100
2026-01-22 21:55:00+00:00,1.0487918775169027,1.0489978974151577,1.0481026020842599,1.0483086219825148,100
2026-01-22 22:00:00+00:00,1.0483086219825148,1.048573576233219,1.0482973990953177,1.0485623533460218,100
2026-01-22 22:05:00+00:00,1.0485623533460218,1.048587684140466,1.048560921626734,1.0485862524211782,100
2026-01-22 22:10:00+00:00,1.0485862524211782,1.0486936567655858,1.048529680268568,1.0486370846129756,100
2026-01-22 22:15:00+00:00,1.0486370846129756,1.048672821392115,1.047995963840905,1.0480317006200446,100
2026-01-22 22:20:00+00:00,1.0480317006200446,1.0482021634437069,1.04786379034026,1.0480342531639222,100
2026-01-22 22:25:00+00:00,1.0480342531639222,1.048310862522169,1.0473215218470984,1.0475981312053453,100
2026-01-22 22:30:00+00:00,1.0475981312053453,1.0477745196000479,1.047463852445926,1.0476402408406287,100
2026-01-22 22:35:00+00:00,1.0476402408406287,1.0479067729683753,1.0475942284770605,1.0478607606048072,100
2026-01-22 22:40:00+00:00,1.0478607606048072,1.0479424968238213,1.0478597501046536,1.0479414863236678,100
2026-01-22 22:45:00+00:00,1.0479414863236678,1.048239378047395,1.0479181257544912,1.0482160174782185,100
2026-01-22 22:50:00+00:00,1.0482160174782185,1.0482236395951945,1.0478375751142512,1.0478451972312273,100
2026-01-22 22:55:00+00:00,1.0478451972312273,1.047928180865204,1.047330473133012,1.0474134567669886,100
2026-01-22 23:00:00+00:00,1.0474134567669886,1.0478661392475583,1.0471940394463517,1.0476467219269214,100
2026-01-22 23:05:00+00:00,1.0476467219269214,1.0479055239231558,1.0469691597716446,1.047227961767879,100
2026-01-22 23:10:00+00:00,1.047227961767879,1.047442097949033,1.047100062196686,1.04731419837784,100
2026-01-22 23:15:00+00:00,1.04731419837784,1.0473457692853831,1.047205337256148,1.0472369081636912,100
2026-01-22 23:20:00+00:00,1.0472369081636912,1.0473728474807205,1.0470906018440846,1.047226541161114,100
2026-01-22 23:25:00+00:00,1.047226541161114,1.048059925250263,1.047082361293833,1.047915745382982,100
2026-01-22 23:30:00+00:00,1.047915745382982,1.0479344145467233,1.0477234498918704,1.0477421190556118,100
2026-01-22 23:35:00+00:00,1.0477421190556118,1.048064546446123,1.047097031422952,1.047419458813463,100
2026-01-22 23:40:00+00:00,1.047419458813463,1.0477297024885448,1.0473170018622389,1.0476272455373206,100
2026-01-22 23:45:00+00:00,1.0476272455373206,1.0478256035089235,1.0475484381981506,1.0477467961697535,100
2026-01-22 23:50:00+00:00,1.0477467961697535,1.0479543261221411,1.0475038362532536,1.0477113662056412,100
2026-01-22 23:55:00+00:00,1.0477113662056412,1.0479381582452343,1.0473828587883758,1.0476096508279689,100
2026-01-23 00:00:00+00:00,1.0476096508279689,1.0479716788718743,1.0474518367536794,1.0478138647975848,100
2026-01-23 00:05:00+00:00,1.0478138647975848,1.0479276250747513,1.0475686775541537,1.0476824378313203,100
2026-01-23 00:10:00+00:00,1.0476824378313203,1.0482912834019684,1.0476653346566023,1.0482741802272504,100
2026-01-23 00:15:00+00:00,1.0482741802272504,1.049132975971926,1.0480373762296757,1.0488961719743513,100
2026-01-23 00:20:00+00:00,1.0488961719743513,1.048993341855664,1.0488652539821506,1.0489624238634634,100
2026-01-23 00:25:00+00:00,1.0489624238634634,1.0490430353623466,1.048706415096755,1.0487870265956383,100
2026-01-23 00:30:00+00:00,1.0487870265956383,1.0490150630407427,1.048586765736775,1.0488148021818793,100
2026-01-23 00:35:00+00:00,1.0488148021818793,1.0492326481388967,1.0487264027914107,1.0491442487484282,100
2026-01-23 00:40:00+00:00,1.0491442487484282,1.04982253528875,1.0489578650702753,1.0496361516105972,100
2026-01-23 00:45:00+00:00,1.0496361516105972,1.0496886179153118,1.0485423267665708,1.0485947930712853,100
2026-01-23 00:50:00+00:00,1.0485947930712853,1.049382455194183,1.0485087783207776,1.0492964404436753,100
2026-01-23 00:55:00+00:00,1.0492964404436753,1.0494957980552622,1.0489200120577022,1.049119369669289,100
2026-01-23 01:00:00+00:00,1.049119369669289,1.0492281388288174,1.048553637002887,1.0486624061624152,100
2026-01-23 01:05:00+00:00,1.0486624061624152,1.0493610518693988,1.0486576170745074,1.049356262781491,100
2026-01-23 01:10:00+00:00,1.049356262781491,1.0499556842617694,1.0492928747485168,1.0498922962287953,100
2026-01-23 01:15:00+00:00,1.0498922962287953,1.0500297061417292,1.0491300923901283,1.0492675023030622,100
2026-01-23 01:20:00+00:00,1.0492675023030622,1.0495600279402781,1.049017597966855,1.049310123604071,100
2026-01-23 01:25:00+00:00,1.049310123604071,1.0493787332365738,1.049274334178342,1.0493429438108448,100
2026-01-23 01:30:00+00:00,1.0493429438108448,1.0495870659169966,1.0486817145235274,1.0489258366296792,100
2026-01-23 01:35:00+00:00,1.0489258366296792,1.0490081258479338,1.0488792651266854,1.04896155434494,100
2026-01-23 01:40:00+00:00,1.04896155434494,1.050226947661316,1.0486982462100352,1.0499636395264111,100
2026-01-23 01:45:00+00:00,1.0499636395264111,1.050811308110105,1.049917729329537,1.0507653979132308,100
2026-01-23 01:50:00+00:00,1.0507653979132308,1.0513787567775659,1.0507179663733617,1.0513313252376968,100
2026-01-23 01:55:00+00:00,1.0513313252376968,1.0514426416539404,1.0513084278928622,1.0514197443091058,100
2026-01-23 02:00:00+00:00,1.0514197443091058,1.051521720870652,1.0511541911588254,1.0512561677203716,100
2026-01-23 02:05:00+00:00,1.0512561677203716,1.0518933586252326,1.0511028556508786,1.0517400465557396,100
2026-01-23 02:10:00+00:00,1.0517400465557396,1.0518611931960538,1.0515518744861276,1.0516730211264418,100
2026-01-23 02:15:00+00:00,1.0516730211264418,1.0518483700686967,1.051313455000735,1.05148880394299,100
2026-01-23 02:20:00+00:00,1.05148880394299,1.0515966398105108,1.0511410521278552,1.051248887995376,100
2026-01-23 02:25:00+00:00,1.051248887995376,1.0513321504887223,1.051114180275482,1.0511974427688282,100
2026-01-23 02:30:00+00:00,1.0511974427688282,1.0514551430721464,1.0510801077683458,1.051337808071664,100
2026-01-23 02:35:00+00:00,1.051337808071664,1.0516863658442428,1.050714780542009,1.0510633383145878,100
2026-01-23 02:40:00+00:00,1.0510633383145878,1.0514913965064514,1.050950022879578,1.0513780810714417,100
2026-01-23 02:45:00+00:00,1.0513780810714417,1.052126055552442,1.051153365364072,1.0519013398450723,100
2026-01-23 02:50:00+00:00,1.0519013398450723,1.0521828450438095,1.0516001593600446,1.0518816645587818,100
2026-01-23 02:55:00+00:00,1.0518816645587818,1.0521820686344403,1.0516856013250737,1.0519860054007322,100
2026-01-23 03:00:00+00:00,1.0519860054007322,1.0520346124192081,1.0519291862727242,1.0519777932912002,100
2026-01-23 03:05:00+00:00,1.0519777932912002,1.0520701280400304,1.0519065121138174,1.0519988468626476,100
2026-01-23 03:10:00+00:00,1.0519988468626476,1.0522196768546146,1.0517115702785182,1.0519324002704853,100
2026-01-23 03:15:00+00:00,1.0519324002704853,1.0521854949965637,1.051500599230578,1.0517536939566563,100
2026-01-23 03:20:00+00:00,1.0517536939566563,1.0517786311787853,1.0514393311965158,1.0514642684186448,100
2026-01-23 03:25:00+00:00,1.0514642684186448,1.0520193268939078,1.051248067110486,1.051803125585749,100
2026-01-23 03:30:00+00:00,1.051803125585749,1.0518829555396403,1.051244212250076,1.0513240422039674,100
2026-01-23 03:35:00+00:00,1.0513240422039674,1.0521301324886805,1.0513092119004799,1.052115302185193,100
2026-01-23 03:40:00+00:00,1.052115302185193,1.052412447984059,1.052085470259825,1.052382616058691,100
2026-01-23 03:45:00+00:00,1.052382616058691,1.05291496892439,1.0522606587294285,1.0527930115951274,100
2026-01-23 03:50:00+00:00,1.0527930115951274,1.0532639102827415,1.0527105992662926,1.0531814979539067,100
2026-01-23 03:55:00+00:00,1.0531814979539067,1.0533060121980176,1.0526175594994234,1.0527420737435342,100
2026-01-23 04:00:00+00:00,1.0527420737435342,1.0530231722372028,1.0526639814725147,1.0529450799661833,100
2026-01-23 04:05:00+00:00,1.0529450799661833,1.0535796604339387,1.0528881693789183,1.0535227498466737,100
2026-01-23 04:10:00+00:00,1.0535227498466737,1.0536516606645308,1.0529169219289642,1.0530458327468213,100
2026-01-23 04:15:00+00:00,1.0530458327468213,1.053170048075531,1.0526960140803945,1.0528202294091042,100
2026-01-23 04:20:00+00:00,1.0528202294091042,1.0528546329864417,1.0523136958629802,1.0523480994403176,100
2026-01-23 04:25:00+00:00,1.0523480994403176,1.0528328504763578,1.052283572695114,1.0527683237311543,100
2026-01-23 04:30:00+00:00,1.0527683237311543,1.0528021934647929,1.052314831560779,1.0523487012944177,100
2026-01-23 04:35:00+00:00,1.0523487012944177,1.0528376962948034,1.052083156998982,1.0525721519993676,100
2026-01-23 04:40:00+00:00,1.0525721519993676,1.0537320874940463,1.052477375850893,1.0536373113455717,100
2026-01-23 04:45:00+00:00,1.0536373113455717,1.0539955346472811,1.0535457155464294,1.0539039388481388,100
2026-01-23 04:50:00+00:00,1.0539039388481388,1.0548185683509286,1.0535596715767397,1.0544743010795294,100
2026-01-23 04:55:00+00:00,1.0544743010795294,1.0544886284634414,1.0540857659629803,1.0541000933468923,100
2026-01-23 05:00:00+00:00,1.0541000933468923,1.054677686409515,1.054077954243471,1.054655547306094,100
2026-01-23 05:05:00+00:00,1.054655547306094,1.0550601201351173,1.054500611662472,1.0549051844914954,100
2026-01-23 05:10:00+00:00,1.0549051844914954,1.0552702017703282,1.054069017251895,1.0544340345307277,100
2026-01-23 05:15:00+00:00,1.0544340345307277,1.054565868051698,1.0537316305013518,1.0538634640223221,100
2026-01-23 05:20:00+00:00,1.0538634640223221,1.0540408772491634,1.053373627396363,1.0535510406232043,100
2026-01-23 05:25:00+00:00,1.0535510406232043,1.0545471260301724,1.0533222151607462,1.0543183005677144,100
2026-01-23 05:30:00+00:00,1.0543183005677144,1.054380136439838,1.0538728371747905,1.0539346730469141,100
2026-01-23 05:35:00+00:00,1.0539346730469141,1.0540270499411233,1.0536469298453002,1.0537393067395093,100
2026-01-23 05:40:00+00:00,1.0537393067395093,1.0538740767562,1.0527105490387045,1.0528453190553952,100
2026-01-23 05:45:00+00:00,1.0528453190553952,1.053058227875757,1.0528350812845744,1.053047990104936,100
2026-01-23 05:50:00+00:00,1.053047990104936,1.054098884559814,1.0529666881471156,1.0540175826019935,100
2026-01-23 05:55:00+00:00,1.0540175826019935,1.0540712684870583,1.0536125012225028,1.0536661871075677,100
2026-01-23 06:00:00+00:00,1.0536661871075677,1.0537284261249458,1.0534793940635727,1.0535416330809508,100
2026-01-23 06:05:00+00:00,1.0535416330809508,1.054893409331996,1.0531054163412406,1.0544571925922857,100
2026-01-23 06:10:00+00:00,1.0544571925922857,1.0544880995412544,1.0540572463618576,1.0540881533108264,100
2026-01-23 06:15:00+00:00,1.0540881533108264,1.0542285492642351,1.0536803898795686,1.0538207858329773,100
2026-01-23 06:20:00+00:00,1.0538207858329773,1.0539081104313264,1.0536164118197013,1.0537037364180504,100
2026-01-23 06:25:00+00:00,1.0537037364180504,1.0538126078437748,1.0533642533439191,1.0534731247696436,100
2026-01-23 06:30:00+00:00,1.0534731247696436,1.0535687307251482,1.053327823078768,1.0534234290342726,100
2026-01-23 06:35:00+00:00,1.0534234290342726,1.0539585704077838,1.0532779931310916,1.053813134504603,100
2026-01-23 06:40:00+00:00,1.053813134504603,1.0538785321939914,1.053782282373802,1.0538476800631904,100
2026-01-23 06:45:00+00:00,1.0538476800631904,1.0541586545137118,1.0537764507558114,1.0540874252063328,100
2026-01-23 06:50:00+00:00,1.0540874252063328,1.0545673047537307,1.053856170429603,1.054336049977001,100
2026-01-23 06:55:00+00:00,1.054336049977001,1.0546375570151443,1.0543333599068787,1.054634866945022,100
2026-01-23 07:00:00+00:00,1.054634866945022,1.0546850748853676,1.0544692125355615,1.054519420475907,100
2026-01-23 07:05:00+00:00,1.054519420475907,1.0545455547922549,1.0543303313540107,1.0543564656703586,100
2026-01-23 07:10:00+00:00,1.0543564656703586,1.0547417533594337,1.054318316874686,1.054703604563761,100
2026-01-23 07:15:00+00:00,1.054703604563761,1.054777123255251,1.0545047895749016,1.0545783082663915,100
2026-01-23 07:20:00+00:00,1.0545783082663915,1.0547529282701615,1.0542273132430027,1.0544019332467727,100
2026-01-23 07:25:00+00:00,1.0544019332467727,1.0548636836414556,1.0543407329994594,1.0548024833941423,100
2026-01-23 07:30:00+00:00,1.0548024833941423,1.0551669585213725,1.0545840732225809,1.054948548349811,100
2026-01-23 07:35:00+00:00,1.054948548349811,1.0552950577936135,1.0548751305712025,1.055221640015005,100
2026-01-23 07:40:00+00:00,1.055221640015005,1.055461536579226,1.055146453292253,1.055386349856474,100
2026-01-23 07:45:00+00:00,1.055386349856474,1.0561098487714056,1.0553335624962594,1.056057061411191,100
2026-01-23 07:50:00+00:00,1.056057061411191,1.056083473054812,1.056027489591816,1.056053901235437,100
2026-01-23 07:55:00+00:00,1.056053901235437,1.0561893290574242,1.0559066215987105,1.0560420494206977,100
2026-01-23 08:00:00+00:00,1.0560420494206977,1.0562249494167104,1.0557127470137455,1.0558956470097582,100
2026-01-23 08:05:00+00:00,1.0558956470097582,1.05610329856928,1.055234824514281,1.0554424760738028,100
2026-01-23 08:10:00+00:00,1.0554424760738028,1.055554273952291,1.0551228056720623,1.0552346035505504,100
2026-01-23 08:15:00+00:00,1.0552346035505504,1.0562609472516322,1.0551042974113218,1.0561306411124036,100
2026-01-23 08:20:00+00:00,1.0561306411124036,1.0567542140167943,1.0560536182367515,1.0566771911411421,100
2026-01-23 08:25:00+00:00,1.0566771911411421,1.0568556845177206,1.0566731826792581,1.0568516760558366,100
2026-01-23 08:30:00+00:00,1.0568516760558366,1.0572339692723118,1.0567624930103012,1.0571447862267764,100
2026-01-23 08:35:00+00:00,1.0571447862267764,1.057837801739509,1.0570924799481098,1.0577854954608423,100
2026-01-23 08:40:00+00:00,1.0577854954608423,1.0581006391313437,1.057754797278542,1.0580699409490433,100
2026-01-23 08:45:00+00:00,1.0580699409490433,1.0583440116406706,1.0575126318088401,1.0577867025004675,100
2026-01-23 08:50:00+00:00,1.0577867025004675,1.0581376740514445,1.0577823072183756,1.0581332787693527,100
2026-01-23 08:55:00+00:00,1.0581332787693527,1.0582427487677586,1.0581140050023239,1.0582234750007298,100
2026-01-23 09:00:00+00:00,1.0582234750007298,1.0582300835427045,1.0578183262599608,1.0578249348019355,100
2026-01-23 09:05:00+00:00,1.0578249348019355,1.057872549849784,1.0574087568828796,1.0574563719307282,100
2026-01-23 09:10:00+00:00,1.0574563719307282,1.0575077559780155,1.0571129046843046,1.057164288731592,100
2026-01-23 09:15:00+00:00,1.057164288731592,1.0574265355429344,1.0567069804023437,1.0569692272136861,100
2026-01-23 09:20:00+00:00,1.0569692272136861,1.057907687844396,1.0567761781808236,1.0577146388115335,100
2026-01-23 09:25:00+00:00,1.0577146388115335,1.0579339295974688,1.0576206704159077,1.057839961201843,100
2026-01-23 09:30:00+00:00,1.057839961201843,1.0579347817491658,1.057817913352164,1.0579127338994867,100
2026-01-23 09:35:00+00:00,1.0579127338994867,1.0582698739699778,1.0579017889634148,1.058258929033906,100
2026-01-23 09:40:00+00:00,1.058258929033906,1.058727199716481,1.058075672437858,1.058543943120433,100
2026-01-23 09:45:00+00:00,1.058543943120433,1.0592890745318175,1.0584543772609942,1.0591995086723787,100
2026-01-23 09:50:00+00:00,1.0591995086723787,1.0594653371566742,1.0587919590610602,1.0590577875453557,100
2026-01-23 09:55:00+00:00,1.0590577875453557,1.0591494910163883,1.0590231690058265,1.059114872476859,100
2026-01-23 10:00:00+00:00,1.059114872476859,1.0593443589478893,1.0582161655416555,1.0584456520126857,100
2026-01-23 10:05:00+00:00,1.0584456520126857,1.0586387706361369,1.0579385486152217,1.058131667238673,100
2026-01-23 10:10:00+00:00,1.058131667238673,1.0582727129587017,1.0576535645894831,1.057794610309512,100
2026-01-23 10:15:00+00:00,1.057794610309512,1.058101824157151,1.0577076077715606,1.0580148216191996,100
2026-01-23 10:20:00+00:00,1.0580148216191996,1.0587114532924418,1.0579499911190162,1.0586466227922584,100
2026-01-23 10:25:00+00:00,1.0586466227922584,1.0598171460071455,1.058622715159877,1.0597932383747641,100
2026-01-23 10:30:00+00:00,1.0597932383747641,1.0599114273866865,1.059123001691086,1.0592411907030084,100
2026-01-23 10:35:00+00:00,1.0592411907030084,1.0600489680613756,1.0592408044620731,1.0600485818204404,100
2026-01-23 10:40:00+00:00,1.0600485818204404,1.0605908208902137,1.0598853205719025,1.060427559641676,100
2026-01-23 10:45:00+00:00,1.060427559641676,1.0604685616168965,1.06032788256632,1.0603688845415407,100
2026-01-23 10:50:00+00:00,1.0603688845415407,1.0604356652238565,1.0602785410349396,1.0603453217172554,100
2026-01-23 10:55:00+00:00,1.0603453217172554,1.0610687297668178,1.0601631458828182,1.0608865539323806,100
2026-01-23 11:00:00+00:00,1.0608865539323806,1.060935655428607,1.0607460430755975,1.0607951445718238,100
2026-01-23 11:05:00+00:00,1.0607951445718238,1.0608534010089536,1.0603437905165463,1.0604020469536761,100
2026-01-23 11:10:00+00:00,1.0604020469536761,1.0604107002866485,1.0601760723140683,1.0601847256470407,100
2026-01-23 11:15:00+00:00,1.0601847256470407,1.0602985307538146,1.0599118346185936,1.0600256397253676,100
2026-01-23 11:20:00+00:00,1.0600256397253676,1.060430118007583,1.0599282569659163,1.0603327352481318,100
2026-01-23 11:25:00+00:00,1.0603327352481318,1.0605232051574591,1.0602454641353467,1.060435934044674,100
2026-01-23 11:30:00+00:00,1.060435934044674,1.0609898830537994,1.0604004786760204,1.0609544276851457,100
2026-01-23 11:35:00+00:00,1.0609544276851457,1.0613593472160208,1.060731615143697,1.061136534674572,100
2026-01-23 11:40:00+00:00,1.061136534674572,1.0616460222964663,1.0610597999775362,1.0615692875994305,100
2026-01-23 11:45:00+00:00,1.0615692875994305,1.061747830999784,1.0611370432324696,1.0613155866328232,100
2026-01-23 11:50:00+00:00,1.0613155866328232,1.061344839242256,1.0606402389768559,1.0606694915862886,100
2026-01-23 11:55:00+00:00,1.0606694915862886,1.06081456858511,1.060576629050111,1.0607217060489325,100
2026-01-23 12:00:00+00:00,1.0607217060489325,1.0607493049438652,1.0603879840439168,1.0604155829388495,100
2026-01-23 12:05:00+00:00,1.0604155829388495,1.0609537212985973,1.0603770039721176,1.0609151423318655,100
2026-01-23 12:10:00+00:00,1.0609151423318655,1.0613283992452376,1.0607251916612737,1.0611384485746458,100
2026-01-23 12:15:00+00:00,1.0611384485746458,1.0616828750033398,1.0610655525094932,1.0616099789381872,100
2026-01-23 12:20:00+00:00,1.0616099789381872,1.0617840979933855,1.0611984596378863,1.0613725786930845,100
2026-01-23 12:25:00+00:00,1.0613725786930845,1.0614038494811182,1.0606807006045382,1.060711971392572,100
2026-01-23 12:30:00+00:00,1.060711971392572,1.0610264984718716,1.0603095404110503,1.06062406749035,100
2026-01-23 12:35:00+00:00,1.06062406749035,1.060795235227484,1.0605221384012178,1.0606933061383519,100
2026-01-23 12:40:00+00:00,1.0606933061383519,1.0611316293004847,1.0603852330811774,1.0608235562433102,100
2026-01-23 12:45:00+00:00,1.0608235562433102,1.0616170950737778,1.0606349719801993,1.061428510810667,100
2026-01-23 12:50:00+00:00,1.061428510810667,1.061530172996196,1.0613504251459682,1.0614520873314972,100
2026-01-23 12:55:00+00:00,1.0614520873314972,1.0614715929032645,1.0612471348030488,1.061266640374816,100
2026-01-23 13:00:00+00:00,1.061266640374816,1.061807377365549,1.0611300953423344,1.0616708323330672,100
2026-01-23 13:05:00+00:00,1.0616708323330672,1.062202642802597,1.0614848246254645,1.0620166350949942,100
2026-01-23 13:10:00+00:00,1.0620166350949942,1.0624166496249605,1.0617645796314297,1.062164594161396,100
2026-01-23 13:15:00+00:00,1.062164594161396,1.0628617355244177,1.0621525214250054,1.062849662788027,100
2026-01-23 13:20:00+00:00,1.062849662788027,1.0633296522065785,1.0628375691756833,1.0633175585942347,100
2026-01-23 13:25:00+00:00,1.0633175585942347,1.0636115445141043,1.0632706297346162,1.0635646156544858,100
2026-01-23 13:30:00+00:00,1.0635646156544858,1.063847060121609,1.0635151138023773,1.0637975582695005,100
2026-01-23 13:35:00+00:00,1.0637975582695005,1.064163809981339,1.0627015260237436,1.0630677777355821,100
2026-01-23 13:40:00+00:00,1.0630677777355821,1.0630892624527615,1.0623071039039045,1.0623285886210838,100
2026-01-23 13:45:00+00:00,1.0623285886210838,1.0623416158701868,1.0618831196347005,1.0618961468838035,100
2026-01-23 13:50:00+00:00,1.0618961468838035,1.0621248686797278,1.0618708495677187,1.062099571363643,100
2026-01-23 13:55:00+00:00,1.062099571363643,1.0626408433604055,1.062050261904496,1.0625915339012586,100
2026-01-23 14:00:00+00:00,1.0625915339012586,1.0627200248386135,1.062546675530373,1.0626751664677279,100
2026-01-23 14:05:00+00:00,1.0626751664677279,1.0631724449069182,1.0625141214124312,1.0630113998516215,100
2026-01-23 14:10:00+00:00,1.0630113998516215,1.0630811440048653,1.0627339078331897,1.0628036519864335,100
2026-01-23 14:15:00+00:00,1.0628036519864335,1.0630244734931258,1.0627182075832977,1.06293902908999,100
2026-01-23 14:20:00+00:00,1.06293902908999,1.0630953320048149,1.0628711989181843,1.063027501833009,100
2026-01-23 14:25:00+00:00,1.063027501833009,1.0632161858418103,1.0627796328035144,1.0629683168123156,100
2026-01-23 14:30:00+00:00,1.0629683168123156,1.063263966157012,1.0626958363515473,1.0629914856962437,100
2026-01-23 14:35:00+00:00,1.0629914856962437,1.063226082309525,1.0627758236384384,1.0630104202517197,100
2026-01-23 14:40:00+00:00,1.0630104202517197,1.0634423293893989,1.062766376074073,1.0631982852117523,100
2026-01-23 14:45:00+00:00,1.0631982852117523,1.063227075287671,1.063181786279961,1.0632105763558797,100
2026-01-23 14:50:00+00:00,1.0632105763558797,1.0634285936140748,1.0628946006133866,1.0631126178715817,100
2026-01-23 14:55:00+00:00,1.0631126178715817,1.0643381457532226,1.0630576186414347,1.0642831465230755,100
2026-01-23 15:00:00+00:00,1.0642831465230755,1.0643029125908534,1.0641790408294178,1.0641988068971957,100
2026-01-23 15:05:00+00:00,1.0641988068971957,1.0648548719294613,1.0640808378696336,1.0647369029018992,100
2026-01-23 15:10:00+00:00,1.0647369029018992,1.0648303312924194,1.0643201625486232,1.0644135909391435,100
2026-01-23 15:15:00+00:00,1.0644135909391435,1.064806120114854,1.064335026169629,1.0647275553453395,100
2026-01-23 15:20:00+00:00,1.0647275553453395,1.0658043784551259,1.0646676791642702,1.0657445022740566,100
2026-01-23 15:25:00+00:00,1.0657445022740566,1.065943452043522,1.0648499966292004,1.0650489463986659,100
2026-01-23 15:30:00+00:00,1.0650489463986659,1.0654599264695501,1.065008404182347,1.0654193842532313,100
2026-01-23 15:35:00+00:00,1.0654193842532313,1.0659371071247807,1.0652741920486268,1.0657919149201762,100
2026-01-23 15:40:00+00:00,1.0657919149201762,1.0664396599114618,1.0656390463663552,1.0662867913576408,100
2026-01-23 15:45:00+00:00,1.0662867913576408,1.0665965050927633,1.0654820283015927,1.0657917420367151,100
2026-01-23 15:50:00+00:00,1.0657917420367151,1.065918279324017,1.0656973712540188,1.0658239085413206,100
2026-01-23 15:55:00+00:00,1.0658239085413206,1.0658523946345637,1.0654871501476184,1.0655156362408615,100
2026-01-23 16:00:00+00:00,1.0655156362408615,1.0662844951543218,1.0654415368148527,1.0662103957283129,100
2026-01-23 16:05:00+00:00,1.0662103957283129,1.0666483001122122,1.0660210355255957,1.066458939909495,100
2026-01-23 16:10:00+00:00,1.066458939909495,1.0670020278465977,1.0663632349816266,1.0669063229187292,100
2026-01-23 16:15:00+00:00,1.0669063229187292,1.066953559442541,1.066625673368934,1.0666729098927459,100
2026-01-23 16:20:00+00:00,1.0666729098927459,1.0666818943840353,1.066577936549327,1.0665869210406165,100
2026-01-23 16:25:00+00:00,1.0665869210406165,1.0674179834548094,1.066402066811492,1.067233129225685,100
2026-01-23 16:30:00+00:00,1.067233129225685,1.0672741564621901,1.067066589150846,1.0671076163873512,100
2026-01-23 16:35:00+00:00,1.0671076163873512,1.067166158570814,1.0668239564679396,1.0668824986514025,100
2026-01-23 16:40:00+00:00,1.0668824986514025,1.06722741135406,1.0667078019130174,1.067052714615675,100
2026-01-23 16:45:00+00:00,1.067052714615675,1.067454040773096,1.066994947409675,1.0673962735670959,100
2026-01-23 16:50:00+00:00,1.0673962735670959,1.0679988121594222,1.067295336597735,1.0678978751900612,100
2026-01-23 16:55:00+00:00,1.0678978751900612,1.0682867975856494,1.067715753028504,1.0681046754240922,100
2026-01-23 17:00:00+00:00,1.0681046754240922,1.068137614748281,1.067590860442461,1.06762379976665,100
2026-01-23 17:05:00+00:00,1.06762379976665,1.0676337212565599,1.067195860919752,1.067205782409662,100
2026-01-23 17:10:00+00:00,1.067205782409662,1.0676331693077812,1.0668964593771142,1.0673238462752335,100
2026-01-23 17:15:00+00:00,1.0673238462752335,1.0679719956045144,1.0669751292402345,1.0676232785695154,100
2026-01-23 17:20:00+00:00,1.0676232785695154,1.0679506475583807,1.0676064789268742,1.0679338479157394,100
2026-01-23 17:25:00+00:00,1.0679338479157394,1.0679690159900677,1.0676325275655059,1.067667695639834,100
2026-01-23 17:30:00+00:00,1.067667695639834,1.0677366258757075,1.0676040670171405,1.067672997253014,100
2026-01-23 17:35:00+00:00,1.067672997253014,1.0686653458586064,1.0674911628856039,1.0684835114911964,100
2026-01-23 17:40:00+00:00,1.0684835114911964,1.0685087595194576,1.068481277811319,1.0685065258395803,100
2026-01-23 17:45:00+00:00,1.0685065258395803,1.068720285756794,1.068382946453275,1.0685967063704886,100
2026-01-23 17:50:00+00:00,1.0685967063704886,1.0686306178809768,1.0678849995072481,1.0679189110177363,100
2026-01-23 17:55:00+00:00,1.0679189110177363,1.0679272516451785,1.0676554887293044,1.0676638293567466,100
2026-01-23 18:00:00+00:00,1.0676638293567466,1.067932909322756,1.0674919316586422,1.0677610116246516,100
2026-01-23 18:05:00+00:00,1.0677610116246516,1.0678469605570582,1.0670999873304399,1.0671859362628464,100
2026-01-23 18:10:00+00:00,1.0671859362628464,1.067776159708668,1.0669972554266058,1.0675874788724273,100
2026-01-23 18:15:00+00:00,1.0675874788724273,1.068262551742786,1.0672490304886078,1.0679241033589664,100
2026-01-23 18:20:00+00:00,1.0679241033589664,1.0682277552026755,1.0679000953459126,1.0682037471896217,100
2026-01-23 18:25:00+00:00,1.0682037471896217,1.0682741106819345,1.0682014323816638,1.0682717958739765,100
2026-01-23 18:30:00+00:00,1.0682717958739765,1.0684760407232976,1.0681593429004657,1.0683635877497868,100
2026-01-23 18:35:00+00:00,1.0683635877497868,1.0685189002154072,1.0682434353983294,1.0683987478639498,100
2026-01-23 18:40:00+00:00,1.0683987478639498,1.0684354979234296,1.0683777649692208,1.0684145150287006,100
2026-01-23 18:45:00+00:00,1.0684145150287006,1.068658779995836,1.0683586630914772,1.0686029280586127,100
2026-01-23 18:50:00+00:00,1.0686029280586127,1.0699283769893735,1.0682427579422673,1.0695682068730281,100
2026-01-23 18:55:00+00:00,1.0695682068730281,1.0696210996114128,1.069231621961504,1.0692845146998886,100
2026-01-23 19:00:00+00:00,1.0692845146998886,1.0698133490759083,1.069210120284615,1.0697389546606346,100
2026-01-23 19:05:00+00:00,1.0697389546606346,1.0698806003560568,1.0696745522430036,1.0698161979384258,100
2026-01-23 19:10:00+00:00,1.0698161979384258,1.0700464895651727,1.0690433952066103,1.0692736868333572,100
2026-01-23 19:15:00+00:00,1.0692736868333572,1.0693865623859766,1.069168064676725,1.0692809402293444,100
2026-01-23 19:20:00+00:00,1.0692809402293444,1.0694336854770436,1.068895378389443,1.0690481236371423,100
2026-01-23 19:25:00+00:00,1.0690481236371423,1.0699938505681472,1.0690379501585021,1.069983677089507,100
2026-01-23 19:30:00+00:00,1.069983677089507,1.070315028668982,1.0699520038488892,1.0702833554283642,100
2026-01-23 19:35:00+00:00,1.0702833554283642,1.0712721230215339,1.0699577374546465,1.0709465050478162,100
2026-01-23 19:40:00+00:00,1.0709465050478162,1.07108416659792,1.070906901862313,1.0710445634124168,100
2026-01-23 19:45:00+00:00,1.0710445634124168,1.0714036449489286,1.0709002079986538,1.0712592895351656,100
2026-01-23 19:50:00+00:00,1.0712592895351656,1.0713868747903426,1.070525514531633,1.07065309978681,100
2026-01-23 19:55:00+00:00,1.07065309978681,1.071532993172577,1.0704664801175716,1.0713463735033386,100
2026-01-23 20:00:00+00:00,1.0713463735033386,1.0714310513568626,1.0709360900631784,1.0710207679167023,100
2026-01-23 20:05:00+00:00,1.0710207679167023,1.071196277968549,1.0709851038856613,1.071160613937508,100
2026-01-23 20:10:00+00:00,1.071160613937508,1.0717300559619174,1.0711282447027592,1.0716976867271686,100
2026-01-23 20:15:00+00:00,1.0716976867271686,1.072190337813603,1.0716692003230763,1.0721618514095108,100
2026-01-23 20:20:00+00:00,1.0721618514095108,1.0724624881125502,1.0721447390742258,1.0724453757772652,100
2026-01-23 20:25:00+00:00,1.0724453757772652,1.0724906863082564,1.0721011981960007,1.072146508726992,100
2026-01-23 20:30:00+00:00,1.072146508726992,1.073004625808913,1.0720633611629955,1.0729214782449166,100
2026-01-23 20:35:00+00:00,1.0729214782449166,1.073253590132703,1.0726362725191905,1.0729683844069768,100
2026-01-23 20:40:00+00:00,1.0729683844069768,1.0737113753819447,1.0728536788770164,1.0735966698519843,100
2026-01-23 20:45:00+00:00,1.0735966698519843,1.073981515419648,1.0735023949817772,1.0738872405494408,100
2026-01-23 20:50:00+00:00,1.0738872405494408,1.0740654787270123,1.0738184219996831,1.0739966601772546,100
2026-01-23 20:55:00+00:00,1.0739966601772546,1.0740717717304447,1.0731356084396575,1.0732107199928476,100
2026-01-23 21:00:00+00:00,1.0732107199928476,1.074109062933883,1.0732032476629842,1.0741015906040197,100
2026-01-23 21:05:00+00:00,1.0741015906040197,1.0746038304832715,1.0737691240123446,1.0742713638915964,100
2026-01-23 21:10:00+00:00,1.0742713638915964,1.0744530223072313,1.074157029721345,1.0743386881369799,100
2026-01-23 21:15:00+00:00,1.0743386881369799,1.0747048664160146,1.0743308062874253,1.07469698456646,100
2026-01-23 21:20:00+00:00,1.07469698456646,1.075037538242051,1.074663201840653,1.075003755516244,100
2026-01-23 21:25:00+00:00,1.075003755516244,1.0751159447174772,1.074759238356502,1.0748714275577351,100
2026-01-23 21:30:00+00:00,1.0748714275577351,1.0751117547040345,1.0746230764500921,1.0748634035963915,100
2026-01-23 21:35:00+00:00,1.0748634035963915,1.074950482081871,1.0743169180537617,1.0744039965392411,100
2026-01-23 21:40:00+00:00,1.0744039965392411,1.0744149776875915,1.0739566643683756,1.073967645516726,100
2026-01-23 21:45:00+00:00,1.073967645516726,1.0740005774739108,1.0737165273733673,1.073749459330552,100
2026-01-23 21:50:00+00:00,1.073749459330552,1.0739881306377332,1.0733551070424252,1.0735937783496063,100
2026-01-23 21:55:00+00:00,1.0735937783496063,1.0745837388474682,1.073533411858666,1.0745233723565277,100
2026-01-23 22:00:00+00:00,1.0745233723565277,1.0746974694455462,1.0744580139799653,1.0746321110689838,100
2026-01-23 22:05:00+00:00,1.0746321110689838,1.0747461396182427,1.0740786743179525,1.0741927028672114,100
2026-01-23 22:10:00+00:00,1.0741927028672114,1.0746599740036007,1.0741357128635285,1.0746029839999178,100
2026-01-23 22:15:00+00:00,1.0746029839999178,1.0749831061609452,1.074546289509619,1.0749264116706463,100
2026-01-23 22:20:00+00:00,1.0749264116706463,1.0759636104732646,1.0748466270339447,1.075883825836563,100
2026-01-23 22:25:00+00:00,1.075883825836563,1.0758891658464182,1.0753905628823965,1.0753959028922517,100
2026-01-23 22:30:00+00:00,1.0753959028922517,1.075984024660547,1.0751701258079667,1.075758247576262,100
2026-01-23 22:35:00+00:00,1.075758247576262,1.0758083127797244,1.0754791986217986,1.0755292638252612,100
2026-01-23 22:40:00+00:00,1.0755292638252612,1.0761615273331073,1.0754975074633297,1.076129770971176,100
2026-01-23 22:45:00+00:00,1.076129770971176,1.0761827801456458,1.075912732659587,1.075965741834057,100
2026-01-23 22:50:00+00:00,1.075965741834057,1.0764956183550902,1.0756522029941067,1.07618207951514,100
2026-01-23 22:55:00+00:00,1.07618207951514,1.0764867641002551,1.0760771725314762,1.0763818571165913,100
2026-01-23 23:00:00+00:00,1.0763818571165913,1.0764325743541932,1.0762344410949443,1.0762851583325461,100
2026-01-23 23:05:00+00:00,1.0762851583325461,1.0763190150246675,1.076009420266175,1.0760432769582964,100
2026-01-23 23:10:00+00:00,1.0760432769582964,1.0764368012489764,1.0759471385496076,1.0763406628402876,100
2026-01-23 23:15:00+00:00,1.0763406628402876,1.0763555226660522,1.0750231684372096,1.0750380282629741,100
2026-01-23 23:20:00+00:00,1.0750380282629741,1.0754230135307024,1.074980102426249,1.0753650876939773,100
2026-01-23 23:25:00+00:00,1.0753650876939773,1.0754104751140638,1.0749358861206102,1.0749812735406967,100
2026-01-23 23:30:00+00:00,1.0749812735406967,1.0750719159797235,1.073989579065322,1.0740802215043488,100
2026-01-23 23:35:00+00:00,1.0740802215043488,1.0741559747164107,1.0738395756446693,1.0739153288567311,100
2026-01-23 23:40:00+00:00,1.0739153288567311,1.0740898644214294,1.0735773050097241,1.0737518405744224,100
2026-01-23 23:45:00+00:00,1.0737518405744224,1.0739498452034972,1.0734126179706336,1.0736106225997084,100
2026-01-23 23:50:00+00:00,1.0736106225997084,1.0739603331000673,1.0735516500503766,1.0739013605507355,100
2026-01-23 23:55:00+00:00,1.0739013605507355,1.0744948621542099,1.0736949186858533,1.0742884202893277,100
2026-01-24 00:00:00+00:00,1.0742884202893277,1.0745954670779456,1.0742740772621497,1.0745811240507677,100
2026-01-24 00:05:00+00:00,1.0745811240507677,1.0746133910063858,1.074459724446836,1.074491991402454,100
2026-01-24 00:10:00+00:00,1.074491991402454,1.0750544346907829,1.07447220125485,1.0750346445431789,100
2026-01-24 00:15:00+00:00,1.0750346445431789,1.075594828796077,1.0748255971698568,1.075385781422755,100
2026-01-24 00:20:00+00:00,1.075385781422755,1.0759157749403399,1.0753575565546503,1.0758875500722351,100
2026-01-24 00:25:00+00:00,1.0758875500722351,1.0764061875510849,1.0757628356469418,1.0762814731257915,100
2026-01-24 00:30:00+00:00,1.0762814731257915,1.076438748845612,1.0758676714990747,1.0760249472188952,100
2026-01-24 00:35:00+00:00,1.0760249472188952,1.0762668206345674,1.0759990415366645,1.0762409149523366,100
2026-01-24 00:40:00+00:00,1.0762409149523366,1.07723762392898,1.076230823760499,1.0772275327371423,100
2026-01-24 00:45:00+00:00,1.0772275327371423,1.0775957160159613,1.0770912974573288,1.0774594807361477,100
2026-01-24 00:50:00+00:00,1.0774594807361477,1.078087292626492,1.0773934027331258,1.07802121462347,100
2026-01-24 00:55:00+00:00,1.07802121462347,1.078047257037911,1.0775931838944883,1.0776192263089293,100
2026-01-24 01:00:00+00:00,1.0776192263089293,1.0778896919079892,1.0771083799182115,1.0773788455172715,100
2026-01-24 01:05:00+00:00,1.0773788455172715,1.0775296750089272,1.0772992804859083,1.077450109977564,100
2026-01-24 01:10:00+00:00,1.077450109977564,1.0779785721834092,1.0774434621286662,1.0779719243345114,100
2026-01-24 01:15:00+00:00,1.0779719243345114,1.0779808049593902,1.0774488402176816,1.0774577208425604,100
2026-01-24 01:20:00+00:00,1.0774577208425604,1.078123935670348,1.0773549667096134,1.078021181537401,100
2026-01-24 01:25:00+00:00,1.078021181537401,1.0780906232406267,1.077870452197205,1.0779398939004305,100
2026-01-24 01:30:00+00:00,1.0779398939004305,1.078703369210528,1.0778896225714807,1.078653097881578,100
2026-01-24 01:35:00+00:00,1.078653097881578,1.0786643239066693,1.0785912051411866,1.0786024311662779,100
2026-01-24 01:40:00+00:00,1.0786024311662779,1.0787613208982172,1.0778340058055356,1.077992895537475,100
2026-01-24 01:45:00+00:00,1.077992895537475,1.0784440370441202,1.0778879453441472,1.0783390868507925,100
2026-01-24 01:50:00+00:00,1.0783390868507925,1.0787070043226028,1.0781373885643868,1.078505306036197,100
2026-01-24 01:55:00+00:00,1.078505306036197,1.0794422046112417,1.0784873500472636,1.0794242486223082,100
2026-01-24 02:00:00+00:00,1.0794242486223082,1.0795411244704183,1.0789078830538377,1.0790247589019477,100
2026-01-24 02:05:00+00:00,1.0790247589019477,1.0794381444322967,1.0790075146509872,1.0794209001813362,100
2026-01-24 02:10:00+00:00,1.0794209001813362,1.0799937735529261,1.07921661293765,1.0797894863092399,100
2026-01-24 02:15:00+00:00,1.0797894863092399,1.0798173299603384,1.079772157677884,1.0798000013289826,100
2026-01-24 02:20:00+00:00,1.0798000013289826,1.0798111403404123,1.0797145526339715,1.0797256916454012,100
2026-01-24 02:25:00+00:00,1.0797256916454012,1.0802351685404572,1.0795489568670338,1.0800584337620898,100
2026-01-24 02:30:00+00:00,1.0800584337620898,1.080195228127438,1.0793232573781988,1.079460051743547,100
2026-01-24 02:35:00+00:00,1.079460051743547,1.0800424688546142,1.079304533138648,1.079886950249715,100
2026-01-24 02:40:00+00:00,1.079886950249715,1.0807111296069605,1.0798509255686692,1.0806751049259147,100
2026-01-24 02:45:00+00:00,1.0806751049259147,1.081212737192723,1.0805520014180197,1.081089633684828,100
2026-01-24 02:50:00+00:00,1.081089633684828,1.0811680612680266,1.080920444561924,1.0809988721451227,100
2026-01-24 02:55:00+00:00,1.0809988721451227,1.0816812615934832,1.0808361326366107,1.0815185220849712,100
2026-01-24 03:00:00+00:00,1.0815185220849712,1.0818426806365924,1.0813453269677222,1.0816694855193434,100
2026-01-24 03:05:00+00:00,1.0816694855193434,1.0821721616446291,1.0814418397118102,1.081944515837096,100
2026-01-24 03:10:00+00:00,1.081944515837096,1.082027426274705,1.0819116292389093,1.0819945396765183,100
2026-01-24 03:15:00+00:00,1.0819945396765183,1.0825163513165277,1.0817213642836383,1.0822431759236477,100
2026-01-24 03:20:00+00:00,1.0822431759236477,1.0829071490907518,1.0819648571576308,1.082628830324735,100
2026-01-24 03:25:00+00:00,1.082628830324735,1.082972370123924,1.0825873921341602,1.0829309319333493,100
2026-01-24 03:30:00+00:00,1.0829309319333493,1.0829575103528466,1.082098849090655,1.0821254275101522,100
2026-01-24 03:35:00+00:00,1.0821254275101522,1.0822989681001238,1.0817899438708203,1.081963484460792,100
2026-01-24 03:40:00+00:00,1.081963484460792,1.0820587488621853,1.0817652177722705,1.081860482173664,100
2026-01-24 03:45:00+00:00,1.081860482173664,1.0821262658311794,1.0818455419895776,1.0821113256470931,100
2026-01-24 03:50:00+00:00,1.0821113256470931,1.0831361478738697,1.081849346970766,1.0828741691975425,100
2026-01-24 03:55:00+00:00,1.0828741691975425,1.083023592845834,1.0826184545478126,1.082767878196104,100
2026-01-24 04:00:00+00:00,1.082767878196104,1.0830025471420814,1.0827444612736759,1.0829791302196532,100
2026-01-24 04:05:00+00:00,1.0829791302196532,1.0830351849240007,1.0825983067989768,1.0826543615033244,100
2026-01-24 04:10:00+00:00,1.0826543615033244,1.0826893486893279,1.0825819818647167,1.0826169690507201,100
2026-01-24 04:15:00+00:00,1.0826169690507201,1.082911745895314,1.082008201809165,1.0823029786537588,100
2026-01-24 04:20:00+00:00,1.0823029786537588,1.0824552461674972,1.0815515760545609,1.0817038435682993,100
2026-01-24 04:25:00+00:00,1.0817038435682993,1.0819965490116927,1.0809161290151457,1.081208834458539,100
2026-01-24 04:30:00+00:00,1.081208834458539,1.0813849750370583,1.0811607396329663,1.0813368802114856,100
2026-01-24 04:35:00+00:00,1.0813368802114856,1.0816034209820662,1.081237320980316,1.0815038617508967,100
2026-01-24 04:40:00+00:00,1.0815038617508967,1.0825999974896703,1.0813641626987414,1.082460298437515,100
2026-01-24 04:45:00+00:00,1.082460298437515,1.082931104708521,1.0821991182477502,1.0826699245187563,100
2026-01-24 04:50:00+00:00,1.0826699245187563,1.0827738641145852,1.082403907490013,1.0825078470858418,100
2026-01-24 04:55:00+00:00,1.0825078470858418,1.0826465981030502,1.0822310778563762,1.0823698288735846,100
2026-01-24 05:00:00+00:00,1.0823698288735846,1.0828322047562822,1.08235513842432,1.0828175143070176,100
2026-01-24 05:05:00+00:00,1.0828175143070176,1.0829324651809547,1.0825809945067084,1.0826959453806455,100
2026-01-24 05:10:00+00:00,1.0826959453806455,1.0829032943234034,1.0826366466000936,1.0828439955428515,100
2026-01-24 05:15:00+00:00,1.0828439955428515,1.0839075252954204,1.0827739210086127,1.0838374507611817,100
2026-01-24 05:20:00+00:00,1.0838374507611817,1.0843371291912385,1.083712270213652,1.0842119486437087,100
2026-01-24 05:25:00+00:00,1.0842119486437087,1.0842802677983816,1.0835637377662677,1.0836320569209406,100
2026-01-24 05:30:00+00:00,1.0836320569209406,1.0837616641598595,1.0829603636674103,1.0830899709063293,100
2026-01-24 05:35:00+00:00,1.0830899709063293,1.0832751139868186,1.082320726149518,1.0825058692300074,100
2026-01-24 05:40:00+00:00,1.0825058692300074,1.0826006271880932,1.0824428825933765,1.0825376405514624,100
2026-01-24 05:45:00+00:00,1.0825376405514624,1.082878343273183,1.082388368664499,1.0827290713862197,100
2026-01-24 05:50:00+00:00,1.0827290713862197,1.0828059770161842,1.0824066785127768,1.0824835841427414,100
2026-01-24 05:55:00+00:00,1.0824835841427414,1.082569295306286,1.0822466646225137,1.0823323757860583,100
2026-01-24 06:00:00+00:00,1.0823323757860583,1.083031260268224,1.0822212015278556,1.0829200860100212,100
2026-01-24 06:05:00+00:00,1.0829200860100212,1.0841740092335612,1.0827258145573921,1.0839797377809322,100
2026-01-24 06:10:00+00:00,1.0839797377809322,1.0842894819455708,1.0837878701726402,1.084097614337279,100
2026-01-24 06:15:00+00:00,1.084097614337279,1.0840976474403283,1.0840974003189792,1.0840974334220286,100
2026-01-24 06:20:00+00:00,1.0840974334220286,1.084242520915324,1.0837672591914382,1.0839123466847336,100
2026-01-24 06:25:00+00:00,1.0839123466847336,1.0840861587115322,1.0835752031390602,1.0837490151658589,100
2026-01-24 06:30:00+00:00,1.0837490151658589,1.0839664348440767,1.08373563007342,1.0839530497516379,100
2026-01-24 06:35:00+00:00,1.0839530497516379,1.0847891005551356,1.0836568764801682,1.0844929272836659,100
2026-01-24 06:40:00+00:00,1.0844929272836659,1.0852381081956817,1.0842931716760884,1.0850383525881042,100
2026-01-24 06:45:00+00:00,1.0850383525881042,1.0850888618432672,1.084629774283659,1.084680283538822,100
2026-01-24 06:50:00+00:00,1.084680283538822,1.0852976779022814,1.0846051934891119,1.0852225878525712,100
2026-01-24 06:55:00+00:00,1.0852225878525712,1.085284399973061,1.08473298857905,1.0847948006995398,100
2026-01-24 07:00:00+00:00,1.0847948006995398,1.0854740998319208,1.0847832017831947,1.0854625009155756,100
2026-01-24 07:05:00+00:00,1.0854625009155756,1.0856649369447224,1.0851561410425956,1.0853585770717424,100
2026-01-24 07:10:00+00:00,1.0853585770717424,1.0859345684286865,1.085118442715856,1.0856944340728,100
2026-01-24 07:15:00+00:00,1.0856944340728,1.0857267164563915,1.0856022315215492,1.0856345139051407,100
2026-01-24 07:20:00+00:00,1.0856345139051407,1.0857989541524256,1.0854465993008635,1.0856110395481484,100
2026-01-24 07:25:00+00:00,1.0856110395481484,1.0856566980082127,1.0848936600140267,1.084939318474091,100
2026-01-24 07:30:00+00:00,1.084939318474091,1.0850491987051212,1.0838263848617604,1.0839362650927906,100
2026-01-24 07:35:00+00:00,1.0839362650927906,1.0841013922068947,1.0838713948837213,1.0840365219978254,100
2026-01-24 07:40:00+00:00,1.0840365219978254,1.0843479786866308,1.0837386624563845,1.08405011914519,100
2026-01-24 07:45:00+00:00,1.08405011914519,1.0842975950976586,1.083893560386447,1.0841410363389157,100
2026-01-24 07:50:00+00:00,1.0841410363389157,1.0843064552309316,1.0839633533199309,1.0841287722119468,100
2026-01-24 07:55:00+00:00,1.0841287722119468,1.0841975060126499,1.0832553930038167,1.0833241268045197,100
2026-01-24 08:00:00+00:00,1.0833241268045197,1.0837656568573895,1.083066783739259,1.0835083137921286,100
2026-01-24 08:05:00+00:00,1.0835083137921286,1.0844494275344743,1.0834089396653923,1.084350053407738,100
2026-01-24 08:10:00+00:00,1.084350053407738,1.0850400779083802,1.0843387210658118,1.085028745566454,100
2026-01-24 08:15:00+00:00,1.085028745566454,1.0854118725289488,1.0848068119594758,1.0851899389219706,100
2026-01-24 08:20:00+00:00,1.0851899389219706,1.085476171823662,1.08514767294774,1.0854339058494316,100
2026-01-24 08:25:00+00:00,1.0854339058494316,1.0858778913064304,1.085346772440861,1.0857907578978598,100
2026-01-24 08:30:00+00:00,1.0857907578978598,1.0859167255610258,1.0853844436403441,1.0855104113035101,100
2026-01-24 08:35:00+00:00,1.0855104113035101,1.086148094948238,1.0853701068947292,1.0860077905394572,100
2026-01-24 08:40:00+00:00,1.0860077905394572,1.0864028895480895,1.0859348930709278,1.0863299920795602,100
2026-01-24 08:45:00+00:00,1.0863299920795602,1.0864575620592167,1.085949791454457,1.0860773614341135,100
2026-01-24 08:50:00+00:00,1.0860773614341135,1.086735939490727,1.0858883090786735,1.086546887135287,100
2026-01-24 08:55:00+00:00,1.086546887135287,1.0867592494359983,1.0863634132118876,1.0865757755125989,100
2026-01-24 09:00:00+00:00,1.0865757755125989,1.0869160860506035,1.0865346543366303,1.086874964874635,100
2026-01-24 09:05:00+00:00,1.086874964874635,1.087784179315308,1.0866016890020176,1.0875109034426906,100
2026-01-24 09:10:00+00:00,1.0875109034426906,1.08754239142466,1.0873821394333758,1.0874136274153452,100
2026-01-24 09:15:00+00:00,1.0874136274153452,1.0875444080197185,1.0871860463782186,1.087316826982592,100
2026-01-24 09:20:00+00:00,1.087316826982592,1.0879367647544815,1.0870423747595275,1.087662312531417,100
2026-01-24 09:25:00+00:00,1.087662312531417,1.087727869919092,1.087570984875941,1.0876365422636158,100
2026-01-24 09:30:00+00:00,1.0876365422636158,1.087910250335426,1.0874876921147847,1.087761400186595,100
2026-01-24 09:35:00+00:00,1.087761400186595,1.0888435181839773,1.0873700309136691,1.0884521489110515,100
2026-01-24 09:40:00+00:00,1.0884521489110515,1.0884523291501393,1.0883308548291653,1.0883310350682531,100
2026-01-24 09:45:00+00:00,1.0883310350682531,1.0885878477444686,1.0881394198994343,1.0883962325756498,100
2026-01-24 09:50:00+00:00,1.0883962325756498,1.0889405598527093,1.0882612311076731,1.0888055583847327,100
2026-01-24 09:55:00+00:00,1.0888055583847327,1.0899847923053896,1.0887582268791027,1.0899374607997596,100
2026-01-24 10:00:00+00:00,1.0899374607997596,1.0900214542113722,1.0898590137736646,1.0899430071852771,100
2026-01-24 10:05:00+00:00,1.0899430071852771,1.0905631032221639,1.0898024699308446,1.0904225659677313,100
2026-01-24 10:10:00+00:00,1.0904225659677313,1.0910720051887446,1.090343753997688,1.0909931932187011,100
2026-01-24 10:15:00+00:00,1.0909931932187011,1.0912828727803534,1.090245207723671,1.0905348872853233,100
2026-01-24 10:20:00+00:00,1.0905348872853233,1.0906652185848875,1.0904138327844575,1.0905441640840217,100
2026-01-24 10:25:00+00:00,1.0905441640840217,1.0915217177045977,1.0904452043352475,1.0914227579558236,100
2026-01-24 10:30:00+00:00,1.0914227579558236,1.0914435380851686,1.0913811824596267,1.0914019625889717,100
2026-01-24 10:35:00+00:00,1.0914019625889717,1.0914249375639835,1.0910125459626174,1.0910355209376292,100
2026-01-24 10:40:00+00:00,1.0910355209376292,1.0917649447277382,1.0909944611487763,1.0917238849388853,100
2026-01-24 10:45:00+00:00,1.0917238849388853,1.0919180514244806,1.0915008151599537,1.091694981645549,100
2026-01-24 10:50:00+00:00,1.091694981645549,1.0918702282147859,1.0913734934005648,1.0915487399698016,100
2026-01-24 10:55:00+00:00,1.0915487399698016,1.0922062676831519,1.0915429658669478,1.092200493580298,100
2026-01-24 11:00:00+00:00,1.092200493580298,1.0923224977994863,1.090939712742435,1.0910617169616232,100
2026-01-24 11:05:00+00:00,1.0910617169616232,1.0917999086695935,1.0910529124211472,1.0917911041291175,100
2026-01-24 11:10:00+00:00,1.0917911041291175,1.0922009064088778,1.0917835397157554,1.0921933419955157,100
2026-01-24 11:15:00+00:00,1.0921933419955157,1.092434188246691,1.0918136970461465,1.0920545432973219,100
2026-01-24 11:20:00+00:00,1.0920545432973219,1.092876765480402,1.0920077827276256,1.0928300049107056,100
2026-01-24 11:25:00+00:00,1.0928300049107056,1.093921723626167,1.0925511869118216,1.093642905627283,100
2026-01-24 11:30:00+00:00,1.093642905627283,1.093726011355702,1.093590258471814,1.093673364200233,100
2026-01-24 11:35:00+00:00,1.093673364200233,1.093713256882252,1.0932002461962718,1.0932401388782909,100
2026-01-24 11:40:00+00:00,1.0932401388782909,1.093293278270317,1.0929056247404771,1.0929587641325034,100
2026-01-24 11:45:00+00:00,1.0929587641325034,1.0930812917923982,1.092313229639126,1.0924357572990209,100
2026-01-24 11:50:00+00:00,1.0924357572990209,1.0933131563926668,1.0921788835316313,1.0930562826252772,100
2026-01-24 11:55:00+00:00,1.0930562826252772,1.0938587331445455,1.0928657317094124,1.0936681822286807,100
2026-01-24 12:00:00+00:00,1.0936681822286807,1.0944527084956344,1.0935538298327616,1.0943383560997153,100
2026-01-24 12:05:00+00:00,1.0943383560997153,1.0944338706101049,1.0942929551342788,1.0943884696446684,100
2026-01-24 12:10:00+00:00,1.0943884696446684,1.0944040507536874,1.0940621587862993,1.0940777398953183,100
2026-01-24 12:15:00+00:00,1.0940777398953183,1.0945727216920194,1.0938414751859367,1.0943364569826377,100
2026-01-24 12:20:00+00:00,1.0943364569826377,1.0956362369970234,1.0943216232258675,1.0956214032402531,100
2026-01-24 12:25:00+00:00,1.0956214032402531,1.096713935887893,1.0955704579879606,1.0966629906356005,100
2026-01-24 12:30:00+00:00,1.0966629906356005,1.0966840847556918,1.0964303064441496,1.096451400564241,100
2026-01-24 12:35:00+00:00,1.096451400564241,1.0965510487545655,1.09617612319974,1.0962757713900646,100
2026-01-24 12:40:00+00:00,1.0962757713900646,1.0969594384208665,1.0962746346137424,1.0969583016445443,100
2026-01-24 12:45:00+00:00,1.0969583016445443,1.097212597498795,1.0962311185918185,1.0964854144460692,100
2026-01-24 12:50:00+00:00,1.0964854144460692,1.096872165707171,1.0964477317312404,1.0968344829923422,100
2026-01-24 12:55:00+00:00,1.0968344829923422,1.0972407782052607,1.0966846144454772,1.0970909096583956,100
2026-01-24 13:00:00+00:00,1.0970909096583956,1.0972483282616807,1.0970777720828486,1.0972351906861337,100
2026-01-24 13:05:00+00:00,1.0972351906861337,1.0978204915526113,1.0972347034184877,1.0978200042849653,100
2026-01-24 13:10:00+00:00,1.0978200042849653,1.0980185264016231,1.0976205232542573,1.0978190453709151,100
2026-01-24 13:15:00+00:00,1.0978190453709151,1.0982727955646958,1.0975824717500233,1.098036221943804,100
2026-01-24 13:20:00+00:00,1.098036221943804,1.0986959010172954,1.0980058293318602,1.0986655084053516,100
2026-01-24 13:25:00+00:00,1.0986655084053516,1.0986915564063284,1.098367600892411,1.0983936488933879,100
2026-01-24 13:30:00+00:00,1.0983936488933879,1.0988704279350447,1.098357884372119,1.0988346634137758,100
2026-01-24 13:35:00+00:00,1.0988346634137758,1.0994912561310255,1.0987554880575179,1.0994120807747676,100
2026-01-24 13:40:00+00:00,1.0994120807747676,1.0995894486332807,1.099089576165505,1.0992669440240181,100
2026-01-24 13:45:00+00:00,1.0992669440240181,1.0997063811862051,1.0991936074562978,1.0996330446184848,100
2026-01-24 13:50:00+00:00,1.0996330446184848,1.1002114751459235,1.0995670587047253,1.100145489232164,100
2026-01-24 13:55:00+00:00,1.100145489232164,1.1005676836423481,1.100135792416466,1.1005579868266502,100
2026-01-24 14:00:00+00:00,1.1005579868266502,1.1012995260360623,1.1004798840818348,1.101221423291247,100
2026-01-24 14:05:00+00:00,1.101221423291247,1.1013237221385914,1.1012018278902258,1.1013041267375703,100
2026-01-24 14:10:00+00:00,1.1013041267375703,1.1015567347482733,1.1010016077491358,1.1012542157598388,100
2026-01-24 14:15:00+00:00,1.1012542157598388,1.1013681020525938,1.1006586847115312,1.1007725710042862,100
2026-01-24 14:20:00+00:00,1.1007725710042862,1.1008439428019936,1.1007457868123744,1.100817158610082,100
2026-01-24 14:25:00+00:00,1.100817158610082,1.1008194110912435,1.1007024886729837,1.1007047411541453,100
2026-01-24 14:30:00+00:00,1.1007047411541453,1.1007653579667467,1.1006699096264894,1.1007305264390908,100
2026-01-24 14:35:00+00:00,1.1007305264390908,1.1011941205057623,1.1007096261968963,1.1011732202635678,100
2026-01-24 14:40:00+00:00,1.1011732202635678,1.1011733797529837,1.1011405881771226,1.1011407476665385,100
2026-01-24 14:45:00+00:00,1.1011407476665385,1.1017640921900527,1.1010712335307664,1.1016945780542806,100
2026-01-24 14:50:00+00:00,1.1016945780542806,1.1020263924670957,1.101585041571226,1.101916855984041,100
2026-01-24 14:55:00+00:00,1.101916855984041,1.102048079494276,1.1018982435551412,1.102029467065376,100
2026-01-24 15:00:00+00:00,1.102029467065376,1.1024132124795583,1.1019828610150428,1.102366606429225,100
2026-01-24 15:05:00+00:00,1.102366606429225,1.102994952794978,1.1020017589475337,1.1026301053132868,100
2026-01-24 15:10:00+00:00,1.1026301053132868,1.103063466117592,1.1025086523886447,1.10294201319295,100
2026-01-24 15:15:00+00:00,1.10294201319295,1.1037647494458513,1.102810699524011,1.1036334357769124,100
2026-01-24 15:20:00+00:00,1.1036334357769124,1.104077810969642,1.1035759543954122,1.104020329588142,100
2026-01-24 15:25:00+00:00,1.104020329588142,1.1042275181616124,1.1036901845569211,1.1038973731303916,100
2026-01-24 15:30:00+00:00,1.1038973731303916,1.1039541365733418,1.1026160594379715,1.1026728228809217,100
2026-01-24 15:35:00+00:00,1.1026728228809217,1.1032081561518117,1.1024041495151229,1.1029394827860128,100
2026-01-24 15:40:00+00:00,1.1029394827860128,1.103568818898665,1.1029338555116202,1.1035631916242723,100
2026-01-24 15:45:00+00:00,1.1035631916242723,1.1037104967007048,1.1034977112206104,1.1036450162970428,100
2026-01-24 15:50:00+00:00,1.1036450162970428,1.1036637784155285,1.1034505737897562,1.103469335908242,100
2026-01-24 15:55:00+00:00,1.103469335908242,1.1037012703837061,1.103078491865633,1.103310426341097,100
2026-01-24 16:00:00+00:00,1.103310426341097,1.1035262127072196,1.103047680855238,1.1032634672213606,100
2026-01-24 16:05:00+00:00,1.1032634672213606,1.1038445031358968,1.1032227175620328,1.103803753476569,100
2026-01-24 16:10:00+00:00,1.103803753476569,1.1043532854257911,1.1036898969933833,1.1042394289426054,100
2026-01-24 16:15:00+00:00,1.1042394289426054,1.1044264814556406,1.1038402778472136,1.1040273303602488,100
2026-01-24 16:20:00+00:00,1.1040273303602488,1.104028540664787,1.1037541815633114,1.1037553918678495,100
2026-01-24 16:25:00+00:00,1.1037553918678495,1.1037574609177474,1.103611616098066,1.1036136851479639,100
2026-01-24 16:30:00+00:00,1.1036136851479639,1.1037749778351358,1.1032173290731764,1.1033786217603483,100
2026-01-24 16:35:00+00:00,1.1033786217603483,1.1037141478755739,1.1032807881753521,1.1036163142905777,100
2026-01-24 16:40:00+00:00,1.1036163142905777,1.104024148568868,1.1036076808725066,1.1040155151507969,100
2026-01-24 16:45:00+00:00,1.1040155151507969,1.104351465831642,1.1038474580464925,1.1041834087273377,100
2026-01-24 16:50:00+00:00,1.1041834087273377,1.1043013559955641,1.103704025698236,1.1038219729664625,100
2026-01-24 16:55:00+00:00,1.1038219729664625,1.10413002777666,1.1037992499680218,1.1041073047782193,100
2026-01-24 17:00:00+00:00,1.1041073047782193,1.1041607993926146,1.1036549616633586,1.103708456277754,100
2026-01-24 17:05:00+00:00,1.103708456277754,1.104170348079369,1.1036574824545065,1.1041193742561215,100
2026-01-24 17:10:00+00:00,1.1041193742561215,1.1044987862619928,1.1038326496538913,1.1042120616597626,100
2026-01-24 17:15:00+00:00,1.1042120616597626,1.1042174731956529,1.1035993262215196,1.1036047377574099,100
2026-01-24 17:20:00+00:00,1.1036047377574099,1.1038581830267669,1.103390795647575,1.103644240916932,100
2026-01-24 17:25:00+00:00,1.103644240916932,1.1039808301828533,1.1031670109564529,1.1035036002223741,100
2026-01-24 17:30:00+00:00,1.1035036002223741,1.1044831440583303,1.1032699729141822,1.1042495167501383,100
2026-01-24 17:35:00+00:00,1.1042495167501383,1.104270787302699,1.1036327462494278,1.1036540168019884,100
2026-01-24 17:40:00+00:00,1.1036540168019884,1.1037127287118484,1.1034272442754365,1.1034859561852965,100
2026-01-24 17:45:00+00:00,1.1034859561852965,1.1037534237838982,1.1027260187318422,1.1029934863304438,100
2026-01-24 17:50:00+00:00,1.1029934863304438,1.1035182934462227,1.1028479019877806,1.1033727091035594,100
2026-01-24 17:55:00+00:00,1.1033727091035594,1.103868559898255,1.1028219177534413,1.1033177685481368,100
2026-01-24 18:00:00+00:00,1.1033177685481368,1.1039123649565235,1.1032553545994417,1.1038499510078283,100
2026-01-24 18:05:00+00:00,1.1038499510078283,1.1041447887326332,1.103728865040578,1.104023702765383,100
2026-01-24 18:10:00+00:00,1.104023702765383,1.1041159340001396,1.1037378046713744,1.103830035906131,100
2026-01-24 18:15:00+00:00,1.103830035906131,1.1046779523776182,1.103646335901699,1.1044942523731862,100
2026-01-24 18:20:00+00:00,1.1044942523731862,1.104669071206746,1.1042876947098057,1.1044625135433654,100
2026-01-24 18:25:00+00:00,1.1044625135433654,1.1049956619916892,1.1043538853322443,1.104887033780568,100
2026-01-24 18:30:00+00:00,1.104887033780568,1.1050753112898397,1.1044581182112199,1.1046463957204915,100
2026-01-24 18:35:00+00:00,1.1046463957204915,1.1047127864811226,1.1042380266773124,1.1043044174379435,100
2026-01-24 18:40:00+00:00,1.1043044174379435,1.104783359694453,1.1039710117893304,1.10444995404584,100
2026-01-24 18:45:00+00:00,1.10444995404584,1.1044553870334206,1.1044171911017193,1.1044226240893,100
2026-01-24 18:50:00+00:00,1.1044226240893,1.1044642468943688,1.1041209174222708,1.1041625402273396,100
2026-01-24 18:55:00+00:00,1.1041625402273396,1.104191774537106,1.1035480837679765,1.1035773180777428,100
2026-01-24 19:00:00+00:00,1.1035773180777428,1.1042049179529232,1.1034376835256952,1.1040652834008755,100
2026-01-24 19:05:00+00:00,1.1040652834008755,1.104176720179383,1.1039059276180156,1.1040173643965232,100
2026-01-24 19:10:00+00:00,1.1040173643965232,1.10411650911829,1.1034238835794994,1.1035230283012663,100
2026-01-24 19:15:00+00:00,1.1035230283012663,1.103911432786178,1.102796572712441,1.1031849771973528,100
2026-01-24 19:20:00+00:00,1.1031849771973528,1.1033158012641957,1.103144587633045,1.103275411699888,100
2026-01-24 19:25:00+00:00,1.103275411699888,1.1035175614432002,1.1028414219605995,1.1030835717039118,100
2026-01-24 19:30:00+00:00,1.1030835717039118,1.103720625570561,1.1029340779670518,1.103571131833701,100
2026-01-24 19:35:00+00:00,1.103571131833701,1.1043877733523537,1.103218989686639,1.1040356312052917,100
2026-01-24 19:40:00+00:00,1.1040356312052917,1.1044965712343966,1.103985155238053,1.104446095267158,100
2026-01-24 19:45:00+00:00,1.104446095267158,1.1045578375278091,1.1040986724345723,1.1042104146952234,100
2026-01-24 19:50:00+00:00,1.1042104146952234,1.1045991236549004,1.104005628357442,1.104394337317119,100
2026-01-24 19:55:00+00:00,1.104394337317119,1.1052782028087813,1.1041758575929792,1.1050597230846415,100
2026-01-24 20:00:00+00:00,1.1050597230846415,1.105988505837962,1.1047515991372345,1.105680381890555,100
2026-01-24 20:05:00+00:00,1.105680381890555,1.106206890590847,1.105671912176934,1.1061984208772262,100
2026-01-24 20:10:00+00:00,1.1061984208772262,1.1062133118788215,1.1058557250768701,1.1058706160784655,100
2026-01-24 20:15:00+00:00,1.1058706160784655,1.1059649852081497,1.105443502215368,1.105537871345052,100
2026-01-24 20:20:00+00:00,1.105537871345052,1.1056206134447248,1.1055130425153066,1.1055957846149793,100
2026-01-24 20:25:00+00:00,1.1055957846149793,1.1058738792959604,1.1054673582615715,1.1057454529425526,100
2026-01-24 20:30:00+00:00,1.1057454529425526,1.106254257596691,1.1057389089953062,1.1062477136494446,100
2026-01-24 20:35:00+00:00,1.1062477136494446,1.1064046506545306,1.1062333463196272,1.1063902833247132,100
2026-01-24 20:40:00+00:00,1.1063902833247132,1.1069194768729564,1.1063371333805396,1.1068663269287828,100
2026-01-24 20:45:00+00:00,1.1068663269287828,1.1069949047938366,1.1062504542333658,1.1063790320984195,100
2026-01-24 20:50:00+00:00,1.1063790320984195,1.106433913738885,1.1061114740164562,1.1061663556569217,100
2026-01-24 20:55:00+00:00,1.1061663556569217,1.1065711150006274,1.1061249707546859,1.1065297300983916,100
2026-01-24 21:00:00+00:00,1.1065297300983916,1.106793949265854,1.106451623565819,1.1067158427332815,100
2026-01-24 21:05:00+00:00,1.1067158427332815,1.107080404945209,1.106670163115598,1.1070347253275254,100
2026-01-24 21:10:00+00:00,1.1070347253275254,1.107248474251727,1.1064176087123807,1.1066313576365823,100
2026-01-24 21:15:00+00:00,1.1066313576365823,1.1074472456142115,1.1065797915970992,1.1073956795747284,100
2026-01-24 21:20:00+00:00,1.1073956795747284,1.1075439022776952,1.1070209175717507,1.1071691402747175,100
2026-01-24 21:25:00+00:00,1.1071691402747175,1.1072514213021798,1.1069427163567604,1.1070249973842228,100
2026-01-24 21:30:00+00:00,1.1070249973842228,1.1071139068363014,1.1068097036548366,1.1068986131069152,100
2026-01-24 21:35:00+00:00,1.1068986131069152,1.1075457465293659,1.1068491665084765,1.1074962999309272,100
2026-01-24 21:40:00+00:00,1.1074962999309272,1.1076167930854055,1.107164080962842,1.1072845741173203,100
2026-01-24 21:45:00+00:00,1.1072845741173203,1.1075330377080526,1.106383000860397,1.1066314644511293,100
2026-01-24 21:50:00+00:00,1.1066314644511293,1.1068758184881322,1.1065775504788,1.106821904515803,100
2026-01-24 21:55:00+00:00,1.106821904515803,1.1070339580894675,1.1063523153162242,1.1065643688898887,100
2026-01-24 22:00:00+00:00,1.1065643688898887,1.1066925965233132,1.1061934649746792,1.1063216926081036,100
2026-01-24 22:05:00+00:00,1.1063216926081036,1.10643634680634,1.1059124845020374,1.1060271387002738,100
2026-01-24 22:10:00+00:00,1.1060271387002738,1.1060467895183066,1.1055091918267355,1.1055288426447683,100
2026-01-24 22:15:00+00:00,1.1055288426447683,1.1056509567157553,1.1051431119066029,1.10526522597759,100
2026-01-24 22:20:00+00:00,1.10526522597759,1.1055794202686064,1.1044753069628077,1.1047895012538242,100
2026-01-24 22:25:00+00:00,1.1047895012538242,1.1051017065278155,1.1046402148747336,1.1049524201487249,100
2026-01-24 22:30:00+00:00,1.1049524201487249,1.1050509348608812,1.1047786674672269,1.1048771821793832,100
2026-01-24 22:35:00+00:00,1.1048771821793832,1.1052376663043795,1.1048464615415143,1.1052069456665106,100
2026-01-24 22:40:00+00:00,1.1052069456665106,1.1053149297970524,1.1050887613655784,1.1051967454961202,100
2026-01-24 22:45:00+00:00,1.1051967454961202,1.105671193132277,1.1051073209653761,1.1055817686015328,100
2026-01-24 22:50:00+00:00,1.1055817686015328,1.105593107407088,1.1053485675244863,1.1053599063300414,100
2026-01-24 22:55:00+00:00,1.1053599063300414,1.1061910401343893,1.1052090923421631,1.106040226146511,100
2026-01-24 23:00:00+00:00,1.106040226146511,1.1068915494844735,1.1058393886046598,1.1066907119426224,100
2026-01-24 23:05:00+00:00,1.1066907119426224,1.1067826311461983,1.1063627454481801,1.1064546646517561,100
2026-01-24 23:10:00+00:00,1.1064546646517561,1.1077651469677874,1.1063519492333893,1.1076624315494206,100
2026-01-24 23:15:00+00:00,1.1076624315494206,1.1086905431444618,1.1073257138926602,1.1083538254877014,100
2026-01-24 23:20:00+00:00,1.1083538254877014,1.108956092257033,1.1081628069398763,1.1087650737092078,100
2026-01-24 23:25:00+00:00,1.1087650737092078,1.1098280844795239,1.1085598149351366,1.1096228257054526,100
2026-01-24 23:30:00+00:00,1.1096228257054526,1.1105490095299786,1.109331747863758,1.1102579316882841,100
2026-01-24 23:35:00+00:00,1.1102579316882841,1.110625019893203,1.1102103849214477,1.1105774731263667,100
2026-01-24 23:40:00+00:00,1.1105774731263667,1.1105882694860512,1.1104916673634597,1.1105024637231442,100
2026-01-24 23:45:00+00:00,1.1105024637231442,1.1113563880727895,1.1102921608294583,1.1111460851791035,100
2026-01-24 23:50:00+00:00,1.1111460851791035,1.1113828160519126,1.1110840705569023,1.1113208014297113,100
2026-01-24 23:55:00+00:00,1.1113208014297113,1.111542340459333,1.1111863955533252,1.1114079345829468,100
2026-01-25 00:00:00+00:00,1.1114079345829468,1.1116327525653142,1.1110435953155704,1.1112684132979378,100
2026-01-25 00:05:00+00:00,1.1112684132979378,1.1114359414598907,1.1108233296234609,1.1109908577854137,100
2026-01-25 00:10:00+00:00,1.1109908577854137,1.1113233048316427,1.1108494664600095,1.1111819135062384,100
2026-01-25 00:15:00+00:00,1.1111819135062384,1.111641912074119,1.1110821805137914,1.111542179081672,100
2026-01-25 00:20:00+00:00,1.111542179081672,1.1124783320437732,1.111334793487857,1.1122709464499583,100
2026-01-25 00:25:00+00:00,1.1122709464499583,1.1123498045053124,1.111948355625851,1.112027213681205,100
2026-01-25 00:30:00+00:00,1.112027213681205,1.1124228966705112,1.111975675874361,1.1123713588636672,100
2026-01-25 00:35:00+00:00,1.1123713588636672,1.1127230388059914,1.1116944172015244,1.1120460971438486,100
2026-01-25 00:40:00+00:00,1.1120460971438486,1.1121131352748077,1.1120453163473376,1.1121123544782967,100
2026-01-25 00:45:00+00:00,1.1121123544782967,1.1129078037717226,1.1120300121449684,1.1128254614383943,100
2026-01-25 00:50:00+00:00,1.1128254614383943,1.1128655020062914,1.1127570639286768,1.1127971044965739,100
2026-01-25 00:55:00+00:00,1.1127971044965739,1.1131396994305405,1.112716655695876,1.1130592506298427,100
2026-01-25 01:00:00+00:00,1.1130592506298427,1.1136777214493603,1.112972332977533,1.1135908037970506,100
2026-01-25 01:05:00+00:00,1.1135908037970506,1.1138191679610066,1.1134849110553247,1.1137132752192807,100
2026-01-25 01:10:00+00:00,1.1137132752192807,1.11445081044289,1.1137028925040444,1.1144404277276538,100
2026-01-25 01:15:00+00:00,1.1144404277276538,1.1153580819568063,1.1143890608043419,1.1153067150334943,100
2026-01-25 01:20:00+00:00,1.1153067150334943,1.1158777474326391,1.1152612875114494,1.1158323199105942,100
2026-01-25 01:25:00+00:00,1.1158323199105942,1.1168493328110325,1.1155791632139644,1.1165961761144028,100
2026-01-25 01:30:00+00:00,1.1165961761144028,1.1172792657914872,1.1164151855719089,1.1170982752489933,100
2026-01-25 01:35:00+00:00,1.1170982752489933,1.117519230405775,1.1170430362401214,1.1174639913969031,100
2026-01-25 01:40:00+00:00,1.1174639913969031,1.118324100187446,1.1173318180477378,1.1181919268382807,100
2026-01-25 01:45:00+00:00,1.1181919268382807,1.1182306608675114,1.1179861609818476,1.1180248950110783,100
2026-01-25 01:50:00+00:00,1.1180248950110783,1.1188968660648009,1.1180091088868673,1.11888107994059,100
2026-01-25 01:55:00+00:00,1.11888107994059,1.1188945143002826,1.1184832765814197,1.1184967109411124,100
2026-01-25 02:00:00+00:00,1.1184967109411124,1.1188849919599484,1.1182450560416943,1.1186333370605304,100
2026-01-25 02:05:00+00:00,1.1186333370605304,1.1189061599320913,1.1177543894826405,1.1180272123542014,100
2026-01-25 02:10:00+00:00,1.1180272123542014,1.118224516000747,1.1179915166283354,1.1181888202748809,100
2026-01-25 02:15:00+00:00,1.1181888202748809,1.1183866121605788,1.117618690234078,1.1178164821197758,100
2026-01-25 02:20:00+00:00,1.1178164821197758,1.1187906968252803,1.1177020963079274,1.118676311013432,100
2026-01-25 02:25:00+00:00,1.118676311013432,1.1191147998693385,1.118353162473663,1.1187916513295695,100
2026-01-25 02:30:00+00:00,1.1187916513295695,1.1188694460179238,1.1186492233469523,1.1187270180353066,100
2026-01-25 02:35:00+00:00,1.1187270180353066,1.1190820723354273,1.118604829819445,1.1189598841195658,100
2026-01-25 02:40:00+00:00,1.1189598841195658,1.119092004833828,1.1189304382246685,1.1190625589389307,100
2026-01-25 02:45:00+00:00,1.1190625589389307,1.119214368838566,1.1190501164625546,1.11920192636219,100
2026-01-25 02:50:00+00:00,1.11920192636219,1.1194128957846137,1.1182555219143162,1.11846649133674,100
2026-01-25 02:55:00+00:00,1.11846649133674,1.1194484701836371,1.1180542665531352,1.1190362454000324,100
2026-01-25 03:00:00+00:00,1.1190362454000324,1.1195634289772656,1.1189925748275005,1.1195197584047336,100
2026-01-25 03:05:00+00:00,1.1195197584047336,1.1198037604666813,1.1184343860866903,1.118718388148638,100
2026-01-25 03:10:00+00:00,1.118718388148638,1.1192642954105265,1.1185218379207302,1.1190677451826188,100
2026-01-25 03:15:00+00:00,1.1190677451826188,1.1191610925822224,1.118786437876436,1.1188797852760397,100
2026-01-25 03:20:00+00:00,1.1188797852760397,1.1196795623770692,1.1187146821036236,1.119514459204653,100
2026-01-25 03:25:00+00:00,1.119514459204653,1.1195613170449148,1.1188367715536747,1.1188836293939364,100
2026-01-25 03:30:00+00:00,1.1188836293939364,1.1189655037264987,1.1185993122275792,1.1186811865601416,100
2026-01-25 03:35:00+00:00,1.1186811865601416,1.1187037519280434,1.1182321601820635,1.1182547255499653,100
2026-01-25 03:40:00+00:00,1.1182547255499653,1.118393273328686,1.1181738047849774,1.1183123525636982,100
2026-01-25 03:45:00+00:00,1.1183123525636982,1.118423177382603,1.1179369036491598,1.1180477284680646,100
2026-01-25 03:50:00+00:00,1.1180477284680646,1.118196557437852,1.1173218597967935,1.117470688766581,100
2026-01-25 03:55:00+00:00,1.117470688766581,1.1177376358600202,1.1172667749217204,1.1175337220151595,100
2026-01-25 04:00:00+00:00,1.1175337220151595,1.1178659144314078,1.1174370440136638,1.117769236429912,100
2026-01-25 04:05:00+00:00,1.117769236429912,1.1187345279092549,1.1175726378803426,1.1185379293596853,100
2026-01-25 04:10:00+00:00,1.1185379293596853,1.1190044116757687,1.1183888308252476,1.118855313141331,100
2026-01-25 04:15:00+00:00,1.118855313141331,1.119427215079019,1.118755544458619,1.119327446396307,100
2026-01-25 04:20:00+00:00,1.119327446396307,1.1195456270835025,1.1192086175219715,1.119426798209167,100
2026-01-25 04:25:00+00:00,1.119426798209167,1.1202457551443834,1.1191849619921463,1.1200039189273627,100
2026-01-25 04:30:00+00:00,1.1200039189273627,1.1202778293336226,1.1199277306418334,1.1202016410480933,100
2026-01-25 04:35:00+00:00,1.1202016410480933,1.121028831910172,1.1201441886363788,1.1209713794984575,100
2026-01-25 04:40:00+00:00,1.1209713794984575,1.1210844329758483,1.1206867900024422,1.120799843479833,100
2026-01-25 04:45:00+00:00,1.120799843479833,1.1209749191910363,1.119801170848305,1.1199762465595084,100
2026-01-25 04:50:00+00:00,1.1199762465595084,1.1200345948765529,1.119289679233221,1.1193480275502654,100
2026-01-25 04:55:00+00:00,1.1193480275502654,1.119949392334289,1.119284336182538,1.1198857009665615,100
2026-01-25 05:00:00+00:00,1.1198857009665615,1.120452081243634,1.1195685567785538,1.1201349370556264,100
2026-01-25 05:05:00+00:00,1.1201349370556264,1.1205357450154048,1.119281399065086,1.1196822070248644,100
2026-01-25 05:10:00+00:00,1.1196822070248644,1.1197330249037847,1.1195142655910215,1.1195650834699418,100
2026-01-25 05:15:00+00:00,1.1195650834699418,1.1196574580413248,1.119016104872155,1.119108479443538,100
2026-01-25 05:20:00+00:00,1.119108479443538,1.119234072381351,1.1190876962549903,1.1192132891928033,100
2026-01-25 05:25:00+00:00,1.1192132891928033,1.1202564962811004,1.1190345554328887,1.1200777625211857,100
2026-01-25 05:30:00+00:00,1.1200777625211857,1.120122604351861,1.1198059113313485,1.1198507531620239,100
2026-01-25 05:35:00+00:00,1.1198507531620239,1.1200038668117835,1.119814376837976,1.1199674904877357,100
2026-01-25 05:40:00+00:00,1.1199674904877357,1.1205056262573483,1.119800436105561,1.1203385718751735,100
2026-01-25 05:45:00+00:00,1.1203385718751735,1.1212400287261763,1.1202128368148425,1.1211142936658454,100
2026-01-25 05:50:00+00:00,1.1211142936658454,1.1211540718734787,1.1211122432078346,1.121152021415468,100
2026-01-25 05:55:00+00:00,1.121152021415468,1.1218549825007822,1.1209798776034479,1.121682838688762,100
2026-01-25 06:00:00+00:00,1.121682838688762,1.12289876409421,1.1215523094565598,1.1227682348620078,100
2026-01-25 06:05:00+00:00,1.1227682348620078,1.123332691432224,1.1227318925670704,1.1232963491372865,100
2026-01-25 06:10:00+00:00,1.1232963491372865,1.1233123803588176,1.1228242779921052,1.1228403092136363,100
2026-01-25 06:15:00+00:00,1.1228403092136363,1.122992662332046,1.1227488307959441,1.122901183914354,100
2026-01-25 06:20:00+00:00,1.122901183914354,1.1230272119579299,1.1228843955744943,1.1230104236180702,100
2026-01-25 06:25:00+00:00,1.1230104236180702,1.1237619145065987,1.1227398281960064,1.1234913190845348,100
2026-01-25 06:30:00+00:00,1.1234913190845348,1.123559729789018,1.1230054954519808,1.123073906156464,100
2026-01-25 06:35:00+00:00,1.123073906156464,1.123391050057921,1.1227715008472925,1.1230886447487494,100
2026-01-25 06:40:00+00:00,1.1230886447487494,1.1231031466436874,1.12295422741558,1.122968729310518,100
2026-01-25 06:45:00+00:00,1.122968729310518,1.123166970045103,1.1229475745816773,1.1231458153162623,100
2026-01-25 06:50:00+00:00,1.1231458153162623,1.1234184432621834,1.1230948277941735,1.1233674557400946,100
2026-01-25 06:55:00+00:00,1.1233674557400946,1.1234823089326758,1.1233276600059556,1.1234425131985368,100
2026-01-25 07:00:00+00:00,1.1234425131985368,1.1236658770943826,1.122716648281934,1.1229400121777797,100
2026-01-25 07:05:00+00:00,1.1229400121777797,1.1229789594017658,1.1227041748671593,1.1227431220911455,100
2026-01-25 07:10:00+00:00,1.1227431220911455,1.1234817642096047,1.122695026658945,1.1234336687774042,100
2026-01-25 07:15:00+00:00,1.1234336687774042,1.1245127739170206,1.1232466841882047,1.1243257893278211,100
2026-01-25 07:20:00+00:00,1.1243257893278211,1.124507306487928,1.124182871647537,1.124364388807644,100
2026-01-25 07:25:00+00:00,1.124364388807644,1.1247274884050618,1.124340498384527,1.1247035979819449,100
2026-01-25 07:30:00+00:00,1.1247035979819449,1.1247553949433928,1.1246136381532428,1.1246654351146907,100
2026-01-25 07:35:00+00:00,1.1246654351146907,1.1253923426925942,1.124575075640527,1.1253019832184306,100
2026-01-25 07:40:00+00:00,1.1253019832184306,1.1259834331562975,1.1252107076535893,1.1258921575914562,100
2026-01-25 07:45:00+00:00,1.1258921575914562,1.1262738483158072,1.1258035795917527,1.1261852703161037,100
2026-01-25 07:50:00+00:00,1.1261852703161037,1.12653764875391,1.126123650171983,1.1264760286097892,100
2026-01-25 07:55:00+00:00,1.1264760286097892,1.1266413232807702,1.126443249297498,1.126608543968479,100
2026-01-25 08:00:00+00:00,1.126608543968479,1.1272389928344615,1.1265321073997503,1.1271625562657328,100
2026-01-25 08:05:00+00:00,1.1271625562657328,1.1275050632223205,1.1269162574557745,1.1272587644123622,100
2026-01-25 08:10:00+00:00,1.1272587644123622,1.1273018179022833,1.1270731345549356,1.1271161880448568,100
2026-01-25 08:15:00+00:00,1.1271161880448568,1.1284246527201758,1.1269161828226495,1.1282246474979685,100
2026-01-25 08:20:00+00:00,1.1282246474979685,1.1285953172751582,1.1281486894773765,1.1285193592545661,100
2026-01-25 08:25:00+00:00,1.1285193592545661,1.1287746284312283,1.1282847783005892,1.1285400474772513,100
2026-01-25 08:30:00+00:00,1.1285400474772513,1.1291395688267467,1.1282448075718046,1.1288443289213,100
2026-01-25 08:35:00+00:00,1.1288443289213,1.1294283456738452,1.1287352632148597,1.129319279967405,100
2026-01-25 08:40:00+00:00,1.129319279967405,1.1295575163839107,1.129004936497556,1.1292431729140617,100
2026-01-25 08:45:00+00:00,1.1292431729140617,1.1293908338700105,1.1286286732583326,1.1287763342142814,100
2026-01-25 08:50:00+00:00,1.1287763342142814,1.1289500058973532,1.1280578637187555,1.1282315354018273,100
2026-01-25 08:55:00+00:00,1.1282315354018273,1.12824581344813,1.1276945792527695,1.127708857299072,100
2026-01-25 09:00:00+00:00,1.127708857299072,1.1277123865338652,1.127307030861997,1.12731056009679,100
2026-01-25 09:05:00+00:00,1.12731056009679,1.1275357675690563,1.126464582519864,1.1266897899921302,100
2026-01-25 09:10:00+00:00,1.1266897899921302,1.1269626305462233,1.1263220155426383,1.1265948560967314,100
2026-01-25 09:15:00+00:00,1.1265948560967314,1.1270976825820722,1.1264250715965278,1.1269278980818687,100
2026-01-25 09:20:00+00:00,1.1269278980818687,1.1270930896092957,1.1263265860358773,1.1264917775633043,100
2026-01-25 09:25:00+00:00,1.1264917775633043,1.1273123847584074,1.1263676290313869,1.12718823622649,100
2026-01-25 09:30:00+00:00,1.12718823622649,1.1276066375754752,1.1271272287957834,1.1275456301447686,100
2026-01-25 09:35:00+00:00,1.1275456301447686,1.1277382119161816,1.1263754524400502,1.1265680342114632,100
2026-01-25 09:40:00+00:00,1.1265680342114632,1.1265804730024376,1.1265003654176617,1.126512804208636,100
2026-01-25 09:45:00+00:00,1.126512804208636,1.1265502151065028,1.1263734149823277,1.1264108258801944,100
2026-01-25 09:50:00+00:00,1.1264108258801944,1.126633681483708,1.126322019078484,1.1265448746819975,100
2026-01-25 09:55:00+00:00,1.1265448746819975,1.126653046698217,1.1262616252242512,1.1263697972404707,100
2026-01-25 10:00:00+00:00,1.1263697972404707,1.1265394909038176,1.1260928530184353,1.1262625466817822,100
2026-01-25 10:05:00+00:00,1.1262625466817822,1.1267427604793978,1.1260887284330907,1.1265689422307064,100
2026-01-25 10:10:00+00:00,1.1265689422307064,1.1267349270200449,1.126504427241964,1.1266704120313025,100
2026-01-25 10:15:00+00:00,1.1266704120313025,1.12738435985003,1.1265493879747344,1.1272633357934618,100
2026-01-25 10:20:00+00:00,1.1272633357934618,1.127325739954799,1.127239648378059,1.127302052539396,100
2026-01-25 10:25:00+00:00,1.127302052539396,1.1274025545368054,1.1271839870900144,1.1272844890874238,100
2026-01-25 10:30:00+00:00,1.1272844890874238,1.1278555832517514,1.1270655427117027,1.1276366368760302,100
2026-01-25 10:35:00+00:00,1.1276366368760302,1.1280018117269686,1.127446732052812,1.1278119069037504,100
2026-01-25 10:40:00+00:00,1.1278119069037504,1.1283221371474905,1.1276238560246123,1.1281340862683524,100
2026-01-25 10:45:00+00:00,1.1281340862683524,1.1283141273942103,1.1271386718627805,1.1273187129886384,100
2026-01-25 10:50:00+00:00,1.1273187129886384,1.1274387146971594,1.1270290418219477,1.1271490435304687,100
2026-01-25 10:55:00+00:00,1.1271490435304687,1.1279347242501419,1.1270561538563257,1.1278418345759988,100
2026-01-25 11:00:00+00:00,1.1278418345759988,1.1286164750286392,1.12774775131954,1.1285223917721803,100
2026-01-25 11:05:00+00:00,1.1285223917721803,1.128720055693256,1.1285096573557132,1.1287073212767889,100
2026-01-25 11:10:00+00:00,1.1287073212767889,1.1287672304045155,1.1286572074495484,1.1287171165772751,100
2026-01-25 11:15:00+00:00,1.1287171165772751,1.1287630828139577,1.1286431692892618,1.1286891355259443,100
2026-01-25 11:20:00+00:00,1.1286891355259443,1.1295122043842767,1.128688317966404,1.1295113868247364,100
2026-01-25 11:25:00+00:00,1.1295113868247364,1.1302197682200872,1.1293622868954691,1.13007066829082,100
2026-01-25 11:30:00+00:00,1.13007066829082,1.1301874515052528,1.1296860427333548,1.1298028259477877,100
2026-01-25 11:35:00+00:00,1.1298028259477877,1.1301934175419472,1.1297195289406972,1.1301101205348567,100
2026-01-25 11:40:00+00:00,1.1301101205348567,1.1302280756076264,1.129959531319075,1.1300774863918446,100
2026-01-25 11:45:00+00:00,1.1300774863918446,1.1303790352305385,1.129489513464724,1.129791062303418,100
2026-01-25 11:50:00+00:00,1.129791062303418,1.1298370301066247,1.1297248545839338,1.1297708223871405,100
2026-01-25 11:55:00+00:00,1.1297708223871405,1.1299902026542978,1.1284191659978338,1.128638546264991,100
2026-01-25 12:00:00+00:00,1.128638546264991,1.1286576405909445,1.1282495574555906,1.1282686517815441,100
2026-01-25 12:05:00+00:00,1.1282686517815441,1.1282966551892735,1.1281086985024336,1.128136701910163,100
2026-01-25 12:10:00+00:00,1.128136701910163,1.1283327275330077,1.1280934014496646,1.1282894270725095,100
2026-01-25 12:15:00+00:00,1.1282894270725095,1.1283664811467864,1.1282150519915255,1.1282921060658024,100
2026-01-25 12:20:00+00:00,1.1282921060658024,1.1284387603260106,1.1278621151669403,1.1280087694271486,100
2026-01-25 12:25:00+00:00,1.1280087694271486,1.1282691980278876,1.1277664088110195,1.1280268374117586,100
2026-01-25 12:30:00+00:00,1.1280268374117586,1.128182476382038,1.127765069412919,1.1279207083831986,100
2026-01-25 12:35:00+00:00,1.1279207083831986,1.1281265517635752,1.12777149161019,1.1279773349905666,100
2026-01-25 12:40:00+00:00,1.1279773349905666,1.1286288142806102,1.1279163688684233,1.128567848158467,100
2026-01-25 12:45:00+00:00,1.128567848158467,1.1286302593404614,1.128513779003866,1.1285761901858604,100
2026-01-25 12:50:00+00:00,1.1285761901858604,1.1286108427940487,1.1279385811360205,1.1279732337442088,100
2026-01-25 12:55:00+00:00,1.1279732337442088,1.1282771163170335,1.1279034147917726,1.1282072973645974,100
2026-01-25 13:00:00+00:00,1.1282072973645974,1.1282505334930897,1.127537213850668,1.1275804499791604,100
2026-01-25 13:05:00+00:00,1.1275804499791604,1.1280449667639854,1.127382354298728,1.127846871083553,100
2026-01-25 13:10:00+00:00,1.127846871083553,1.1282423829969652,1.1277316818273388,1.128127193740751,100
2026-01-25 13:15:00+00:00,1.128127193740751,1.1283074195384282,1.1274599404139822,1.1276401662116593,100
2026-01-25 13:20:00+00:00,1.1276401662116593,1.12792602483117,1.1275234953497775,1.1278093539692882,100
2026-01-25 13:25:00+00:00,1.1278093539692882,1.1279366239287056,1.1270650472962869,1.1271923172557043,100
2026-01-25 13:30:00+00:00,1.1271923172557043,1.1272887242407108,1.1269430758396901,1.1270394828246966,100
2026-01-25 13:35:00+00:00,1.1270394828246966,1.1272173832424166,1.126889415713032,1.127067316130752,100
2026-01-25 13:40:00+00:00,1.127067316130752,1.1271609676483256,1.127018385639747,1.1271120371573207,100
2026-01-25 13:45:00+00:00,1.1271120371573207,1.1277663243846299,1.1270589746630804,1.1277132618903896,100
2026-01-25 13:50:00+00:00,1.1277132618903896,1.1277986702356273,1.1275512055360994,1.1276366138813372,100
2026-01-25 13:55:00+00:00,1.1276366138813372,1.1277486497836386,1.1274136435055897,1.1275256794078912,100
2026-01-25 14:00:00+00:00,1.1275256794078912,1.127676261425121,1.126708138553701,1.1268587205709308,100
2026-01-25 14:05:00+00:00,1.1268587205709308,1.1270590633304112,1.12681645160124,1.1270167943607203,100
2026-01-25 14:10:00+00:00,1.1270167943607203,1.1276769877596127,1.1268438550858269,1.1275040484847192,100
2026-01-25 14:15:00+00:00,1.1275040484847192,1.1282682226778065,1.1274135991022245,1.1281777732953118,100
2026-01-25 14:20:00+00:00,1.1281777732953118,1.1281886460207906,1.1279683377939904,1.1279792105194693,100
2026-01-25 14:25:00+00:00,1.1279792105194693,1.1284669743328308,1.1277296909105197,1.1282174547238812,100
2026-01-25 14:30:00+00:00,1.1282174547238812,1.1282359771170947,1.1273191277086392,1.1273376501018526,100
2026-01-25 14:35:00+00:00,1.1273376501018526,1.1279433256206886,1.1272879173984802,1.1278935929173162,100
2026-01-25 14:40:00+00:00,1.1278935929173162,1.1283070893084528,1.1276675497933264,1.128081046184463,100
2026-01-25 14:45:00+00:00,1.128081046184463,1.1283287108619444,1.1271583787080057,1.1274060433854871,100
2026-01-25 14:50:00+00:00,1.1274060433854871,1.1279215124750694,1.1270701760128055,1.1275856451023878,100
2026-01-25 14:55:00+00:00,1.1275856451023878,1.12808025982467,1.127497068514994,1.1279916832372763,100
2026-01-25 15:00:00+00:00,1.1279916832372763,1.1280043437195397,1.127277230316647,1.1272898907989104,100
2026-01-25 15:05:00+00:00,1.1272898907989104,1.1273946893754263,1.1272804421585152,1.127385240735031,100
2026-01-25 15:10:00+00:00,1.127385240735031,1.1274761597208338,1.1272115334765045,1.1273024524623072,100
2026-01-25 15:15:00+00:00,1.1273024524623072,1.1275546500566658,1.1267596268492597,1.1270118244436182,100
2026-01-25 15:20:00+00:00,1.1270118244436182,1.127094234599644,1.1267798167341512,1.126862226890177,100
2026-01-25 15:25:00+00:00,1.126862226890177,1.127390924740923,1.126628183063772,1.1271568809145183,100
2026-01-25 15:30:00+00:00,1.1271568809145183,1.1278524411338233,1.1271366024824943,1.1278321627017993,100
2026-01-25 15:35:00+00:00,1.1278321627017993,1.1284843840662773,1.1275885036921875,1.1282407250566655,100
2026-01-25 15:40:00+00:00,1.1282407250566655,1.1284653315435311,1.1275093402850804,1.127733946771946,100
2026-01-25 15:45:00+00:00,1.127733946771946,1.1283518652910578,1.1276081893670429,1.1282261078861546,100
2026-01-25 15:50:00+00:00,1.1282261078861546,1.128309868435565,1.1280904763031159,1.1281742368525263,100
2026-01-25 15:55:00+00:00,1.1281742368525263,1.1283553853183852,1.128150093410117,1.1283312418759759,100
2026-01-25 16:00:00+00:00,1.1283312418759759,1.1283782090774936,1.12777719404843,1.1278241612499478,100
2026-01-25 16:05:00+00:00,1.1278241612499478,1.1286183560215926,1.1276704954133756,1.1284646901850204,100
2026-01-25 16:10:00+00:00,1.1284646901850204,1.1288869943637356,1.1284396778198125,1.1288619819985277,100
2026-01-25 16:15:00+00:00,1.1288619819985277,1.1293062086843852,1.128818580414088,1.1292628070999455,100
2026-01-25 16:20:00+00:00,1.1292628070999455,1.1296220836408446,1.1290992657385797,1.1294585422794787,100
2026-01-25 16:25:00+00:00,1.1294585422794787,1.129461450577901,1.1292360838004876,1.1292389920989099,100
2026-01-25 16:30:00+00:00,1.1292389920989099,1.129720170165309,1.1291656354699224,1.1296468135363216,100
2026-01-25 16:35:00+00:00,1.1296468135363216,1.1299981034715292,1.1296013332452333,1.1299526231804409,100
2026-01-25 16:40:00+00:00,1.1299526231804409,1.1306364800666162,1.1298656398746505,1.1305494967608258,100
2026-01-25 16:45:00+00:00,1.1305494967608258,1.1306986524550338,1.1305072040818067,1.1306563597760146,100
2026-01-25 16:50:00+00:00,1.1306563597760146,1.1307853276412223,1.1302427829072756,1.1303717507724833,100
2026-01-25 16:55:00+00:00,1.1303717507724833,1.1306892141361011,1.1303370302825473,1.130654493646165,100
2026-01-25 17:00:00+00:00,1.130654493646165,1.130855916087161,1.1303734223962763,1.130574844837272,100
2026-01-25 17:05:00+00:00,1.130574844837272,1.130723087566713,1.130532677726403,1.130680920455844,100
2026-01-25 17:10:00+00:00,1.130680920455844,1.1308176401422656,1.1305320450549503,1.130668764741372,100
2026-01-25 17:15:00+00:00,1.130668764741372,1.1307665887022202,1.1303191219117186,1.1304169458725668,100
2026-01-25 17:20:00+00:00,1.1304169458725668,1.1306663049065502,1.1303838177403478,1.1306331767743312,100
2026-01-25 17:25:00+00:00,1.1306331767743312,1.1306944020257002,1.1304798782166832,1.1305411034680521,100
2026-01-25 17:30:00+00:00,1.1305411034680521,1.131091361991459,1.130423190829913,1.13097344935332,100
2026-01-25 17:35:00+00:00,1.13097344935332,1.1310713549351006,1.1309238371443973,1.131021742726178,100
2026-01-25 17:40:00+00:00,1.131021742726178,1.131462791278672,1.1309165126157559,1.13135756116825,100
2026-01-25 17:45:00+00:00,1.13135756116825,1.1315050781318763,1.1312882354236948,1.131435752387321,100
2026-01-25 17:50:00+00:00,1.131435752387321,1.13148086688509,1.131362158045376,1.131407272543145,100
2026-01-25 17:55:00+00:00,1.131407272543145,1.1317858579099453,1.1312270983286483,1.1316056836954487,100
2026-01-25 18:00:00+00:00,1.1316056836954487,1.1316368283517206,1.13136738692266,1.1313985315789319,100
2026-01-25 18:05:00+00:00,1.1313985315789319,1.1317658126865233,1.1312899107990673,1.1316571919066587,100
2026-01-25 18:10:00+00:00,1.1316571919066587,1.131969336823141,1.1315008162348177,1.1318129611513,100
2026-01-25 18:15:00+00:00,1.1318129611513,1.1318541015607864,1.131700322696992,1.1317414631064784,100
2026-01-25 18:20:00+00:00,1.1317414631064784,1.1318256391278572,1.1315905549688976,1.1316747309902764,100
2026-01-25 18:25:00+00:00,1.1316747309902764,1.1323220603898685,1.131520776770521,1.1321681061701132,100
2026-01-25 18:30:00+00:00,1.1321681061701132,1.1322954659456275,1.1321195687111503,1.1322469284866645,100
2026-01-25 18:35:00+00:00,1.1322469284866645,1.1327497803459754,1.132087549892909,1.13259040175222,100
2026-01-25 18:40:00+00:00,1.13259040175222,1.1326111439384436,1.1322592573625254,1.1322799995487491,100
2026-01-25 18:45:00+00:00,1.1322799995487491,1.1323914910815054,1.1316294304046055,1.1317409219373618,100
2026-01-25 18:50:00+00:00,1.1317409219373618,1.1319309955109293,1.1312913387141412,1.1314814122877088,100
2026-01-25 18:55:00+00:00,1.1314814122877088,1.1317969753689203,1.130618135227146,1.1309336983083575,100
2026-01-25 19:00:00+00:00,1.1309336983083575,1.1313303875583842,1.1307443747631707,1.1311410640131974,100
2026-01-25 19:05:00+00:00,1.1311410640131974,1.1314740661271037,1.1310345359429101,1.1313675380568164,100
2026-01-25 19:10:00+00:00,1.1313675380568164,1.1325294983292293,1.1312583776728278,1.1324203379452407,100
2026-01-25 19:15:00+00:00,1.1324203379452407,1.132658188195601,1.131813467870189,1.1320513181205494,100
2026-01-25 19:20:00+00:00,1.1320513181205494,1.1320686932263657,1.1320317092993823,1.1320490844051987,100
2026-01-25 19:25:00+00:00,1.1320490844051987,1.1320574747072107,1.1317702125565146,1.1317786028585266,100
2026-01-25 19:30:00+00:00,1.1317786028585266,1.1318671052692408,1.1316136720184877,1.131702174429202,100
2026-01-25 19:35:00+00:00,1.131702174429202,1.1318323601257254,1.1315772576572032,1.1317074433537266,100
2026-01-25 19:40:00+00:00,1.1317074433537266,1.1320249145306158,1.131703603625467,1.1320210748023563,100
2026-01-25 19:45:00+00:00,1.1320210748023563,1.1322387198622708,1.1319509736326103,1.1321686186925248,100
2026-01-25 19:50:00+00:00,1.1321686186925248,1.1325764538384187,1.1321651766378145,1.1325730117837083,100
2026-01-25 19:55:00+00:00,1.1325730117837083,1.1330552806873886,1.132332928126354,1.1328151970300344,100
2026-01-25 20:00:00+00:00,1.1328151970300344,1.1331758148236795,1.1326417695824564,1.1330023873761015,100
2026-01-25 20:05:00+00:00,1.1330023873761015,1.133091308751538,1.1326621183968293,1.1327510397722658,100
2026-01-25 20:10:00+00:00,1.1327510397722658,1.1332346322381257,1.132707603642019,1.1331911961078789,100
2026-01-25 20:15:00+00:00,1.1331911961078789,1.1342944296655257,1.1329947263579667,1.1340979599156136,100
2026-01-25 20:20:00+00:00,1.1340979599156136,1.134149501936167,1.133882959349689,1.1339345013702424,100
2026-01-25 20:25:00+00:00,1.1339345013702424,1.134071278446569,1.1335181517921105,1.133654928868437,100
2026-01-25 20:30:00+00:00,1.133654928868437,1.1344465206719683,1.1336300007651006,1.1344215925686318,100
2026-01-25 20:35:00+00:00,1.1344215925686318,1.1347663094698712,1.1341404662226084,1.1344851831238478,100
2026-01-25 20:40:00+00:00,1.1344851831238478,1.1352659048780798,1.134482746291723,1.135263468045955,100
2026-01-25 20:45:00+00:00,1.135263468045955,1.1352691279570655,1.1350461879958988,1.1350518479070093,100
2026-01-25 20:50:00+00:00,1.1350518479070093,1.135066568885373,1.1350060797292592,1.1350208007076228,100
2026-01-25 20:55:00+00:00,1.1350208007076228,1.1353156447051824,1.1349161873128435,1.1352110313104031,100
2026-01-25 21:00:00+00:00,1.1352110313104031,1.135409568680463,1.134839897264777,1.135038434634837,100
2026-01-25 21:05:00+00:00,1.135038434634837,1.135039973187105,1.134681790485241,1.1346833290375091,100
2026-01-25 21:10:00+00:00,1.1346833290375091,1.134799715666426,1.1338887165208047,1.1340051031497216,100
2026-01-25 21:15:00+00:00,1.1340051031497216,1.134088749628055,1.132909287939526,1.1329929344178593,100
2026-01-25 21:20:00+00:00,1.1329929344178593,1.133233949301591,1.1324121854450953,1.132653200328827,100
2026-01-25 21:25:00+00:00,1.132653200328827,1.1327550483041717,1.132289567486263,1.1323914154616077,100
2026-01-25 21:30:00+00:00,1.1323914154616077,1.132679915708312,1.1317129222973312,1.1320014225440356,100
2026-01-25 21:35:00+00:00,1.1320014225440356,1.1323896893265917,1.1318608995188078,1.1322491663013639,100
2026-01-25 21:40:00+00:00,1.1322491663013639,1.1324332814845526,1.1314868990574773,1.131671014240666,100
2026-01-25 21:45:00+00:00,1.131671014240666,1.1318970802571637,1.1312209719753843,1.131447037991882,100
2026-01-25 21:50:00+00:00,1.131447037991882,1.1319884443520596,1.1313541730738144,1.131895579433992,100
2026-01-25 21:55:00+00:00,1.131895579433992,1.1325438444423404,1.13160327674775,1.1322515417560983,100
2026-01-25 22:00:00+00:00,1.1322515417560983,1.1323023622187305,1.1316967336687767,1.1317475541314088,100
2026-01-25 22:05:00+00:00,1.1317475541314088,1.132440632284569,1.13168705071665,1.1323801288698103,100
2026-01-25 22:10:00+00:00,1.1323801288698103,1.1325699176980937,1.1321964545229242,1.1323862433512075,100
2026-01-25 22:15:00+00:00,1.1323862433512075,1.1327677161846303,1.1322103310939604,1.1325918039273832,100
2026-01-25 22:20:00+00:00,1.1325918039273832,1.1326900462699039,1.131746177176714,1.1318444195192348,100
2026-01-25 22:25:00+00:00,1.1318444195192348,1.1321794602623516,1.1316301774487558,1.1319652181918727,100
2026-01-25 22:30:00+00:00,1.1319652181918727,1.1326999674112777,1.1318972066858788,1.1326319559052838,100
2026-01-25 22:35:00+00:00,1.1326319559052838,1.1329114894043286,1.132317780483855,1.1325973139828998,100
2026-01-25 22:40:00+00:00,1.1325973139828998,1.1326070405765454,1.1322145937043315,1.1322243202979771,100
2026-01-25 22:45:00+00:00,1.1322243202979771,1.1326899601502953,1.1321285253238593,1.1325941651761775,100
2026-01-25 22:50:00+00:00,1.1325941651761775,1.132752316363049,1.132266474173264,1.1324246253601356,100
2026-01-25 22:55:00+00:00,1.1324246253601356,1.1325802879715299,1.1322848661831562,1.1324405287945505,100
2026-01-25 23:00:00+00:00,1.1324405287945505,1.1330054365232398,1.1324357908325344,1.1330006985612238,100
2026-01-25 23:05:00+00:00,1.1330006985612238,1.13323772205988,1.1328804744981622,1.1331174979968184,100
2026-01-25 23:10:00+00:00,1.1331174979968184,1.1331406571258569,1.1327711900089634,1.132794349138002,100
2026-01-25 23:15:00+00:00,1.132794349138002,1.1332654656464025,1.1326167060854886,1.1330878225938892,100
2026-01-25 23:20:00+00:00,1.1330878225938892,1.133426850890737,1.1328144154710251,1.133153443767873,100
2026-01-25 23:25:00+00:00,1.133153443767873,1.1335945983881153,1.1329622543394433,1.1334034089596856,100
2026-01-25 23:30:00+00:00,1.1334034089596856,1.1335092725026863,1.1332834331060584,1.133389296649059,100
2026-01-25 23:35:00+00:00,1.133389296649059,1.134128789119289,1.1333616747326474,1.1341011672028773,100
2026-01-25 23:40:00+00:00,1.1341011672028773,1.134454042801724,1.1340957909933251,1.1344486665921718,100
2026-01-25 23:45:00+00:00,1.1344486665921718,1.1346779964732723,1.133853622763465,1.1340829526445655,100
2026-01-25 23:50:00+00:00,1.1340829526445655,1.1343847600106025,1.1340310068423483,1.1343328142083853,100
2026-01-25 23:55:00+00:00,1.1343328142083853,1.1345690208578838,1.1341504315564201,1.1343866382059187,100
2026-01-26 00:00:00+00:00,1.1343866382059187,1.1344538804139184,1.1331276624300792,1.133194904638079,100
2026-01-26 00:05:00+00:00,1.133194904638079,1.1337047473975197,1.1329456663418704,1.1334555091013112,100
2026-01-26 00:10:00+00:00,1.1334555091013112,1.1335169526073092,1.13339143072113,1.133452874227128,100
2026-01-26 00:15:00+00:00,1.133452874227128,1.1343280105972273,1.1332971457572707,1.13417228212737,100
2026-01-26 00:20:00+00:00,1.13417228212737,1.1343963867306817,1.1340181429180287,1.1342422475213403,100
2026-01-26 00:25:00+00:00,1.1342422475213403,1.1342574081794987,1.134196822570496,1.1342119832286544,100
2026-01-26 00:30:00+00:00,1.1342119832286544,1.1344499487975117,1.1339875358261458,1.134225501395003,100
2026-01-26 00:35:00+00:00,1.134225501395003,1.134525501004985,1.1341797401377702,1.1344797397477522,100
2026-01-26 00:40:00+00:00,1.1344797397477522,1.1346358359696063,1.1339707118736282,1.1341268080954823,100
2026-01-26 00:45:00+00:00,1.1341268080954823,1.1342125430137966,1.1338250890787454,1.1339108239970597,100
2026-01-26 00:50:00+00:00,1.1339108239970597,1.1345641683991967,1.1338481572024284,1.1345015016045654,100
2026-01-26 00:55:00+00:00,1.1345015016045654,1.1353089665249323,1.1344220928796724,1.1352295578000393,100
2026-01-26 01:00:00+00:00,1.1352295578000393,1.13528770844163,1.1346988253204775,1.1347569759620681,100
2026-01-26 01:05:00+00:00,1.1347569759620681,1.1356940076802295,1.1347125834678273,1.1356496151859887,100
2026-01-26 01:10:00+00:00,1.1356496151859887,1.1365533081496393,1.1354854568268231,1.1363891497904737,100
2026-01-26 01:15:00+00:00,1.1363891497904737,1.1365860409634359,1.1356711813079634,1.1358680724809256,100
2026-01-26 01:20:00+00:00,1.1358680724809256,1.1360251176287306,1.1357984855420145,1.1359555306898195,100
2026-01-26 01:25:00+00:00,1.1359555306898195,1.136786464918948,1.1357095671344914,1.13654050136362,100
2026-01-26 01:30:00+00:00,1.13654050136362,1.136602138226898,1.1361008121857228,1.1361624490490008,100
2026-01-26 01:35:00+00:00,1.1361624490490008,1.1362851877008622,1.1351477688494391,1.1352705075013005,100
2026-01-26 01:40:00+00:00,1.1352705075013005,1.135282639451573,1.1350344660158762,1.1350465979661486,100
2026-01-26 01:45:00+00:00,1.1350465979661486,1.1354895192227128,1.1350286097003945,1.1354715309569587,100
2026-01-26 01:50:00+00:00,1.1354715309569587,1.1363116893327434,1.1352570776331612,1.1360972360089459,100
2026-01-26 01:55:00+00:00,1.1360972360089459,1.1361177006752439,1.1357780805998816,1.1357985452661796,100
2026-01-26 02:00:00+00:00,1.1357985452661796,1.136319913929165,1.1356975507259754,1.136218919388961,100
2026-01-26 02:05:00+00:00,1.136218919388961,1.1362738000271988,1.136168551837557,1.136223432475795,100
2026-01-26 02:10:00+00:00,1.136223432475795,1.1371870276386056,1.1360692462690403,1.137032841431851,100
2026-01-26 02:15:00+00:00,1.137032841431851,1.1370861757253585,1.1367564215571315,1.1368097558506391,100
2026-01-26 02:20:00+00:00,1.1368097558506391,1.1371869599255628,1.1366986720800252,1.1370758761549489,100
2026-01-26 02:25:00+00:00,1.1370758761549489,1.137368096961092,1.1370524051472137,1.1373446259533568,100
2026-01-26 02:30:00+00:00,1.1373446259533568,1.137585642461709,1.1368736358092553,1.1371146523176074,100
2026-01-26 02:35:00+00:00,1.1371146523176074,1.1374527597200041,1.13697690158948,1.1373150089918767,100
2026-01-26 02:40:00+00:00,1.1373150089918767,1.1374822123019073,1.1372388367507105,1.137406040060741,100
2026-01-26 02:45:00+00:00,1.137406040060741,1.1384340057704165,1.137388737279711,1.1384167029893864,100
2026-01-26 02:50:00+00:00,1.1384167029893864,1.1389191499614433,1.13841530892149,1.1389177558935468,100
2026-01-26 02:55:00+00:00,1.1389177558935468,1.1397227203284563,1.1387158554847936,1.139520819919703,100
2026-01-26 03:00:00+00:00,1.139520819919703,1.139608625604337,1.1386710960226305,1.1387589017072643,100
2026-01-26 03:05:00+00:00,1.1387589017072643,1.1389610442677809,1.1381144481492418,1.1383165907097583,100
2026-01-26 03:10:00+00:00,1.1383165907097583,1.1384819336557814,1.1380815663443342,1.1382469092903573,100
2026-01-26 03:15:00+00:00,1.1382469092903573,1.139013994970794,1.1381762102949164,1.1389432959753532,100
2026-01-26 03:20:00+00:00,1.1389432959753532,1.1397786460792623,1.1388742228175335,1.1397095729214426,100
2026-01-26 03:25:00+00:00,1.1397095729214426,1.1399426958473753,1.1396473026222564,1.1398804255481891,100
2026-01-26 03:30:00+00:00,1.1398804255481891,1.1399102088115973,1.1397140255471665,1.1397438088105747,100
2026-01-26 03:35:00+00:00,1.1397438088105747,1.1400404671048738,1.139560549348478,1.139857207642777,100
2026-01-26 03:40:00+00:00,1.139857207642777,1.1400539073549725,1.1395445540890043,1.1397412538011997,100
2026-01-26 03:45:00+00:00,1.1397412538011997,1.1400352956314972,1.1396364405995396,1.139930482429837,100
2026-01-26 03:50:00+00:00,1.139930482429837,1.1401013835825233,1.1394664098786582,1.1396373110313445,100
2026-01-26 03:55:00+00:00,1.1396373110313445,1.139685291133984,1.1392244308048805,1.13927241090752,100
2026-01-26 04:00:00+00:00,1.13927241090752,1.1393308568255973,1.1385472307147038,1.138605676632781,100
2026-01-26 04:05:00+00:00,1.138605676632781,1.138695050805545,1.138393514991141,1.138482889163905,100
2026-01-26 04:10:00+00:00,1.138482889163905,1.138505343858213,1.1384551045625997,1.1384775592569076,100
2026-01-26 04:15:00+00:00,1.1384775592569076,1.1385658724763446,1.138071648104851,1.1381599613242879,100
2026-01-26 04:20:00+00:00,1.1381599613242879,1.1383834959599766,1.1380890058667084,1.138312540502397,100
2026-01-26 04:25:00+00:00,1.138312540502397,1.1385074986633772,1.1382421714296682,1.1384371295906484,100
2026-01-26 04:30:00+00:00,1.1384371295906484,1.1385340607941572,1.1381640466741363,1.1382609778776451,100
2026-01-26 04:35:00+00:00,1.1382609778776451,1.1383632190668165,1.137480263053764,1.1375825042429353,100
2026-01-26 04:40:00+00:00,1.1375825042429353,1.1377016232977404,1.1374733428390316,1.1375924618938367,100
2026-01-26 04:45:00+00:00,1.1375924618938367,1.1377980545359916,1.137552863444805,1.13775845608696,100
2026-01-26 04:50:00+00:00,1.13775845608696,1.1378207989018392,1.1377401134365386,1.1378024562514177,100
2026-01-26 04:55:00+00:00,1.1378024562514177,1.1385514914294241,1.1377637421173343,1.1385127772953407,100
2026-01-26 05:00:00+00:00,1.1385127772953407,1.1388370430362948,1.138482011513356,1.1388062772543102,100
2026-01-26 05:05:00+00:00,1.1388062772543102,1.1391055455049222,1.1387138270178998,1.1390130952685118,100
2026-01-26 05:10:00+00:00,1.1390130952685118,1.139593722008143,1.1387236540475623,1.1393042807871934,100
2026-01-26 05:15:00+00:00,1.1393042807871934,1.1398802123761056,1.1392562435152132,1.1398321751041254,100
2026-01-26 05:20:00+00:00,1.1398321751041254,1.1398910278620529,1.1394218889278311,1.1394807416857586,100
2026-01-26 05:25:00+00:00,1.1394807416857586,1.1395227735338922,1.1390246559804864,1.13906668782862,100
2026-01-26 05:30:00+00:00,1.13906668782862,1.1393640600280543,1.138311117448366,1.1386084896478004,100
2026-01-26 05:35:00+00:00,1.1386084896478004,1.1387934070962547,1.1381292664459663,1.1383141838944206,100
2026-01-26 05:40:00+00:00,1.1383141838944206,1.1384414512067098,1.138123888627016,1.1382511559393051,100
2026-01-26 05:45:00+00:00,1.1382511559393051,1.1385936584814333,1.1370979644372432,1.1374404669793714,100
2026-01-26 05:50:00+00:00,1.1374404669793714,1.1374491085904088,1.1371452246081861,1.1371538662192235,100
2026-01-26 05:55:00+00:00,1.1371538662192235,1.1372403338503771,1.136867923745387,1.1369543913765405,100
2026-01-26 06:00:00+00:00,1.1369543913765405,1.1371442123682145,1.1364465257895981,1.1366363467812721,100
2026-01-26 06:05:00+00:00,1.1366363467812721,1.1367002198162899,1.1363513016741333,1.136415174709151,100
2026-01-26 06:10:00+00:00,1.136415174709151,1.1370734933461097,1.1361705258985124,1.136828844535471,100
2026-01-26 06:15:00+00:00,1.136828844535471,1.1368760879227784,1.1364446236844594,1.1364918670717667,100
2026-01-26 06:20:00+00:00,1.1364918670717667,1.136568243540393,1.1360926850826822,1.1361690615513085,100
2026-01-26 06:25:00+00:00,1.1361690615513085,1.1363702194771286,1.1358713986286686,1.1360725565544887,100
2026-01-26 06:30:00+00:00,1.1360725565544887,1.1366336033986648,1.136049309586388,1.136610356430564,100
2026-01-26 06:35:00+00:00,1.136610356430564,1.1370692539010299,1.1364379925766481,1.136896890047114,100
2026-01-26 06:40:00+00:00,1.136896890047114,1.1372226982548086,1.1368532873937975,1.1371790956014922,100
2026-01-26 06:45:00+00:00,1.1371790956014922,1.1373377952855335,1.1370347333634518,1.137193433047493,100
2026-01-26 06:50:00+00:00,1.137193433047493,1.13777719413237,1.1366527301963658,1.1372364912812427,100
2026-01-26 06:55:00+00:00,1.1372364912812427,1.1377153052636173,1.1370778189779696,1.1375566329603441,100
2026-01-26 07:00:00+00:00,1.1375566329603441,1.1377340181139095,1.1368745059334238,1.1370518910869891,100
2026-01-26 07:05:00+00:00,1.1370518910869891,1.1371009591155592,1.1367770230416498,1.13682609107022,100
2026-01-26 07:10:00+00:00,1.13682609107022,1.1368289700876886,1.1364695513119325,1.1364724303294012,100
2026-01-26 07:15:00+00:00,1.1364724303294012,1.1366437045600204,1.135644723373032,1.1358159976036513,100
2026-01-26 07:20:00+00:00,1.1358159976036513,1.1359016888710796,1.1356909829228459,1.1357766741902742,100
2026-01-26 07:25:00+00:00,1.1357766741902742,1.1360119764113172,1.1353164805842344,1.1355517828052775,100
2026-01-26 07:30:00+00:00,1.1355517828052775,1.1355518398783,1.1350872587897542,1.1350873158627768,100
2026-01-26 07:35:00+00:00,1.1350873158627768,1.135374651699676,1.1346906874821807,1.13497802331908,100
2026-01-26 07:40:00+00:00,1.13497802331908,1.1350738460220586,1.1344545144350948,1.1345503371380734,100
2026-01-26 07:45:00+00:00,1.1345503371380734,1.1347677874236846,1.1343537296553488,1.13457117994096,100
2026-01-26 07:50:00+00:00,1.13457117994096,1.1355513985415406,1.1344474440521328,1.1354276626527136,100
2026-01-26 07:55:00+00:00,1.1354276626527136,1.1355597737933127,1.135410327414843,1.1355424385554422,100
2026-01-26 08:00:00+00:00,1.1355424385554422,1.1362933598713156,1.1354325086717127,1.1361834299875861,100
2026-01-26 08:05:00+00:00,1.1361834299875861,1.1362330106225216,1.1359899263923678,1.1360395070273033,100
2026-01-26 08:10:00+00:00,1.1360395070273033,1.136760201480944,1.1357931683847193,1.13651386283836,100
2026-01-26 08:15:00+00:00,1.13651386283836,1.1366674458911463,1.1359331050576034,1.1360866881103897,100
2026-01-26 08:20:00+00:00,1.1360866881103897,1.1361792361615735,1.1356655207838613,1.135758068835045,100
2026-01-26 08:25:00+00:00,1.135758068835045,1.1366286338257519,1.1356534488878247,1.1365240138785315,100
2026-01-26 08:30:00+00:00,1.1365240138785315,1.1368724849964105,1.1363672294149836,1.1367157005328625,100
2026-01-26 08:35:00+00:00,1.1367157005328625,1.136795428811178,1.1360464317287897,1.136126160007105,100
2026-01-26 08:40:00+00:00,1.136126160007105,1.1364412175380436,1.1360117272224362,1.1363267847533747,100
2026-01-26 08:45:00+00:00,1.1363267847533747,1.1368001046090443,1.136222374586669,1.1366956944423388,100
2026-01-26 08:50:00+00:00,1.1366956944423388,1.1368094666681827,1.1361527748406073,1.1362665470664512,100
2026-01-26 08:55:00+00:00,1.1362665470664512,1.136318176662686,1.1359230133474099,1.1359746429436446,100
2026-01-26 09:00:00+00:00,1.1359746429436446,1.1360069314362577,1.1351149938275893,1.1351472823202025,100
2026-01-26 09:05:00+00:00,1.1351472823202025,1.1353512451811139,1.1346002560873008,1.1348042189482122,100
2026-01-26 09:10:00+00:00,1.1348042189482122,1.1357679753805383,1.1346650395030966,1.1356287959354228,100
2026-01-26 09:15:00+00:00,1.1356287959354228,1.1359041243878512,1.1354633546373547,1.135738683089783,100
2026-01-26 09:20:00+00:00,1.135738683089783,1.136181649314336,1.1356983460108387,1.1361413122353916,100
2026-01-26 09:25:00+00:00,1.1361413122353916,1.1363355462614602,1.1349804895727105,1.135174723598779,100
2026-01-26 09:30:00+00:00,1.135174723598779,1.1354897143925589,1.1345486577308133,1.134863648524593,100
2026-01-26 09:35:00+00:00,1.134863648524593,1.135343709549942,1.1347708755627195,1.1352509365880683,100
2026-01-26 09:40:00+00:00,1.1352509365880683,1.13535810328691,1.1348848602562194,1.134992026955061,100
2026-01-26 09:45:00+00:00,1.134992026955061,1.135241705699687,1.1348013997256652,1.1350510784702912,100
2026-01-26 09:50:00+00:00,1.1350510784702912,1.1352037586559351,1.134942549438966,1.13509522962461,100
2026-01-26 09:55:00+00:00,1.13509522962461,1.1351568608371374,1.1343189865406749,1.1343806177532023,100
2026-01-26 10:00:00+00:00,1.1343806177532023,1.1349702694191324,1.1342076544889896,1.1347973061549197,100
2026-01-26 10:05:00+00:00,1.1347973061549197,1.1350839023341415,1.1346665224763692,1.134953118655591,100
2026-01-26 10:10:00+00:00,1.134953118655591,1.1356552402520086,1.1349382555597418,1.1356403771561594,100
2026-01-26 10:15:00+00:00,1.1356403771561594,1.1361358082863635,1.135418526613667,1.135913957743871,100
2026-01-26 10:20:00+00:00,1.135913957743871,1.137032461885411,1.1357259089930092,1.1368444131345492,100
2026-01-26 10:25:00+00:00,1.1368444131345492,1.1369109340115584,1.1365327909868987,1.136599311863908,100
2026-01-26 10:30:00+00:00,1.136599311863908,1.1373809856690638,1.1363219509313807,1.1371036247365365,100
2026-01-26 10:35:00+00:00,1.1371036247365365,1.1374446367238775,1.1369971364510512,1.1373381484383922,100
2026-01-26 10:40:00+00:00,1.1373381484383922,1.1381491996731232,1.1371283466727609,1.1379393979074919,100
2026-01-26 10:45:00+00:00,1.1379393979074919,1.1381030484304298,1.137423164095103,1.1375868146180408,100
2026-01-26 10:50:00+00:00,1.1375868146180408,1.1379984298106876,1.1375065103698974,1.1379181255625441,100
2026-01-26 10:55:00+00:00,1.1379181255625441,1.1380240220958624,1.137790424227478,1.1378963207607962,100
2026-01-26 11:00:00+00:00,1.1378963207607962,1.13913026891731,1.1378542437590875,1.1390881919156013,100
2026-01-26 11:05:00+00:00,1.1390881919156013,1.139120653248678,1.1389940345940799,1.1390264959271565,100
2026-01-26 11:10:00+00:00,1.1390264959271565,1.13907644681021,1.1383085969012916,1.138358547784345,100
2026-01-26 11:15:00+00:00,1.138358547784345,1.1383800788630445,1.1374216115981675,1.137443142676867,100
2026-01-26 11:20:00+00:00,1.137443142676867,1.137738824416489,1.1362330011774906,1.1365286829171126,100
2026-01-26 11:25:00+00:00,1.1365286829171126,1.1370147808704276,1.1364798678109467,1.1369659657642617,100
2026-01-26 11:30:00+00:00,1.1369659657642617,1.1373866847743503,1.1369638441499976,1.1373845631600863,100
2026-01-26 11:35:00+00:00,1.1373845631600863,1.1382385621172162,1.1372569827928798,1.1381109817500097,100
2026-01-26 11:40:00+00:00,1.1381109817500097,1.1389751382754318,1.1379255769348944,1.1387897334603165,100
2026-01-26 11:45:00+00:00,1.1387897334603165,1.1389390882349988,1.138323393924165,1.1384727486988473,100
2026-01-26 11:50:00+00:00,1.1384727486988473,1.13864591602808,1.138365115577522,1.1385382829067547,100
2026-01-26 11:55:00+00:00,1.1385382829067547,1.1388484515076134,1.1383796791926404,1.138689847793499,100
2026-01-26 12:00:00+00:00,1.138689847793499,1.1389991095341616,1.1382886542309654,1.138597915971628,100
2026-01-26 12:05:00+00:00,1.138597915971628,1.1388316808517784,1.1379955218034794,1.1382292866836299,100
2026-01-26 12:10:00+00:00,1.1382292866836299,1.1384785477506927,1.1381580630104007,1.1384073240774635,100
2026-01-26 12:15:00+00:00,1.1384073240774635,1.1398194505679127,1.1380053529878895,1.1394174794783387,100
2026-01-26 12:20:00+00:00,1.1394174794783387,1.1400707482246129,1.1393977102200923,1.1400509789663664,100
2026-01-26 12:25:00+00:00,1.1400509789663664,1.1401499821169383,1.1394329603729754,1.1395319635235472,100
2026-01-26 12:30:00+00:00,1.1395319635235472,1.1398029674481878,1.1381598604204546,1.138430864345095,100
2026-01-26 12:35:00+00:00,1.138430864345095,1.1387511714789844,1.138423148417869,1.1387434555517584,100
2026-01-26 12:40:00+00:00,1.1387434555517584,1.139415742474304,1.1386619905642996,1.1393342774868453,100
2026-01-26 12:45:00+00:00,1.1393342774868453,1.139641747565036,1.1392731389175013,1.139580608995692,100
2026-01-26 12:50:00+00:00,1.139580608995692,1.1397807650612726,1.1395136866230526,1.1397138426886333,100
2026-01-26 12:55:00+00:00,1.1397138426886333,1.140343787348157,1.1397119069992572,1.1403418516587809,100
2026-01-26 13:00:00+00:00,1.1403418516587809,1.1407190715030748,1.1403141621085402,1.1406913819528341,100
2026-01-26 13:05:00+00:00,1.1406913819528341,1.1409276145916387,1.140556892184748,1.1407931248235526,100
2026-01-26 13:10:00+00:00,1.1407931248235526,1.1413863544461975,1.14072168048123,1.1413149101038749,100
2026-01-26 13:15:00+00:00,1.1413149101038749,1.1414783024889423,1.140434535933082,1.1405979283181495,100
2026-01-26 13:20:00+00:00,1.1405979283181495,1.1409862870250562,1.140496489486811,1.1408848481937177,100
2026-01-26 13:25:00+00:00,1.1408848481937177,1.1413075310088,1.1406283028344377,1.14105098564952,100
2026-01-26 13:30:00+00:00,1.14105098564952,1.1424137625602668,1.1409839107688797,1.1423466876796267,100
2026-01-26 13:35:00+00:00,1.1423466876796267,1.1430465527363922,1.1422152427900687,1.1429151078468343,100
2026-01-26 13:40:00+00:00,1.1429151078468343,1.143006194408883,1.142755519710469,1.1428466062725178,100
2026-01-26 13:45:00+00:00,1.1428466062725178,1.143495404368367,1.1426959108067922,1.1433447089026414,100
2026-01-26 13:50:00+00:00,1.1433447089026414,1.1444333558650386,1.1429534456617607,1.144042092624158,100
2026-01-26 13:55:00+00:00,1.144042092624158,1.1443401173399992,1.1438141611752057,1.144112185891047,100
2026-01-26 14:00:00+00:00,1.144112185891047,1.1446474372385615,1.1439416585463722,1.1444769098938867,100
2026-01-26 14:05:00+00:00,1.1444769098938867,1.1444999374362481,1.1442992556803027,1.144322283222664,100
2026-01-26 14:10:00+00:00,1.144322283222664,1.144566828988602,1.1442341760765908,1.1444787218425287,100
2026-01-26 14:15:00+00:00,1.1444787218425287,1.1446418729440968,1.1441459626364963,1.1443091137380643,100
2026-01-26 14:20:00+00:00,1.1443091137380643,1.1452248041154167,1.1440797739790243,1.1449954643563767,100
2026-01-26 14:25:00+00:00,1.1449954643563767,1.1454817930492007,1.1447451596028069,1.145231488295631,100
2026-01-26 14:30:00+00:00,1.145231488295631,1.145276774301089,1.1451399866597742,1.1451852726652323,100
2026-01-26 14:35:00+00:00,1.1451852726652323,1.1456831670227943,1.1451126525948465,1.1456105469524085,100
2026-01-26 14:40:00+00:00,1.1456105469524085,1.1463188621278362,1.145281522597276,1.1459898377727036,100
2026-01-26 14:45:00+00:00,1.1459898377727036,1.1466446023922419,1.1459841229016412,1.1466388875211795,100
2026-01-26 14:50:00+00:00,1.1466388875211795,1.1472175295540399,1.1465639191056054,1.1471425611384658,100
2026-01-26 14:55:00+00:00,1.1471425611384658,1.1472858703323567,1.1464614952741312,1.1466048044680222,100
2026-01-26 15:00:00+00:00,1.1466048044680222,1.1467239471207267,1.145953140520672,1.1460722831733765,100
2026-01-26 15:05:00+00:00,1.1460722831733765,1.1466243102315692,1.1459453894302316,1.1464974164884243,100
2026-01-26 15:10:00+00:00,1.1464974164884243,1.1472830311100282,1.1464548485192183,1.1472404631408222,100
2026-01-26 15:15:00+00:00,1.1472404631408222,1.1474740510012058,1.1471857713604665,1.1474193592208501,100
2026-01-26 15:20:00+00:00,1.1474193592208501,1.147426273269728,1.1467512360711842,1.146758150120062,100
2026-01-26 15:25:00+00:00,1.146758150120062,1.1469072661407795,1.146128680028885,1.1462777960496024,100
2026-01-26 15:30:00+00:00,1.1462777960496024,1.1463637254173211,1.1461964318256297,1.1462823611933484,100
2026-01-26 15:35:00+00:00,1.1462823611933484,1.1465224091381991,1.1461489346321263,1.146388982576977,100
2026-01-26 15:40:00+00:00,1.146388982576977,1.146445723951804,1.146326818030929,1.1463835594057559,100
2026-01-26 15:45:00+00:00,1.1463835594057559,1.1466585456704659,1.1463832064271302,1.1466581926918402,100
2026-01-26 15:50:00+00:00,1.1466581926918402,1.146890203545662,1.1466386126734793,1.1468706235273012,100
2026-01-26 15:55:00+00:00,1.1468706235273012,1.147038017153328,1.146462194215054,1.1466295878410808,100
2026-01-26 16:00:00+00:00,1.1466295878410808,1.1467662554334284,1.1465945963678081,1.1467312639601557,100
2026-01-26 16:05:00+00:00,1.1467312639601557,1.1470568340741958,1.146579369661311,1.146904939775351,100
2026-01-26 16:10:00+00:00,1.146904939775351,1.1471596736740541,1.1467718581771358,1.147026592075839,100
2026-01-26 16:15:00+00:00,1.147026592075839,1.1471288056116664,1.1466171375663565,1.146719351102184,100
2026-01-26 16:20:00+00:00,1.146719351102184,1.1477378707252097,1.146623144516232,1.1476416641392577,100
2026-01-26 16:25:00+00:00,1.1476416641392577,1.1478556652247769,1.147172943105969,1.1473869441914881,100
2026-01-26 16:30:00+00:00,1.1473869441914881,1.1478123273310914,1.1473215370545822,1.1477469201941854,100
2026-01-26 16:35:00+00:00,1.1477469201941854,1.148760540709853,1.1475170964583414,1.1485307169740089,100
2026-01-26 16:40:00+00:00,1.1485307169740089,1.1487486763092056,1.147976913483692,1.1481948728188887,100
2026-01-26 16:45:00+00:00,1.1481948728188887,1.1489761843124566,1.148066003691794,1.148847315185362,100
2026-01-26 16:50:00+00:00,1.148847315185362,1.148853802022395,1.148741220787736,1.1487477076247692,100
2026-01-26 16:55:00+00:00,1.1487477076247692,1.1488083741242239,1.1484882774558605,1.1485489439553151,100
2026-01-26 17:00:00+00:00,1.1485489439553151,1.1486774216870963,1.148358014709311,1.1484864924410922,100
2026-01-26 17:05:00+00:00,1.1484864924410922,1.1493214767889428,1.148357322555307,1.1491923069031575,100
2026-01-26 17:10:00+00:00,1.1491923069031575,1.1503725830349454,1.1491525124086661,1.150332788540454,100
2026-01-26 17:15:00+00:00,1.150332788540454,1.1503885673628151,1.15011023114862,1.1501660099709812,100
2026-01-26 17:20:00+00:00,1.1501660099709812,1.1505212497538142,1.1499365628666094,1.1502918026494424,100
2026-01-26 17:25:00+00:00,1.1502918026494424,1.1504040986830435,1.15022615110212,1.150338447135721,100
2026-01-26 17:30:00+00:00,1.150338447135721,1.150383258373919,1.1500400240786735,1.1500848353168716,100
2026-01-26 17:35:00+00:00,1.1500848353168716,1.150808015485562,1.1498544899246868,1.1505776700933772,100
2026-01-26 17:40:00+00:00,1.1505776700933772,1.1507057626374781,1.150204108802934,1.150332201347035,100
2026-01-26 17:45:00+00:00,1.150332201347035,1.1506448310473698,1.150099918558293,1.1504125482586278,100
2026-01-26 17:50:00+00:00,1.1504125482586278,1.150639820576512,1.1503185075441962,1.1505457798620804,100
2026-01-26 17:55:00+00:00,1.1505457798620804,1.151042302679742,1.1504627123541586,1.1509592351718203,100
2026-01-26 18:00:00+00:00,1.1509592351718203,1.1510074632784144,1.1507553379222093,1.1508035660288034,100
2026-01-26 18:05:00+00:00,1.1508035660288034,1.1510111154319247,1.1507304127473832,1.1509379621505045,100
2026-01-26 18:10:00+00:00,1.1509379621505045,1.1518741986962364,1.1508639484317171,1.151800184977449,100
2026-01-26 18:15:00+00:00,1.151800184977449,1.1518043670480445,1.151781126405202,1.1517853084757974,100
2026-01-26 18:20:00+00:00,1.1517853084757974,1.15180338254977,1.151354515729004,1.1513725898029765,100
2026-01-26 18:25:00+00:00,1.1513725898029765,1.1514583489089196,1.1507177697612294,1.1508035288671725,100
2026-01-26 18:30:00+00:00,1.1508035288671725,1.1514515091372712,1.1507695729145069,1.1514175531846056,100
2026-01-26 18:35:00+00:00,1.1514175531846056,1.1515964480366467,1.1511641673364947,1.1513430621885359,100
2026-01-26 18:40:00+00:00,1.1513430621885359,1.1515866979506577,1.1512560369934433,1.151499672755565,100
2026-01-26 18:45:00+00:00,1.151499672755565,1.1520238052687441,1.1513774873157097,1.1519016198288887,100
2026-01-26 18:50:00+00:00,1.1519016198288887,1.1520039886642799,1.1516881341386456,1.1517905029740367,100
2026-01-26 18:55:00+00:00,1.1517905029740367,1.1526652086170652,1.151647345533251,1.1525220511762795,100
2026-01-26 19:00:00+00:00,1.1525220511762795,1.152992602852571,1.1515404413825114,1.152010993058803,100
2026-01-26 19:05:00+00:00,1.152010993058803,1.1520957328452441,1.151121793345067,1.1512065331315082,100
2026-01-26 19:10:00+00:00,1.1512065331315082,1.1512123911903445,1.1511980062281777,1.151203864287014,100
2026-01-26 19:15:00+00:00,1.151203864287014,1.151218563989323,1.1510118359974382,1.1510265356997473,100
2026-01-26 19:20:00+00:00,1.1510265356997473,1.1517641615840235,1.1507566512985168,1.151494277182793,100
2026-01-26 19:25:00+00:00,1.151494277182793,1.1517934949207749,1.1513726721102886,1.1516718898482705,100
2026-01-26 19:30:00+00:00,1.1516718898482705,1.1517718179988765,1.15138156389199,1.151481492042596,100
2026-01-26 19:35:00+00:00,1.151481492042596,1.1515502068003993,1.1511202191576024,1.1511889339154058,100
2026-01-26 19:40:00+00:00,1.1511889339154058,1.1512517223823608,1.15071444073523,1.1507772292021852,100
2026-01-26 19:45:00+00:00,1.1507772292021852,1.150913452531726,1.1498079875151606,1.1499442108447013,100
2026-01-26 19:50:00+00:00,1.1499442108447013,1.1505201587608311,1.149852186890833,1.1504281348069627,100
2026-01-26 19:55:00+00:00,1.1504281348069627,1.1504374307102943,1.1501100167666205,1.150119312669952,100
2026-01-26 20:00:00+00:00,1.150119312669952,1.1513290820101916,1.1498852496246013,1.1510950189648408,100
2026-01-26 20:05:00+00:00,1.1510950189648408,1.1519002089199877,1.1509885583806438,1.1517937483357907,100
2026-01-26 20:10:00+00:00,1.1517937483357907,1.1518278595728864,1.1514382589359369,1.1514723701730325,100
2026-01-26 20:15:00+00:00,1.1514723701730325,1.151540277116551,1.151035342583912,1.1511032495274305,100
2026-01-26 20:20:00+00:00,1.1511032495274305,1.1521006444296058,1.151011310927278,1.1520087058294533,100
2026-01-26 20:25:00+00:00,1.1520087058294533,1.1521229644951787,1.1519210104719642,1.1520352691376896,100
2026-01-26 20:30:00+00:00,1.1520352691376896,1.1525867138043717,1.1519916421702463,1.1525430868369284,100
2026-01-26 20:35:00+00:00,1.1525430868369284,1.1529389277571545,1.1525060049442193,1.1529018458644453,100
2026-01-26 20:40:00+00:00,1.1529018458644453,1.1532313231504454,1.1526148358549446,1.1529443131409447,100
2026-01-26 20:45:00+00:00,1.1529443131409447,1.1530389453436907,1.152794388715435,1.152889020918181,100
2026-01-26 20:50:00+00:00,1.152889020918181,1.1528892340416794,1.1527358709144693,1.1527360840379677,100
2026-01-26 20:55:00+00:00,1.1527360840379677,1.152767248479914,1.1525833767699802,1.1526145412119266,100
2026-01-26 21:00:00+00:00,1.1526145412119266,1.1526925872656568,1.1524378095248884,1.1525158555786186,100
2026-01-26 21:05:00+00:00,1.1525158555786186,1.1530150367972434,1.1522581863835588,1.1527573676021836,100
2026-01-26 21:10:00+00:00,1.1527573676021836,1.153019349867213,1.1527437094329267,1.153005691697956,100
2026-01-26 21:15:00+00:00,1.153005691697956,1.1535038759201721,1.1529690450788475,1.1534672293010635,100
2026-01-26 21:20:00+00:00,1.1534672293010635,1.153884163636785,1.1528147109781794,1.1532316453139009,100
2026-01-26 21:25:00+00:00,1.1532316453139009,1.1535917398591287,1.1528320394899474,1.1531921340351752,100
2026-01-26 21:30:00+00:00,1.1531921340351752,1.154358685012346,1.1531507354790336,1.1543172864562044,100
2026-01-26 21:35:00+00:00,1.1543172864562044,1.1543485978961339,1.1542714816205362,1.1543027930604657,100
2026-01-26 21:40:00+00:00,1.1543027930604657,1.154419401838989,1.1538312050609094,1.1539478138394328,100
2026-01-26 21:45:00+00:00,1.1539478138394328,1.1544673265922185,1.1539055521084371,1.1544250648612229,100
2026-01-26 21:50:00+00:00,1.1544250648612229,1.1548024093813578,1.1541144857735128,1.1544918302936478,100
2026-01-26 21:55:00+00:00,1.1544918302936478,1.1553497216594277,1.1543491069878633,1.1552069983536433,100
2026-01-26 22:00:00+00:00,1.1552069983536433,1.1557022384659155,1.1550408772955665,1.1555361174078387,100
2026-01-26 22:05:00+00:00,1.1555361174078387,1.1557809900613598,1.1541662160264157,1.1544110886799368,100
2026-01-26 22:10:00+00:00,1.1544110886799368,1.1546590560331367,1.154225560814604,1.1544735281678038,100
2026-01-26 22:15:00+00:00,1.1544735281678038,1.1548178503538469,1.1543165089070482,1.1546608310930913,100
2026-01-26 22:20:00+00:00,1.1546608310930913,1.1554400993159335,1.1543983862647191,1.1551776544875614,100
2026-01-26 22:25:00+00:00,1.1551776544875614,1.1557357230560448,1.155104781932363,1.1556628505008464,100
2026-01-26 22:30:00+00:00,1.1556628505008464,1.1557017712598234,1.155248434570137,1.155287355329114,100
2026-01-26 22:35:00+00:00,1.155287355329114,1.1562823714550796,1.155248456152766,1.1562434722787316,100
2026-01-26 22:40:00+00:00,1.1562434722787316,1.1563372405596462,1.156106453696253,1.1562002219771677,100
2026-01-26 22:45:00+00:00,1.1562002219771677,1.1571356954977667,1.1561591762505006,1.1570946497710997,100
2026-01-26 22:50:00+00:00,1.1570946497710997,1.1572444983442864,1.1569213337807596,1.1570711823539463,100
2026-01-26 22:55:00+00:00,1.1570711823539463,1.157852565049333,1.1569836687849981,1.1577650514803848,100
2026-01-26 23:00:00+00:00,1.1577650514803848,1.1579053649895146,1.157491934102985,1.1576322476121148,100
2026-01-26 23:05:00+00:00,1.1576322476121148,1.1580885142054989,1.1575100243503966,1.1579662909437807,100
2026-01-26 23:10:00+00:00,1.1579662909437807,1.1584646652219053,1.157570284721729,1.1580686589998537,100
2026-01-26 23:15:00+00:00,1.1580686589998537,1.1581871093561502,1.1572589001775075,1.157377350533804,100
2026-01-26 23:20:00+00:00,1.157377350533804,1.1576768611907027,1.1573472831961396,1.1576467938530381,100
2026-01-26 23:25:00+00:00,1.1576467938530381,1.1579266833107054,1.1575382639704201,1.1578181534280874,100
2026-01-26 23:30:00+00:00,1.1578181534280874,1.158106142682098,1.1577590640784705,1.1580470533324811,100
2026-01-26 23:35:00+00:00,1.1580470533324811,1.1584469303710714,1.1579600393411231,1.1583599163797134,100
2026-01-26 23:40:00+00:00,1.1583599163797134,1.1591695707305623,1.1581426137616166,1.1589522681124655,100
2026-01-26 23:45:00+00:00,1.1589522681124655,1.1596010068267582,1.1587363432579034,1.159385081972196,100
2026-01-26 23:50:00+00:00,1.159385081972196,1.1594482777940087,1.158911896036585,1.1589750918583976,100
2026-01-26 23:55:00+00:00,1.1589750918583976,1.1590285798256916,1.158092797629491,1.158146285596785,100
2026-01-27 00:00:00+00:00,1.158146285596785,1.158452412090246,1.1581252187634057,1.1584313452568666,100
2026-01-27 00:05:00+00:00,1.1584313452568666,1.1587029109917037,1.1583712690830155,1.1586428348178526,100
2026-01-27 00:10:00+00:00,1.1586428348178526,1.1587303493283512,1.1586109356765257,1.1586984501870243,100
2026-01-27 00:15:00+00:00,1.1586984501870243,1.1590471384401189,1.1586971365135132,1.1590458247666078,100
2026-01-27 00:20:00+00:00,1.1590458247666078,1.159349530412777,1.158919747389083,1.1592234530352523,100
2026-01-27 00:25:00+00:00,1.1592234530352523,1.1593162627410372,1.1588547864913306,1.1589475961971154,100
2026-01-27 00:30:00+00:00,1.1589475961971154,1.1590234092006557,1.158590494871189,1.1586663078747292,100
2026-01-27 00:35:00+00:00,1.1586663078747292,1.158998547416517,1.1586598024579262,1.158992041999714,100
2026-01-27 00:40:00+00:00,1.158992041999714,1.1591650896465369,1.1585664058649512,1.158739453511774,100
2026-01-27 00:45:00+00:00,1.158739453511774,1.1588166140148397,1.1586824232855961,1.1587595837886617,100
2026-01-27 00:50:00+00:00,1.1587595837886617,1.1590499923609943,1.1583945579608161,1.1586849665331487,100
2026-01-27 00:55:00+00:00,1.1586849665331487,1.1590917535263403,1.1585796007853177,1.1589863877785094,100
2026-01-27 01:00:00+00:00,1.1589863877785094,1.159166593295749,1.1581251058856226,1.158305311402862,100
2026-01-27 01:05:00+00:00,1.158305311402862,1.1592132091903093,1.1580944684709542,1.1590023662584015,100
2026-01-27 01:10:00+00:00,1.1590023662584015,1.1597325678089336,1.1587561924701517,1.1594863940206839,100
2026-01-27 01:15:00+00:00,1.1594863940206839,1.1598662710782672,1.1591807372715057,1.159560614329089,100
2026-01-27 01:20:00+00:00,1.159560614329089,1.159603542779204,1.159275762429762,1.159318690879877,100
2026-01-27 01:25:00+00:00,1.159318690879877,1.159398405774995,1.1590481699134603,1.1591278848085784,100
2026-01-27 01:30:00+00:00,1.1591278848085784,1.1597849910873794,1.1588138962813281,1.1594710025601291,100
2026-01-27 01:35:00+00:00,1.1594710025601291,1.1596939876188532,1.1593782251131883,1.1596012101719124,100
2026-01-27 01:40:00+00:00,1.1596012101719124,1.1605582814023894,1.1594773392834792,1.1604344105139561,100
2026-01-27 01:45:00+00:00,1.1604344105139561,1.1605209069757716,1.1602583106739575,1.160344807135773,100
2026-01-27 01:50:00+00:00,1.160344807135773,1.1610393404897457,1.1601490586396797,1.1608435919936524,100
2026-01-27 01:55:00+00:00,1.1608435919936524,1.1609324979633597,1.1605847123282858,1.160673618297993,100
2026-01-27 02:00:00+00:00,1.160673618297993,1.1610944079916303,1.1601639743797776,1.1605847640734148,100
2026-01-27 02:05:00+00:00,1.1605847640734148,1.1606001383937836,1.1601737407319004,1.1601891150522692,100
2026-01-27 02:10:00+00:00,1.1601891150522692,1.1602913677238915,1.1597905158498893,1.1598927685215117,100
2026-01-27 02:15:00+00:00,1.1598927685215117,1.1599009977486119,1.1591516813930307,1.159159910620131,100
2026-01-27 02:20:00+00:00,1.159159910620131,1.159188560562169,1.1586235204190922,1.1586521703611303,100
2026-01-27 02:25:00+00:00,1.1586521703611303,1.1586919002282574,1.1586312547429007,1.1586709846100278,100
2026-01-27 02:30:00+00:00,1.1586709846100278,1.1591490043847645,1.158454812084879,1.1589328318596157,100
2026-01-27 02:35:00+00:00,1.1589328318596157,1.1589978429307803,1.158075783696976,1.1581407947681406,100
2026-01-27 02:40:00+00:00,1.1581407947681406,1.1582458574329728,1.1581094204772409,1.158214483142073,100
2026-01-27 02:45:00+00:00,1.158214483142073,1.1584137004738533,1.1580712361218992,1.1582704534536794,100
2026-01-27 02:50:00+00:00,1.1582704534536794,1.1586140877006164,1.1582591205703998,1.1586027548173368,100
2026-01-27 02:55:00+00:00,1.1586027548173368,1.1587598844312375,1.158545692612323,1.1587028222262237,100
2026-01-27 03:00:00+00:00,1.1587028222262237,1.1591625548232811,1.158561518966008,1.1590212515630653,100
2026-01-27 03:05:00+00:00,1.1590212515630653,1.1590884137533553,1.1589460511609702,1.15901321335126,100
2026-01-27 03:10:00+00:00,1.15901321335126,1.15935861430275,1.1588338252150534,1.1591792261665432,100
2026-01-27 03:15:00+00:00,1.1591792261665432,1.159422636402678,1.15914541504605,1.159388825282185,100
2026-01-27 03:20:00+00:00,1.159388825282185,1.1608192138624362,1.1592344672089772,1.1606648557892285,100
2026-01-27 03:25:00+00:00,1.1606648557892285,1.1609299089012088,1.160617884641603,1.1608829377535834,100
2026-01-27 03:30:00+00:00,1.1608829377535834,1.1615450795679754,1.1606715070235512,1.161333648837943,100
2026-01-27 03:35:00+00:00,1.161333648837943,1.1613961783255502,1.161310258633083,1.1613727881206901,100
2026-01-27 03:40:00+00:00,1.1613727881206901,1.1621179736193041,1.1613545870629975,1.1620997725616116,100
2026-01-27 03:45:00+00:00,1.1620997725616116,1.162318651046208,1.162091138241523,1.1623100167261196,100
2026-01-27 03:50:00+00:00,1.1623100167261196,1.1624276245591632,1.162260294341057,1.1623779021741005,100
2026-01-27 03:55:00+00:00,1.1623779021741005,1.162423350378803,1.1623701400504514,1.162415588255154,100
2026-01-27 04:00:00+00:00,1.162415588255154,1.1624825338491123,1.1617725392343943,1.1618394848283526,100
2026-01-27 04:05:00+00:00,1.1618394848283526,1.1628097372744999,1.161593101447624,1.1625633538937712,100
2026-01-27 04:10:00+00:00,1.1625633538937712,1.1626780471668934,1.16225982392387,1.1623745171969921,100
2026-01-27 04:15:00+00:00,1.1623745171969921,1.1632220088905634,1.162275369831697,1.1631228615252682,100
2026-01-27 04:20:00+00:00,1.1631228615252682,1.1631827656463176,1.1628669062371755,1.1629268103582249,100
2026-01-27 04:25:00+00:00,1.1629268103582249,1.1632104982163165,1.162906176262081,1.1631898641201726,100
2026-01-27 04:30:00+00:00,1.1631898641201726,1.1632716684700375,1.1627746517747097,1.1628564561245747,100
2026-01-27 04:35:00+00:00,1.1628564561245747,1.163172662940555,1.1623334734936428,1.1626496803096231,100
2026-01-27 04:40:00+00:00,1.1626496803096231,1.1627347338054412,1.1623005171454015,1.1623855706412196,100
2026-01-27 04:45:00+00:00,1.1623855706412196,1.1632808836301052,1.1623157164568665,1.163211029445752,100
2026-01-27 04:50:00+00:00,1.163211029445752,1.1632650477927886,1.1625864703067408,1.1626404886537773,100
2026-01-27 04:55:00+00:00,1.1626404886537773,1.1628191958565162,1.162481486479947,1.162660193682686,100
2026-01-27 05:00:00+00:00,1.162660193682686,1.1628385204409266,1.162137043053907,1.1623153698121478,100
2026-01-27 05:05:00+00:00,1.1623153698121478,1.1623908314878801,1.1620026281129747,1.162078089788707,100
2026-01-27 05:10:00+00:00,1.162078089788707,1.1621768408101592,1.1613299391129583,1.1614286901344104,100
2026-01-27 05:15:00+00:00,1.1614286901344104,1.1619506951554837,1.1611843923177456,1.1617063973388189,100
2026-01-27 05:20:00+00:00,1.1617063973388189,1.1617303576826115,1.1615272944642288,1.1615512548080213,100
2026-01-27 05:25:00+00:00,1.1615512548080213,1.1615612504308863,1.1613387384037768,1.1613487340266417,100
2026-01-27 05:30:00+00:00,1.1613487340266417,1.1614675640783476,1.1604421834603327,1.1605610135120386,100
2026-01-27 05:35:00+00:00,1.1605610135120386,1.160576335017299,1.1604324260919028,1.1604477475971633,100
2026-01-27 05:40:00+00:00,1.1604477475971633,1.1614565415397549,1.160396092214545,1.1614048861571367,100
2026-01-27 05:45:00+00:00,1.1614048861571367,1.1617087450146215,1.1613501626256817,1.1616540214831665,100
2026-01-27 05:50:00+00:00,1.1616540214831665,1.1617917165876692,1.1614819380093553,1.161619633113858,100
2026-01-27 05:55:00+00:00,1.161619633113858,1.1622835968989824,1.1615209706320466,1.162184934417171,100
2026-01-27 06:00:00+00:00,1.162184934417171,1.1623981761940743,1.1618567746257933,1.1620700164026965,100
2026-01-27 06:05:00+00:00,1.1620700164026965,1.1621759450976763,1.1620583990880935,1.1621643277830733,100
2026-01-27 06:10:00+00:00,1.1621643277830733,1.16297019247775,1.1619736845473976,1.1627795492420743,100
2026-01-27 06:15:00+00:00,1.1627795492420743,1.162988483168085,1.1623891850116408,1.1625981189376515,100
2026-01-27 06:20:00+00:00,1.1625981189376515,1.1627442309502403,1.161947412991442,1.1620935250040307,100
2026-01-27 06:25:00+00:00,1.1620935250040307,1.1624922173720467,1.1620561517416432,1.1624548441096592,100
2026-01-27 06:30:00+00:00,1.1624548441096592,1.1624804123209422,1.162284250663577,1.1623098188748602,100
2026-01-27 06:35:00+00:00,1.1623098188748602,1.162371330499277,1.1614946323793653,1.1615561440037823,100
2026-01-27 06:40:00+00:00,1.1615561440037823,1.1622264038278836,1.1615149528136,1.1621852126377012,100
2026-01-27 06:45:00+00:00,1.1621852126377012,1.1627781713868994,1.1620774867836239,1.162670445532822,100
2026-01-27 06:50:00+00:00,1.162670445532822,1.162838083274035,1.1620320522901793,1.1621996900313922,100
2026-01-27 06:55:00+00:00,1.1621996900313922,1.162245758736676,1.1619159992138763,1.16196206791916,100
2026-01-27 07:00:00+00:00,1.16196206791916,1.1621241000706406,1.1617083411471107,1.1618703732985913,100
2026-01-27 07:05:00+00:00,1.1618703732985913,1.1619402362583566,1.1610901102039755,1.1611599731637408,100
2026-01-27 07:10:00+00:00,1.1611599731637408,1.1616806776192556,1.1610640301645798,1.1615847346200947,100
2026-01-27 07:15:00+00:00,1.1615847346200947,1.161628837528658,1.1613304661059338,1.1613745690144972,100
2026-01-27 07:20:00+00:00,1.1613745690144972,1.1620138676955254,1.1613543069583352,1.1619936056393634,100
2026-01-27 07:25:00+00:00,1.1619936056393634,1.1621623466247866,1.1613631598873566,1.1615319008727798,100
2026-01-27 07:30:00+00:00,1.1615319008727798,1.1616821441670042,1.1610290963548369,1.1611793396490613,100
2026-01-27 07:35:00+00:00,1.1611793396490613,1.1612834299077412,1.1610680719858755,1.1611721622445554,100
2026-01-27 07:40:00+00:00,1.1611721622445554,1.1616952694911933,1.16105692253095,1.1615800297775878,100
2026-01-27 07:45:00+00:00,1.1615800297775878,1.163035690923618,1.1615269797207597,1.1629826408667898,100
2026-01-27 07:50:00+00:00,1.1629826408667898,1.1636181590897443,1.1627900138809302,1.1634255321038847,100
2026-01-27 07:55:00+00:00,1.1634255321038847,1.1634554244669162,1.1631640084491746,1.163193900812206,100
2026-01-27 08:00:00+00:00,1.163193900812206,1.1637171389946035,1.1631273578469496,1.163650596029347,100
2026-01-27 08:05:00+00:00,1.163650596029347,1.1637831027155396,1.1632355534058456,1.1633680600920382,100
2026-01-27 08:10:00+00:00,1.1633680600920382,1.1636109504349061,1.162553716257222,1.1627966066000899,100
2026-01-27 08:15:00+00:00,1.1627966066000899,1.1631196336774177,1.1627015734227568,1.1630246005000846,100
2026-01-27 08:20:00+00:00,1.1630246005000846,1.1630865673452173,1.1626765996506503,1.162738566495783,100
2026-01-27 08:25:00+00:00,1.162738566495783,1.1628740810992484,1.1622703147692646,1.16240582937273,100
2026-01-27 08:30:00+00:00,1.16240582937273,1.16270852408923,1.1621811811753227,1.1624838758918228,100
2026-01-27 08:35:00+00:00,1.1624838758918228,1.162946756674393,1.1623416946585523,1.1628045754411225,100
2026-01-27 08:40:00+00:00,1.1628045754411225,1.162911817584359,1.1623154144864718,1.1624226566297082,100
2026-01-27 08:45:00+00:00,1.1624226566297082,1.1626732543881992,1.1618199218931338,1.1620705196516248,100
2026-01-27 08:50:00+00:00,1.1620705196516248,1.1624670792883203,1.161982316330088,1.1623788759667835,100
2026-01-27 08:55:00+00:00,1.1623788759667835,1.1630315051821185,1.162334666844974,1.1629872960603092,100
2026-01-27 09:00:00+00:00,1.1629872960603092,1.1639346076175434,1.1629375522143182,1.1638848637715524,100
2026-01-27 09:05:00+00:00,1.1638848637715524,1.1642787398263668,1.1636210598913206,1.164014935946135,100
2026-01-27 09:10:00+00:00,1.164014935946135,1.164067448068893,1.163709184198182,1.16376169632094,100
2026-01-27 09:15:00+00:00,1.16376169632094,1.1646468264855536,1.1637515643735765,1.16463669453819,100
2026-01-27 09:20:00+00:00,1.16463669453819,1.165116783920579,1.1645654790270767,1.1650455684094656,100
2026-01-27 09:25:00+00:00,1.1650455684094656,1.1651502163997667,1.1647730927163278,1.1648777407066289,100
2026-01-27 09:30:00+00:00,1.1648777407066289,1.165352818249843,1.1646589736203727,1.1651340511635868,100
2026-01-27 09:35:00+00:00,1.1651340511635868,1.165910293750908,1.1649364080255793,1.1657126506129005,100
2026-01-27 09:40:00+00:00,1.1657126506129005,1.1662672615965128,1.1656618426604004,1.1662164536440127,100
2026-01-27 09:45:00+00:00,1.1662164536440127,1.1662484724843023,1.1661998649559393,1.1662318837962289,100
2026-01-27 09:50:00+00:00,1.1662318837962289,1.1663443804414768,1.1659219309824818,1.1660344276277297,100
2026-01-27 09:55:00+00:00,1.1660344276277297,1.1661936845945984,1.1656653245416269,1.1658245815084955,100
2026-01-27 10:00:00+00:00,1.1658245815084955,1.1664454174891128,1.1657343499848136,1.1663551859654309,100
2026-01-27 10:05:00+00:00,1.1663551859654309,1.1664778949612147,1.1659749282871743,1.1660976372829581,100
2026-01-27 10:10:00+00:00,1.1660976372829581,1.1664455735569947,1.1659551340535605,1.1663030703275972,100
2026-01-27 10:15:00+00:00,1.1663030703275972,1.166584083588795,1.1662713741099078,1.1665523873711057,100
2026-01-27 10:20:00+00:00,1.1665523873711057,1.1675980583007308,1.1664586339466891,1.1675043048763143,100
2026-01-27 10:25:00+00:00,1.1675043048763143,1.1681065755085644,1.167338389102534,1.1679406597347841,100
2026-01-27 10:30:00+00:00,1.1679406597347841,1.1679489406710877,1.1675474046945367,1.1675556856308402,100
2026-01-27 10:35:00+00:00,1.1675556856308402,1.1678235569923994,1.1671621954868543,1.1674300668484134,100
2026-01-27 10:40:00+00:00,1.1674300668484134,1.167540966610703,1.1666581684095345,1.1667690681718241,100
2026-01-27 10:45:00+00:00,1.1667690681718241,1.167092796596506,1.1667546472940469,1.1670783757187289,100
2026-01-27 10:50:00+00:00,1.1670783757187289,1.1672862459248843,1.1667716748714918,1.1669795450776472,100
2026-01-27 10:55:00+00:00,1.1669795450776472,1.1674868501153222,1.1669264393456646,1.1674337443833396,100
2026-01-27 11:00:00+00:00,1.1674337443833396,1.1680351148007668,1.1672369418078183,1.1678383122252456,100
2026-01-27 11:05:00+00:00,1.1678383122252456,1.1680905414079947,1.1676681069853057,1.1679203361680548,100
2026-01-27 11:10:00+00:00,1.1679203361680548,1.1679817920083992,1.1675687125079046,1.167630168348249,100
2026-01-27 11:15:00+00:00,1.167630168348249,1.1678266915811548,1.1673675668541819,1.1675640900870876,100
2026-01-27 11:20:00+00:00,1.1675640900870876,1.1678779914281272,1.1675157589650056,1.1678296603060452,100
2026-01-27 11:25:00+00:00,1.1678296603060452,1.168196314612462,1.1677418052941138,1.1681084596005307,100
2026-01-27 11:30:00+00:00,1.1681084596005307,1.1682956962022335,1.167701976583298,1.167889213185001,100
2026-01-27 11:35:00+00:00,1.167889213185001,1.1680023465291687,1.1673012544011128,1.1674143877452805,100
2026-01-27 11:40:00+00:00,1.1674143877452805,1.1678378243168837,1.1671566651424858,1.167580101714089,100
2026-01-27 11:45:00+00:00,1.167580101714089,1.1682884276273577,1.167399923065056,1.1681082489783248,100
2026-01-27 11:50:00+00:00,1.1681082489783248,1.1694624988413862,1.167994119394988,1.1693483692580495,100
2026-01-27 11:55:00+00:00,1.1693483692580495,1.169867401610347,1.1692975229066436,1.169816555258941,100
2026-01-27 12:00:00+00:00,1.169816555258941,1.1711862019070238,1.1695748417902705,1.1709444884383533,100
2026-01-27 12:05:00+00:00,1.1709444884383533,1.1715292150329104,1.170701803741803,1.1712865303363602,100
2026-01-27 12:10:00+00:00,1.1712865303363602,1.1721970534740787,1.1711889085222098,1.1720994316599282,100
2026-01-27 12:15:00+00:00,1.1720994316599282,1.1722365266087853,1.171584922773212,1.171722017722069,100
2026-01-27 12:20:00+00:00,1.171722017722069,1.172761079006425,1.1716460269988866,1.1726850882832425,100
2026-01-27 12:25:00+00:00,1.1726850882832425,1.1731456398872624,1.1725574930130382,1.1730180446170582,100
2026-01-27 12:30:00+00:00,1.1730180446170582,1.1736431167211463,1.1729858577507914,1.1736109298548796,100
2026-01-27 12:35:00+00:00,1.1736109298548796,1.173684854951751,1.1730060516109646,1.173079976707836,100
2026-01-27 12:40:00+00:00,1.173079976707836,1.1730930071768306,1.1726312873484523,1.172644317817447,100
2026-01-27 12:45:00+00:00,1.172644317817447,1.1739180054546385,1.1724998728111249,1.1737735604483164,100
2026-01-27 12:50:00+00:00,1.1737735604483164,1.174382128068935,1.1737130739155706,1.1743216415361892,100
2026-01-27 12:55:00+00:00,1.1743216415361892,1.1743647529080279,1.1738263295576852,1.1738694409295238,100
2026-01-27 13:00:00+00:00,1.1738694409295238,1.173940768493978,1.1734143949441547,1.1734857225086088,100
2026-01-27 13:05:00+00:00,1.1734857225086088,1.1747230505878867,1.1734365649648468,1.1746738930441247,100
2026-01-27 13:10:00+00:00,1.1746738930441247,1.1747024959521293,1.174212498159668,1.1742411010676725,100
2026-01-27 13:15:00+00:00,1.1742411010676725,1.1743813152881226,1.1732193825688066,1.1733595967892567,100
2026-01-27 13:20:00+00:00,1.1733595967892567,1.1734242521225782,1.1730194211978247,1.173084076531146,100
2026-01-27 13:25:00+00:00,1.173084076531146,1.1739754774663416,1.1730185623581404,1.1739099632933359,100
2026-01-27 13:30:00+00:00,1.1739099632933359,1.1740777353247298,1.1736137654283276,1.1737815374597216,100
2026-01-27 13:35:00+00:00,1.1737815374597216,1.1737882020284918,1.1727046158737706,1.1727112804425408,100
2026-01-27 13:40:00+00:00,1.1727112804425408,1.1731932081963936,1.1726344903065071,1.17311641806036,100
2026-01-27 13:45:00+00:00,1.17311641806036,1.1739294429787293,1.1728937564616508,1.1737067813800202,100
2026-01-27 13:50:00+00:00,1.1737067813800202,1.1737749770410328,1.1735140336174523,1.173582229278465,100
2026-01-27 13:55:00+00:00,1.173582229278465,1.1739120674055497,1.1735687457901418,1.1738985839172265,100
2026-01-27 14:00:00+00:00,1.1738985839172265,1.1747040635555541,1.1736871102428938,1.1744925898812215,100
2026-01-27 14:05:00+00:00,1.1744925898812215,1.174998875155635,1.1743266823267662,1.1748329676011797,100
2026-01-27 14:10:00+00:00,1.1748329676011797,1.1749933800106909,1.1741731476360837,1.1743335600455949,100
2026-01-27 14:15:00+00:00,1.1743335600455949,1.1746103076906673,1.1741283370586566,1.174405084703729,100
2026-01-27 14:20:00+00:00,1.174405084703729,1.1747714570485182,1.1742214115909164,1.1745877839357055,100
2026-01-27 14:25:00+00:00,1.1745877839357055,1.174763681099716,1.1745581011169353,1.1747339982809457,100
2026-01-27 14:30:00+00:00,1.1747339982809457,1.174781485916344,1.1745746298930377,1.174622117528436,100
2026-01-27 14:35:00+00:00,1.174622117528436,1.174678001338391,1.1738188199341921,1.1738747037441473,100
2026-01-27 14:40:00+00:00,1.1738747037441473,1.1740246347710896,1.1737394292203482,1.1738893602472906,100
2026-01-27 14:45:00+00:00,1.1738893602472906,1.1740044137217387,1.1737965267509398,1.1739115802253879,100
2026-01-27 14:50:00+00:00,1.1739115802253879,1.1741058893473995,1.1736850378900212,1.1738793470120328,100
2026-01-27 14:55:00+00:00,1.1738793470120328,1.1745014916432222,1.1736523826745568,1.1742745273057462,100
2026-01-27 15:00:00+00:00,1.1742745273057462,1.174800855016388,1.1741789146537114,1.1747052423643531,100
2026-01-27 15:05:00+00:00,1.1747052423643531,1.1747875082641548,1.1740668605917426,1.1741491264915442,100
2026-01-27 15:10:00+00:00,1.1741491264915442,1.1743461790948932,1.1730736398883792,1.1732706924917282,100
2026-01-27 15:15:00+00:00,1.1732706924917282,1.173583280463779,1.1727137758828259,1.1730263638548766,100
2026-01-27 15:20:00+00:00,1.1730263638548766,1.1730373499176692,1.172994217950456,1.1730052040132486,100
2026-01-27 15:25:00+00:00,1.1730052040132486,1.1733861145409976,1.172900503623672,1.173281414151421,100
2026-01-27 15:30:00+00:00,1.173281414151421,1.1744789084804894,1.173071849730495,1.1742693440595635,100
2026-01-27 15:35:00+00:00,1.1742693440595635,1.1742728199512753,1.1740687691522391,1.174072245043951,100
2026-01-27 15:40:00+00:00,1.174072245043951,1.1745396025210237,1.1740693132639817,1.1745366707410545,100
2026-01-27 15:45:00+00:00,1.1745366707410545,1.1747690143446496,1.1744336658149501,1.1746660094185453,100
2026-01-27 15:50:00+00:00,1.1746660094185453,1.1748555803289804,1.1742295924854707,1.1744191633959058,100
2026-01-27 15:55:00+00:00,1.1744191633959058,1.1747338850893205,1.1743864714416925,1.1747011931351072,100
2026-01-27 16:00:00+00:00,1.1747011931351072,1.1748920126183964,1.1746685660265304,1.1748593855098195,100
2026-01-27 16:05:00+00:00,1.1748593855098195,1.1750858903979875,1.1743736034381704,1.1746001083263384,100
2026-01-27 16:10:00+00:00,1.1746001083263384,1.1748449774105492,1.1745822805158534,1.1748271496000642,100
2026-01-27 16:15:00+00:00,1.1748271496000642,1.1753653510795756,1.174815934411491,1.1753541358910025,100
2026-01-27 16:20:00+00:00,1.1753541358910025,1.1758228864808955,1.1751351291518324,1.1756038797417254,100
2026-01-27 16:25:00+00:00,1.1756038797417254,1.1756070172572406,1.1749052233324537,1.174908360847969,100
2026-01-27 16:30:00+00:00,1.174908360847969,1.1749548741764233,1.174632645437588,1.1746791587660423,100
2026-01-27 16:35:00+00:00,1.1746791587660423,1.1751848337803936,1.1744406322332224,1.1749463072475737,100
2026-01-27 16:40:00+00:00,1.1749463072475737,1.1751364458470324,1.1739211604638078,1.1741112990632665,100
2026-01-27 16:45:00+00:00,1.1741112990632665,1.1751330941815856,1.1737492777346854,1.1747710728530045,100
2026-01-27 16:50:00+00:00,1.1747710728530045,1.1752298029671318,1.1747338104711007,1.175192540585228,100
2026-01-27 16:55:00+00:00,1.175192540585228,1.1758439764262458,1.1749655281458986,1.1756169639869165,100
2026-01-27 17:00:00+00:00,1.1756169639869165,1.1762744328522354,1.1753240292794578,1.1759814981447767,100
2026-01-27 17:05:00+00:00,1.1759814981447767,1.1770032786183207,1.1757996870320728,1.1768214675056168,100
2026-01-27 17:10:00+00:00,1.1768214675056168,1.1768873030311768,1.1763717226054666,1.1764375581310267,100
2026-01-27 17:15:00+00:00,1.1764375581310267,1.1773914720622176,1.176314282757976,1.177268196689167,100
2026-01-27 17:20:00+00:00,1.177268196689167,1.1773206730084549,1.176682003862071,1.1767344801813588,100
2026-01-27 17:25:00+00:00,1.1767344801813588,1.17756727261939,1.1766729617896057,1.1775057542276368,100
2026-01-27 17:30:00+00:00,1.1775057542276368,1.17764902302136,1.1770671092335359,1.1772103780272591,100
2026-01-27 17:35:00+00:00,1.1772103780272591,1.1777337096740812,1.1772066311557818,1.177729962802604,100
2026-01-27 17:40:00+00:00,1.177729962802604,1.1777981278225678,1.1772197573697125,1.1772879223896764,100
2026-01-27 17:45:00+00:00,1.1772879223896764,1.1772950994092493,1.1771055585208414,1.1771127355404143,100
2026-01-27 17:50:00+00:00,1.1771127355404143,1.177365112607264,1.177107426121067,1.1773598031879167,100
2026-01-27 17:55:00+00:00,1.1773598031879167,1.1781312214485788,1.1772784655180661,1.1780498837787283,100
2026-01-27 18:00:00+00:00,1.1780498837787283,1.1788389329397455,1.1778919031930828,1.1786809523541,100
2026-01-27 18:05:00+00:00,1.1786809523541,1.1786959116562703,1.1782707818925202,1.1782857411946905,100
2026-01-27 18:10:00+00:00,1.1782857411946905,1.1783534307366594,1.177795871671553,1.177863561213522,100
2026-01-27 18:15:00+00:00,1.177863561213522,1.1783290570047114,1.1776639609311752,1.1781294567223646,100
2026-01-27 18:20:00+00:00,1.1781294567223646,1.1788836313960007,1.177829059385398,1.178583234059034,100
2026-01-27 18:25:00+00:00,1.178583234059034,1.1786354991428771,1.178412869615067,1.1784651346989101,100
2026-01-27 18:30:00+00:00,1.1784651346989101,1.1792056885715227,1.1782635411533822,1.1790040950259948,100
2026-01-27 18:35:00+00:00,1.1790040950259948,1.1792500493293732,1.1783513089504245,1.1785972632538029,100
2026-01-27 18:40:00+00:00,1.1785972632538029,1.1788013115380997,1.1779738040711345,1.1781778523554314,100
2026-01-27 18:45:00+00:00,1.1781778523554314,1.1782633893779466,1.1777973033877809,1.1778828404102961,100
2026-01-27 18:50:00+00:00,1.1778828404102961,1.1779909620161848,1.1778806642025335,1.1779887858084221,100
2026-01-27 18:55:00+00:00,1.1779887858084221,1.1780675253301645,1.1774538561805568,1.177532595702299,100
2026-01-27 19:00:00+00:00,1.177532595702299,1.1786169781988736,1.1775247375374978,1.1786091200340723,100
2026-01-27 19:05:00+00:00,1.1786091200340723,1.1790599120208354,1.1785849099685994,1.1790357019553626,100
2026-01-27 19:10:00+00:00,1.1790357019553626,1.179037375381442,1.178662993846369,1.1786646672724486,100
2026-01-27 19:15:00+00:00,1.1786646672724486,1.1790014518807028,1.1783771374414989,1.1787139220497531,100
2026-01-27 19:20:00+00:00,1.1787139220497531,1.17924773788108,1.1786475840508466,1.1791813998821734,100
2026-01-27 19:25:00+00:00,1.1791813998821734,1.1792803343557943,1.1786217566496646,1.1787206911232855,100
2026-01-27 19:30:00+00:00,1.1787206911232855,1.1791563523364252,1.1784031507087342,1.178838811921874,100
2026-01-27 19:35:00+00:00,1.178838811921874,1.1794246478185404,1.1788085871251675,1.1793944230218338,100
2026-01-27 19:40:00+00:00,1.1793944230218338,1.1797281146729695,1.1793015171431673,1.179635208794303,100
2026-01-27 19:45:00+00:00,1.179635208794303,1.1796852600995074,1.1790503586211956,1.1791004099264,100
2026-01-27 19:50:00+00:00,1.1791004099264,1.1791605865132968,1.1787250000110852,1.178785176597982,100
2026-01-27 19:55:00+00:00,1.178785176597982,1.1788106010170272,1.178683518552274,1.1787089429713191,100
2026-01-27 20:00:00+00:00,1.1787089429713191,1.178813291601515,1.1776880653929385,1.1777924140231344,100
2026-01-27 20:05:00+00:00,1.1777924140231344,1.1783288095997189,1.1776487756372191,1.1781851712138036,100
2026-01-27 20:10:00+00:00,1.1781851712138036,1.1791388804446792,1.1779751708189676,1.1789288800498432,100
2026-01-27 20:15:00+00:00,1.1789288800498432,1.1795691514228588,1.178883399575171,1.1795236709481867,100
2026-01-27 20:20:00+00:00,1.1795236709481867,1.17966082310133,1.1795036743506295,1.1796408265037728,100
2026-01-27 20:25:00+00:00,1.1796408265037728,1.1801711446309424,1.179604488386631,1.1801348065138006,100
2026-01-27 20:30:00+00:00,1.1801348065138006,1.1802977026469048,1.180031495222277,1.1801943913553812,100
2026-01-27 20:35:00+00:00,1.1801943913553812,1.1807497466136312,1.1801631501103031,1.1807185053685532,100
2026-01-27 20:40:00+00:00,1.1807185053685532,1.1808128995903546,1.1806600921072745,1.180754486329076,100
2026-01-27 20:45:00+00:00,1.180754486329076,1.1810928395676656,1.1805518508589619,1.1808902040975515,100
2026-01-27 20:50:00+00:00,1.1808902040975515,1.1809332776228116,1.1807568235927202,1.1807998971179803,100
2026-01-27 20:55:00+00:00,1.1807998971179803,1.1808153111844055,1.1802801656019692,1.1802955796683945,100
2026-01-27 21:00:00+00:00,1.1802955796683945,1.180503045922821,1.180148375728334,1.1803558419827604,100
2026-01-27 21:05:00+00:00,1.1803558419827604,1.1808661562418419,1.1803207555478168,1.1808310698068982,100
2026-01-27 21:10:00+00:00,1.1808310698068982,1.1810859288660835,1.1807262252864168,1.1809810843456021,100
2026-01-27 21:15:00+00:00,1.1809810843456021,1.1816348555573943,1.180816049441489,1.1814698206532812,100
2026-01-27 21:20:00+00:00,1.1814698206532812,1.1822846770617923,1.181396649769172,1.182211506177683,100
2026-01-27 21:25:00+00:00,1.182211506177683,1.1823247746279983,1.1817326895543574,1.1818459580046727,100
2026-01-27 21:30:00+00:00,1.1818459580046727,1.1819066752480711,1.1815175950242374,1.1815783122676358,100
2026-01-27 21:35:00+00:00,1.1815783122676358,1.1819873462931814,1.1814766185806806,1.1818856526062262,100
2026-01-27 21:40:00+00:00,1.1818856526062262,1.181942113757089,1.1813325951081572,1.18138905625902,100
2026-01-27 21:45:00+00:00,1.18138905625902,1.181749053205101,1.1813436095026897,1.1817036064487707,100
2026-01-27 21:50:00+00:00,1.1817036064487707,1.1818414326225246,1.1809476838362263,1.1810855100099802,100
2026-01-27 21:55:00+00:00,1.1810855100099802,1.1811858266013162,1.1809362855744234,1.1810366021657595,100
2026-01-27 22:00:00+00:00,1.1810366021657595,1.1810718151856916,1.180541419406835,1.1805766324267672,100
2026-01-27 22:05:00+00:00,1.1805766324267672,1.1806198744502645,1.179818861508542,1.1798621035320394,100
2026-01-27 22:10:00+00:00,1.1798621035320394,1.1803612890987933,1.179692549706899,1.180191735273653,100
2026-01-27 22:15:00+00:00,1.180191735273653,1.180332210040531,1.180019163088523,1.180159637855401,100
2026-01-27 22:20:00+00:00,1.180159637855401,1.1808096816881954,1.1801490082114223,1.1807990520442169,100
2026-01-27 22:25:00+00:00,1.1807990520442169,1.1809755618960298,1.1801019487682947,1.1802784586201076,100
2026-01-27 22:30:00+00:00,1.1802784586201076,1.180754134588266,1.18021324787537,1.1806889238435283,100
2026-01-27 22:35:00+00:00,1.1806889238435283,1.181181691813544,1.1806158140824563,1.181108582052472,100
2026-01-27 22:40:00+00:00,1.181108582052472,1.182279035735841,1.1807581985900113,1.1819286522733803,100
2026-01-27 22:45:00+00:00,1.1819286522733803,1.1821890263736015,1.1814331159588523,1.1816934900590734,100
2026-01-27 22:50:00+00:00,1.1816934900590734,1.181700057430989,1.1811023965745062,1.1811089639464218,100
2026-01-27 22:55:00+00:00,1.1811089639464218,1.1813871362629114,1.1801122748304496,1.180390447146939,100
2026-01-27 23:00:00+00:00,1.180390447146939,1.1815258130766173,1.1801301216929683,1.1812654876226465,100
2026-01-27 23:05:00+00:00,1.1812654876226465,1.1817823092429094,1.181178057285853,1.181694878906116,100
2026-01-27 23:10:00+00:00,1.181694878906116,1.1823246335104607,1.1814154384133868,1.1820451930177316,100
2026-01-27 23:15:00+00:00,1.1820451930177316,1.1829855916661227,1.182027422150934,1.182967820799325,100
2026-01-27 23:20:00+00:00,1.182967820799325,1.1834366540407273,1.1828142633841423,1.1832830966255445,100
2026-01-27 23:25:00+00:00,1.1832830966255445,1.1834402233383112,1.1826349292023246,1.1827920559150913,100
2026-01-27 23:30:00+00:00,1.1827920559150913,1.1832262618770744,1.1826218490512084,1.1830560550131914,100
2026-01-27 23:35:00+00:00,1.1830560550131914,1.1838755884693992,1.1826483738193752,1.183467907275583,100
2026-01-27 23:40:00+00:00,1.183467907275583,1.1837644481957978,1.1833989517504016,1.1836954926706165,100
2026-01-27 23:45:00+00:00,1.1836954926706165,1.184530621552335,1.1836737884085864,1.184508917290305,100
2026-01-27 23:50:00+00:00,1.184508917290305,1.1845321885836992,1.184226382573291,1.1842496538666853,100
2026-01-27 23:55:00+00:00,1.1842496538666853,1.1856191712860513,1.1841365747002957,1.1855060921196616,100
2026-01-28 00:00:00+00:00,1.1855060921196616,1.1860679175381774,1.1854670978935113,1.1860289233120271,100
2026-01-28 00:05:00+00:00,1.1860289233120271,1.1862660171433648,1.185895668924083,1.1861327627554206,100
2026-01-28 00:10:00+00:00,1.1861327627554206,1.1861714144320146,1.185705910960536,1.18574456263713,100
2026-01-28 00:15:00+00:00,1.18574456263713,1.185820243071717,1.1853773738352147,1.1854530542698019,100
2026-01-28 00:20:00+00:00,1.1854530542698019,1.1856844513574354,1.184921188528824,1.1851525856164575,100
2026-01-28 00:25:00+00:00,1.1851525856164575,1.1853208268757474,1.1848319811327068,1.1850002223919966,100
2026-01-28 00:30:00+00:00,1.1850002223919966,1.1852894078647578,1.1849770213487483,1.1852662068215094,100
2026-01-28 00:35:00+00:00,1.1852662068215094,1.185311338044433,1.1852408844355087,1.1852860156584322,100
2026-01-28 00:40:00+00:00,1.1852860156584322,1.1856600534865405,1.1852578758967136,1.185631913724822,100
2026-01-28 00:45:00+00:00,1.185631913724822,1.185820393536182,1.1851727822851603,1.1853612620965204,100
2026-01-28 00:50:00+00:00,1.1853612620965204,1.1858496877125522,1.1850908887233682,1.1855793143394,100
2026-01-28 00:55:00+00:00,1.1855793143394,1.1856687704897324,1.1855459431831739,1.1856353993335063,100
2026-01-28 01:00:00+00:00,1.1856353993335063,1.185826050392787,1.1850848335947461,1.185275484654027,100
2026-01-28 01:05:00+00:00,1.185275484654027,1.1857644659319229,1.1851688633199757,1.1856578445978716,100
2026-01-28 01:10:00+00:00,1.1856578445978716,1.185795312107272,1.1854610806683359,1.1855985481777362,100
2026-01-28 01:15:00+00:00,1.1855985481777362,1.185667457647368,1.1851413251492169,1.1852102346188487,100
2026-01-28 01:20:00+00:00,1.1852102346188487,1.1858422162498004,1.1848537843506457,1.1854857659815974,100
2026-01-28 01:25:00+00:00,1.1854857659815974,1.186364100417804,1.185432771820696,1.1863111062569027,100
2026-01-28 01:30:00+00:00,1.1863111062569027,1.1870294973730304,1.186146237132997,1.1868646282491246,100
2026-01-28 01:35:00+00:00,1.1868646282491246,1.1870978805906724,1.1864275263842816,1.1866607787258294,100
2026-01-28 01:40:00+00:00,1.1866607787258294,1.1867610558604538,1.1863239437311175,1.1864242208657418,100
2026-01-28 01:45:00+00:00,1.1864242208657418,1.1865877618150726,1.1857992688846308,1.1859628098339616,100
2026-01-28 01:50:00+00:00,1.1859628098339616,1.1859812662388936,1.1853750977465711,1.185393554151503,100
2026-01-28 01:55:00+00:00,1.185393554151503,1.1855485766876284,1.185082842221568,1.1852378647576933,100
2026-01-28 02:00:00+00:00,1.1852378647576933,1.1859733952540243,1.185094374177803,1.185829904674134,100
2026-01-28 02:05:00+00:00,1.185829904674134,1.1859810978058427,1.1854000213085756,1.1855512144402842,100
2026-01-28 02:10:00+00:00,1.1855512144402842,1.1857508720583951,1.1855299683378286,1.1857296259559396,100
2026-01-28 02:15:00+00:00,1.1857296259559396,1.1862936427159378,1.1856785859673988,1.1862426027273971,100
2026-01-28 02:20:00+00:00,1.1862426027273971,1.1866856923235232,1.1861208222057935,1.1865639118019196,100
2026-01-28 02:25:00+00:00,1.1865639118019196,1.1867384225637643,1.1862766212896438,1.1864511320514886,100
2026-01-28 02:30:00+00:00,1.1864511320514886,1.186673976232368,1.1857841597681402,1.1860070039490196,100
2026-01-28 02:35:00+00:00,1.1860070039490196,1.1860285213157526,1.1859273514970365,1.1859488688637696,100
2026-01-28 02:40:00+00:00,1.1859488688637696,1.1864364633722495,1.1856895677916819,1.1861771623001618,100
2026-01-28 02:45:00+00:00,1.1861771623001618,1.1863976273652268,1.186039324922285,1.18625978998735,100
2026-01-28 02:50:00+00:00,1.18625978998735,1.1865964887054725,1.1862347344526682,1.1865714331707908,100
2026-01-28 02:55:00+00:00,1.1865714331707908,1.1871781225567895,1.1863884274488667,1.1869951168348654,100
2026-01-28 03:00:00+00:00,1.1869951168348654,1.1876751437116673,1.1869638978655122,1.187643924742314,100
2026-01-28 03:05:00+00:00,1.187643924742314,1.1884080073697518,1.1875599584538485,1.1883240410812863,100
2026-01-28 03:10:00+00:00,1.1883240410812863,1.1883382649133631,1.1880888521306803,1.188103075962757,100
2026-01-28 03:15:00+00:00,1.188103075962757,1.1889136064783137,1.1880731845878687,1.1888837151034253,100
2026-01-28 03:20:00+00:00,1.1888837151034253,1.1889608087702017,1.1876494219306006,1.187726515597377,100
2026-01-28 03:25:00+00:00,1.187726515597377,1.1889357608341242,1.1875309820161533,1.1887402272529004,100
2026-01-28 03:30:00+00:00,1.1887402272529004,1.188861413763019,1.1882262968832595,1.188347483393378,100
2026-01-28 03:35:00+00:00,1.188347483393378,1.1884468204130998,1.1882450278007164,1.1883443648204381,100
2026-01-28 03:40:00+00:00,1.1883443648204381,1.1885306427031077,1.1879912942934392,1.1881775721761088,100
2026-01-28 03:45:00+00:00,1.1881775721761088,1.1887493075186453,1.188039032925837,1.1886107682683735,100
2026-01-28 03:50:00+00:00,1.1886107682683735,1.1886753746294918,1.1879151716137963,1.1879797779749146,100
2026-01-28 03:55:00+00:00,1.1879797779749146,1.188269097927851,1.1879144529354573,1.1882037728883936,100
2026-01-28 04:00:00+00:00,1.1882037728883936,1.1883530463676015,1.1880609181306419,1.1882101916098498,100
2026-01-28 04:05:00+00:00,1.1882101916098498,1.1883979697170466,1.1879745449790757,1.1881623230862726,100
2026-01-28 04:10:00+00:00,1.1881623230862726,1.188570045189975,1.1881039198823935,1.188511641986096,100
2026-01-28 04:15:00+00:00,1.188511641986096,1.1896827837231927,1.1881903224446757,1.1893614641817725,100
2026-01-28 04:20:00+00:00,1.1893614641817725,1.189708522417431,1.1891765530713598,1.1895236113070184,100
2026-01-28 04:25:00+00:00,1.1895236113070184,1.1896649949067348,1.1888919422737043,1.1890333258734207,100
2026-01-28 04:30:00+00:00,1.1890333258734207,1.1898919556653582,1.1888814735936455,1.189740103385583,100
2026-01-28 04:35:00+00:00,1.189740103385583,1.1899403229107273,1.1894632766677158,1.18966349619286,100
2026-01-28 04:40:00+00:00,1.18966349619286,1.189992245057456,1.1895582138336944,1.1898869626982904,100
2026-01-28 04:45:00+00:00,1.1898869626982904,1.1899835537070127,1.1898661558437043,1.1899627468524265,100
2026-01-28 04:50:00+00:00,1.1899627468524265,1.1909554434387337,1.1898902724945974,1.1908829690809046,100
2026-01-28 04:55:00+00:00,1.1908829690809046,1.1911095059382244,1.1908734593974033,1.191099996254723,100
2026-01-28 05:00:00+00:00,1.191099996254723,1.1918697682705457,1.1910036055875401,1.1917733776033628,100
2026-01-28 05:05:00+00:00,1.1917733776033628,1.1919072819468601,1.1916020124648061,1.1917359168083035,100
2026-01-28 05:10:00+00:00,1.1917359168083035,1.1922850113643766,1.19157964380884,1.192128738364913,100
2026-01-28 05:15:00+00:00,1.192128738364913,1.1924928222251239,1.1920518342259117,1.1924159180861225,100
2026-01-28 05:20:00+00:00,1.1924159180861225,1.193160398371213,1.1921960190904075,1.192940499375498,100
2026-01-28 05:25:00+00:00,1.192940499375498,1.193387449594402,1.1927864377809767,1.1932333879998807,100
2026-01-28 05:30:00+00:00,1.1932333879998807,1.1934040058577755,1.1930362046399938,1.1932068224978887,100
2026-01-28 05:35:00+00:00,1.1932068224978887,1.19399057307683,1.1931885919076783,1.1939723424866198,100
2026-01-28 05:40:00+00:00,1.1939723424866198,1.1944843239781748,1.193881651913558,1.194393633405113,100
2026-01-28 05:45:00+00:00,1.194393633405113,1.1947696542644297,1.194218856130314,1.1945948769896306,100
2026-01-28 05:50:00+00:00,1.1945948769896306,1.1953641875970253,1.1944634278981447,1.1952327385055395,100
2026-01-28 05:55:00+00:00,1.1952327385055395,1.1952552156088216,1.194992383785949,1.1950148608892313,100
2026-01-28 06:00:00+00:00,1.1950148608892313,1.1956936802066847,1.1947791309606353,1.1954579502780887,100
2026-01-28 06:05:00+00:00,1.1954579502780887,1.1959043125550197,1.1953948755010313,1.1958412377779624,100
2026-01-28 06:10:00+00:00,1.1958412377779624,1.1963600001519936,1.1957202173332198,1.196238979707251,100
2026-01-28 06:15:00+00:00,1.196238979707251,1.1969310097479693,1.1962014586088825,1.1968934886496008,100
2026-01-28 06:20:00+00:00,1.1968934886496008,1.1969841377626067,1.1967025071510689,1.1967931562640748,100
2026-01-28 06:25:00+00:00,1.1967931562640748,1.1970150182093098,1.1967324326263513,1.1969542945715863,100
2026-01-28 06:30:00+00:00,1.1969542945715863,1.1971222385704496,1.196781901945947,1.1969498459448102,100
2026-01-28 06:35:00+00:00,1.1969498459448102,1.1975309470531434,1.1968827916214655,1.1974638927297987,100
2026-01-28 06:40:00+00:00,1.1974638927297987,1.1975173117139752,1.1972388174208002,1.1972922364049767,100
2026-01-28 06:45:00+00:00,1.1972922364049767,1.1973264620807818,1.1970011428803171,1.1970353685561221,100
2026-01-28 06:50:00+00:00,1.1970353685561221,1.1973408118707016,1.1968924721541312,1.1971979154687107,100
2026-01-28 06:55:00+00:00,1.1971979154687107,1.197415232205754,1.1964823525509332,1.1966996692879766,100
2026-01-28 07:00:00+00:00,1.1966996692879766,1.1970821999191388,1.196669082917588,1.1970516135487501,100
2026-01-28 07:05:00+00:00,1.1970516135487501,1.1971936548026785,1.196963056447131,1.1971050977010593,100
2026-01-28 07:10:00+00:00,1.1971050977010593,1.1975049872380075,1.1970061915255719,1.19740608106252,100
2026-01-28 07:15:00+00:00,1.19740608106252,1.1977721626976883,1.1971627771538795,1.1975288587890478,100
2026-01-28 07:20:00+00:00,1.1975288587890478,1.1976086838655995,1.197065394076204,1.1971452191527556,100
2026-01-28 07:25:00+00:00,1.1971452191527556,1.1972732630567955,1.1958640648740222,1.195992108778062,100
2026-01-28 07:30:00+00:00,1.195992108778062,1.1966083366637448,1.1959518354392304,1.1965680633249132,100
2026-01-28 07:35:00+00:00,1.1965680633249132,1.1967067200949784,1.1962728648218381,1.1964115215919033,100
2026-01-28 07:40:00+00:00,1.1964115215919033,1.1965050933093426,1.1960212408696473,1.1961148125870866,100
2026-01-28 07:45:00+00:00,1.1961148125870866,1.1961152468979175,1.1957594564883318,1.1957598907991627,100
2026-01-28 07:50:00+00:00,1.1957598907991627,1.1959316831040885,1.1957431991463428,1.1959149914512686,100
2026-01-28 07:55:00+00:00,1.1959149914512686,1.1960636266204034,1.1958397058510861,1.195988341020221,100
2026-01-28 08:00:00+00:00,1.195988341020221,1.1963918605081125,1.1958888154090228,1.1962923348969143,100
2026-01-28 08:05:00+00:00,1.1962923348969143,1.1972000240209872,1.196118695359566,1.1970263844836389,100
2026-01-28 08:10:00+00:00,1.1970263844836389,1.197219900579278,1.1969122175124698,1.197105733608109,100
2026-01-28 08:15:00+00:00,1.197105733608109,1.197205818111262,1.1970146771585175,1.1971147616616704,100
2026-01-28 08:20:00+00:00,1.1971147616616704,1.1975501924749818,1.197040001348024,1.1974754321613355,100
2026-01-28 08:25:00+00:00,1.1974754321613355,1.197832843797135,1.1974684778496043,1.197825889485404,100
2026-01-28 08:30:00+00:00,1.197825889485404,1.1979942989372414,1.197213524182111,1.1973819336339484,100
2026-01-28 08:35:00+00:00,1.1973819336339484,1.1977010834300492,1.1971268241645259,1.1974459739606267,100
2026-01-28 08:40:00+00:00,1.1974459739606267,1.1975551794011066,1.1972536495322765,1.1973628549727564,100
2026-01-28 08:45:00+00:00,1.1973628549727564,1.1981343276729872,1.1971958490645447,1.1979673217647755,100
2026-01-28 08:50:00+00:00,1.1979673217647755,1.1986859004365482,1.1978736143539475,1.1985921930257202,100
2026-01-28 08:55:00+00:00,1.1985921930257202,1.1988024334761722,1.198158107228727,1.198368347679179,100
2026-01-28 09:00:00+00:00,1.198368347679179,1.1983769652137415,1.1977176602472601,1.1977262777818225,100
2026-01-28 09:05:00+00:00,1.1977262777818225,1.1987175871589342,1.1976254502491153,1.198616759626227,100
2026-01-28 09:10:00+00:00,1.198616759626227,1.1987551949175472,1.1979960208038085,1.1981344560951288,100
2026-01-28 09:15:00+00:00,1.1981344560951288,1.1982226373319353,1.1971045171494112,1.1971926983862178,100
2026-01-28 09:20:00+00:00,1.1971926983862178,1.1979976492221978,1.1970340607087926,1.1978390115447726,100
2026-01-28 09:25:00+00:00,1.1978390115447726,1.1979873735627256,1.1971073337921265,1.1972556958100795,100
2026-01-28 09:30:00+00:00,1.1972556958100795,1.198484439874851,1.1972198846809565,1.198448628745728,100
2026-01-28 09:35:00+00:00,1.198448628745728,1.1986389701934932,1.1980515345566733,1.1982418760044384,100
2026-01-28 09:40:00+00:00,1.1982418760044384,1.1983246412124737,1.198232272433842,1.1983150376418772,100
2026-01-28 09:45:00+00:00,1.1983150376418772,1.198570670838519,1.1980530105888993,1.1983086437855412,100
2026-01-28 09:50:00+00:00,1.1983086437855412,1.1985574871864249,1.1982832627736844,1.198532106174568,100
2026-01-28 09:55:00+00:00,1.198532106174568,1.1987291034680976,1.1981488896130916,1.1983458869066212,100
2026-01-28 10:00:00+00:00,1.1983458869066212,1.1989071160652096,1.1983358686157632,1.1988970977743516,100
2026-01-28 10:05:00+00:00,1.1988970977743516,1.1989591856160526,1.197866204477063,1.197928292318764,100
2026-01-28 10:10:00+00:00,1.197928292318764,1.1979417208280234,1.1979212369172811,1.1979346654265406,100
2026-01-28 10:15:00+00:00,1.1979346654265406,1.1982393062868049,1.1976420431074022,1.1979466839676665,100
2026-01-28 10:20:00+00:00,1.1979466839676665,1.1986004243074768,1.197907462543,1.1985612028828103,100
2026-01-28 10:25:00+00:00,1.1985612028828103,1.1993886019603692,1.1982865131322724,1.1991139122098313,100
2026-01-28 10:30:00+00:00,1.1991139122098313,1.200060654226325,1.1987355210752089,1.1996822630917026,100
2026-01-28 10:35:00+00:00,1.1996822630917026,1.200012922346144,1.1994966648598666,1.199827324114308,100
2026-01-28 10:40:00+00:00,1.199827324114308,1.199948623827049,1.1995506420130488,1.1996719417257897,100
2026-01-28 10:45:00+00:00,1.1996719417257897,1.2005107834834692,1.1995746909756504,1.2004135327333298,100
2026-01-28 10:50:00+00:00,1.2004135327333298,1.2004384190628297,1.200167950600377,1.2001928369298769,100
2026-01-28 10:55:00+00:00,1.2001928369298769,1.2002669053889898,1.1994487720787401,1.199522840537853,100
2026-01-28 11:00:00+00:00,1.199522840537853,1.199626867184966,1.1991552597287771,1.19925928637589,100
2026-01-28 11:05:00+00:00,1.19925928637589,1.199877708379696,1.1991446489940372,1.1997630709978433,100
2026-01-28 11:10:00+00:00,1.1997630709978433,1.1998280589362673,1.1995167751696,1.1995817631080241,100
2026-01-28 11:15:00+00:00,1.1995817631080241,1.1996065243724148,1.1987909276981052,1.198815688962496,100
2026-01-28 11:20:00+00:00,1.198815688962496,1.1988362488298696,1.1980267264709727,1.1980472863383465,100
2026-01-28 11:25:00+00:00,1.1980472863383465,1.1981319780713853,1.1980386742656568,1.1981233659986956,100
2026-01-28 11:30:00+00:00,1.1981233659986956,1.1986626916267364,1.1980564929905801,1.198595818618621,100
2026-01-28 11:35:00+00:00,1.198595818618621,1.1992286946804522,1.1984097323601322,1.1990426084219634,100
2026-01-28 11:40:00+00:00,1.1990426084219634,1.199347055433621,1.1988758837916698,1.1991803308033273,100
2026-01-28 11:45:00+00:00,1.1991803308033273,1.199620333757142,1.199043867889523,1.1994838708433377,100
2026-01-28 11:50:00+00:00,1.1994838708433377,1.1999167579461456,1.1993651600759339,1.1997980471787417,100
2026-01-28 11:55:00+00:00,1.1997980471787417,1.200479613582376,1.1996380917145748,1.2003196581182092,100
2026-01-28 12:00:00+00:00,1.2003196581182092,1.2004762689124768,1.1992779402198386,1.1994345510141062,100
2026-01-28 12:05:00+00:00,1.1994345510141062,1.1994519655209286,1.1989552562006291,1.1989726707074515,100
2026-01-28 12:10:00+00:00,1.1989726707074515,1.199132470440547,1.1986907288873614,1.198850528620457,100
2026-01-28 12:15:00+00:00,1.198850528620457,1.1993108563019799,1.1986799062040134,1.1991402338855364,100
2026-01-28 12:20:00+00:00,1.1991402338855364,1.1993038636624165,1.198458919687289,1.1986225494641691,100
2026-01-28 12:25:00+00:00,1.1986225494641691,1.1986625838156293,1.198151012029992,1.1981910463814522,100
2026-01-28 12:30:00+00:00,1.1981910463814522,1.19823626810422,1.197560776417816,1.1976059981405838,100
2026-01-28 12:35:00+00:00,1.1976059981405838,1.1980969127988568,1.197460067720744,1.197950982379017,100
2026-01-28 12:40:00+00:00,1.197950982379017,1.1980898144369325,1.1978877984675644,1.1980266305254799,100
2026-01-28 12:45:00+00:00,1.1980266305254799,1.1981926230334086,1.1976636028378764,1.1978295953458051,100
2026-01-28 12:50:00+00:00,1.1978295953458051,1.1979563121624766,1.1973815502827396,1.197508267099411,100
2026-01-28 12:55:00+00:00,1.197508267099411,1.197685116040611,1.1974372391392347,1.1976140880804347,100
2026-01-28 13:00:00+00:00,1.1976140880804347,1.1979364675250423,1.19756163715395,1.1978840165985576,100
2026-01-28 13:05:00+00:00,1.1978840165985576,1.1979622762137456,1.196912689723045,1.1969909493382331,100
2026-01-28 13:10:00+00:00,1.1969909493382331,1.1972517675490328,1.1968144732311383,1.197075291441938,100
2026-01-28 13:15:00+00:00,1.197075291441938,1.197432485559184,1.196786168043808,1.197143362161054,100
2026-01-28 13:20:00+00:00,1.197143362161054,1.1976345289752288,1.1969963947373652,1.19748756155154,100
2026-01-28 13:25:00+00:00,1.19748756155154,1.19831742637068,1.1973500216497057,1.1981798864688458,100
2026-01-28 13:30:00+00:00,1.1981798864688458,1.1983233263972581,1.197651414202032,1.1977948541304444,100
2026-01-28 13:35:00+00:00,1.1977948541304444,1.1980455922656308,1.1977407710094297,1.197991509144616,100
2026-01-28 13:40:00+00:00,1.197991509144616,1.1984822569219338,1.197941626305603,1.1984323740829208,100
2026-01-28 13:45:00+00:00,1.1984323740829208,1.1992985185645475,1.1982527081350753,1.199118852616702,100
2026-01-28 13:50:00+00:00,1.199118852616702,1.1993521765365887,1.1990993225538036,1.1993326464736902,100
2026-01-28 13:55:00+00:00,1.1993326464736902,1.2003001376448221,1.1992733976856493,1.2002408888567813,100
2026-01-28 14:00:00+00:00,1.2002408888567813,1.2006229492476457,1.200188670686979,1.2005707310778435,100
2026-01-28 14:05:00+00:00,1.2005707310778435,1.2010642533836537,1.2005630144099568,1.201056536715767,100
2026-01-28 14:10:00+00:00,1.201056536715767,1.2017581651304496,1.2009344480005397,1.2016360764152223,100
2026-01-28 14:15:00+00:00,1.2016360764152223,1.2017532696398585,1.2008141366754284,1.2009313299000646,100
2026-01-28 14:20:00+00:00,1.2009313299000646,1.2010321063307168,1.2007084155024366,1.2008091919330888,100
2026-01-28 14:25:00+00:00,1.2008091919330888,1.2010086241296964,1.2004405374486662,1.2006399696452739,100
2026-01-28 14:30:00+00:00,1.2006399696452739,1.2010345564735996,1.2004222070949992,1.200816793923325,100
2026-01-28 14:35:00+00:00,1.200816793923325,1.2009097758930616,1.200321595840057,1.2004145778097937,100
2026-01-28 14:40:00+00:00,1.2004145778097937,1.2010399186464238,1.2002121113724156,1.2008374522090457,100
2026-01-28 14:45:00+00:00,1.2008374522090457,1.2016489216263013,1.2004805840239805,1.2012920534412361,100
2026-01-28 14:50:00+00:00,1.2012920534412361,1.2016361715552213,1.20056739170837,1.200911509822355,100
2026-01-28 14:55:00+00:00,1.200911509822355,1.200975333309771,1.2007608462114436,1.2008246696988596,100
2026-01-28 15:00:00+00:00,1.2008246696988596,1.2013634810850824,1.2007344280496115,1.2012732394358343,100
2026-01-28 15:05:00+00:00,1.2012732394358343,1.2013744434137772,1.2012106032542311,1.201311807232174,100
2026-01-28 15:10:00+00:00,1.201311807232174,1.2016690047213063,1.2012470921313776,1.20160428962051,100
2026-01-28 15:15:00+00:00,1.20160428962051,1.2016838115121742,1.2011651698658135,1.2012446917574777,100
2026-01-28 15:20:00+00:00,1.2012446917574777,1.2019582397581228,1.201183647721502,1.2018971957221471,100
2026-01-28 15:25:00+00:00,1.2018971957221471,1.2021527886938195,1.2015689303818538,1.201824523353526,100
2026-01-28 15:30:00+00:00,1.201824523353526,1.2021512670747738,1.2017555537933402,1.202082297514588,100
2026-01-28 15:35:00+00:00,1.202082297514588,1.2033917622618764,1.2020173099529887,1.2033267747002772,100
2026-01-28 15:40:00+00:00,1.2033267747002772,1.203790827995523,1.2031805435739151,1.203644596869161,100
2026-01-28 15:45:00+00:00,1.203644596869161,1.204114998010853,1.2036151718508095,1.2040855729925015,100
2026-01-28 15:50:00+00:00,1.2040855729925015,1.2041734401653468,1.203223747845954,1.2033116150187992,100
2026-01-28 15:55:00+00:00,1.2033116150187992,1.2044646394016811,1.2032101079412905,1.2043631323241724,100
2026-01-28 16:00:00+00:00,1.2043631323241724,1.2045168161666735,1.2040422024270694,1.2041958862695705,100
2026-01-28 16:05:00+00:00,1.2041958862695705,1.2043367977075048,1.2041894086556113,1.2043303200935456,100
2026-01-28 16:10:00+00:00,1.2043303200935456,1.2046343956232477,1.2041616511568851,1.2044657266865872,100
2026-01-28 16:15:00+00:00,1.2044657266865872,1.2046677577665121,1.2041097354911035,1.2043117665710283,100
2026-01-28 16:20:00+00:00,1.2043117665710283,1.2048655450464807,1.204191316186105,1.2047450946615574,100
2026-01-28 16:25:00+00:00,1.2047450946615574,1.2047728177209793,1.2037656409021735,1.2037933639615954,100
2026-01-28 16:30:00+00:00,1.2037933639615954,1.2041198576859184,1.203600036470686,1.203926530195009,100
2026-01-28 16:35:00+00:00,1.203926530195009,1.204230469396288,1.2037537016090523,1.2040576408103312,100
2026-01-28 16:40:00+00:00,1.2040576408103312,1.2040673343416588,1.2040261052916215,1.204035798822949,100
2026-01-28 16:45:00+00:00,1.204035798822949,1.2044531662400881,1.2039085771332625,1.2043259445504015,100
2026-01-28 16:50:00+00:00,1.2043259445504015,1.2045043222809386,1.2042969441859326,1.2044753219164697,100
2026-01-28 16:55:00+00:00,1.2044753219164697,1.2047325545074234,1.2039878248523723,1.204245057443326,100
2026-01-28 17:00:00+00:00,1.204245057443326,1.2044022748023462,1.203165666325792,1.203322883684812,100
2026-01-28 17:05:00+00:00,1.203322883684812,1.2034490261683413,1.202547942586048,1.2026740850695772,100
2026-01-28 17:10:00+00:00,1.2026740850695772,1.2027352438886822,1.2020049805585,1.202066139377605,100
2026-01-28 17:15:00+00:00,1.202066139377605,1.2024154642009754,1.2019712107366163,1.2023205355599866,100
2026-01-28 17:20:00+00:00,1.2023205355599866,1.2030925596669961,1.2022619056453274,1.203033929752337,100
2026-01-28 17:25:00+00:00,1.203033929752337,1.203121423352012,1.2027574162305044,1.2028449098301794,100
2026-01-28 17:30:00+00:00,1.2028449098301794,1.2031216872626647,1.2027492378098947,1.20302601524238,100
2026-01-28 17:35:00+00:00,1.20302601524238,1.2033183845014743,1.202952232219341,1.2032446014784355,100
2026-01-28 17:40:00+00:00,1.2032446014784355,1.20397545286649,1.2029695899135193,1.203700441301574,100
2026-01-28 17:45:00+00:00,1.203700441301574,1.2037315831857465,1.2035279015303777,1.2035590434145502,100
2026-01-28 17:50:00+00:00,1.2035590434145502,1.2036685258177326,1.202921938885021,1.2030314212882034,100
2026-01-28 17:55:00+00:00,1.2030314212882034,1.2035464868889514,1.2029993208525476,1.2035143864532956,100
2026-01-28 18:00:00+00:00,1.2035143864532956,1.2036643185232243,1.202479649684952,1.2026295817548807,100
2026-01-28 18:05:00+00:00,1.2026295817548807,1.202846783206212,1.2022286869650352,1.2024458884163665,100
2026-01-28 18:10:00+00:00,1.2024458884163665,1.2025621314909065,1.20129553487602,1.20141177795056,100
2026-01-28 18:15:00+00:00,1.20141177795056,1.2022740528731695,1.2011195382782842,1.2019818132008937,100
2026-01-28 18:20:00+00:00,1.2019818132008937,1.2019846433088979,1.2018746079442166,1.2018774380522208,100
2026-01-28 18:25:00+00:00,1.2018774380522208,1.2018845099225495,1.2016307180965295,1.2016377899668582,100
2026-01-28 18:30:00+00:00,1.2016377899668582,1.202022815675026,1.2014421352809084,1.201827160989076,100
2026-01-28 18:35:00+00:00,1.201827160989076,1.2019752793047807,1.2017084662502944,1.201856584565999,100
2026-01-28 18:40:00+00:00,1.201856584565999,1.20204560910095,1.2017929220831178,1.2019819466180688,100
2026-01-28 18:45:00+00:00,1.2019819466180688,1.2020662355694505,1.2015368926808567,1.2016211816322384,100
2026-01-28 18:50:00+00:00,1.2016211816322384,1.2022579895307248,1.201555075929161,1.2021918838276475,100
2026-01-28 18:55:00+00:00,1.2021918838276475,1.202265534880834,1.2017718166274673,1.2018454676806538,100
2026-01-28 19:00:00+00:00,1.2018454676806538,1.2019768045481423,1.2011189870075423,1.2012503238750307,100
2026-01-28 19:05:00+00:00,1.2012503238750307,1.2013770472219698,1.2010561840425762,1.2011829073895153,100
2026-01-28 19:10:00+00:00,1.2011829073895153,1.2013472251367632,1.2011003339037898,1.2012646516510377,100
2026-01-28 19:15:00+00:00,1.2012646516510377,1.2016217990842109,1.2012429689529203,1.2016001163860934,100
2026-01-28 19:20:00+00:00,1.2016001163860934,1.201897513064444,1.2015754838978014,1.201872880576152,100
2026-01-28 19:25:00+00:00,1.201872880576152,1.202780536481489,1.201821524630707,1.2027291805360438,100
2026-01-28 19:30:00+00:00,1.2027291805360438,1.2027384765850324,1.2024731834679674,1.202482479516956,100
2026-01-28 19:35:00+00:00,1.202482479516956,1.2030967083154582,1.2023078902902997,1.202922119088802,100
2026-01-28 19:40:00+00:00,1.202922119088802,1.2034529774731912,1.2028416901659877,1.203372548550377,100
2026-01-28 19:45:00+00:00,1.203372548550377,1.204421106118453,1.2030032940403204,1.2040518516083965,100
2026-01-28 19:50:00+00:00,1.2040518516083965,1.2047738372150731,1.2039606244098309,1.2046826100165076,100
2026-01-28 19:55:00+00:00,1.2046826100165076,1.2048199610873997,1.2040294875159268,1.204166838586819,100
2026-01-28 20:00:00+00:00,1.204166838586819,1.2042479872959175,1.2037335487592897,1.2038146974683883,100
2026-01-28 20:05:00+00:00,1.2038146974683883,1.2041074706150037,1.203786409779913,1.2040791829265283,100
2026-01-28 20:10:00+00:00,1.2040791829265283,1.2052403989630829,1.203724901048092,1.2048861170846465,100
2026-01-28 20:15:00+00:00,1.2048861170846465,1.2060157477876046,1.2048185008792558,1.2059481315822138,100
2026-01-28 20:20:00+00:00,1.2059481315822138,1.2060074659078184,1.2058936630866397,1.2059529974122443,100
2026-01-28 20:25:00+00:00,1.2059529974122443,1.2061520580529344,1.205770794590357,1.2059698552310472,100
2026-01-28 20:30:00+00:00,1.2059698552310472,1.2061931777456036,1.2059114306231877,1.2061347531377442,100
2026-01-28 20:35:00+00:00,1.2061347531377442,1.2072044371764998,1.2056502589023768,1.2067199429411324,100
2026-01-28 20:40:00+00:00,1.2067199429411324,1.2074136632520034,1.2066442655859153,1.2073379858967863,100
2026-01-28 20:45:00+00:00,1.2073379858967863,1.207863237888698,1.2073050705474422,1.2078303225393539,100
2026-01-28 20:50:00+00:00,1.2078303225393539,1.2085096867147618,1.207757134132711,1.2084364983081188,100
2026-01-28 20:55:00+00:00,1.2084364983081188,1.208984609968311,1.208394393117678,1.2089425047778701,100
2026-01-28 21:00:00+00:00,1.2089425047778701,1.2091812505515867,1.2087705856199034,1.2090093313936199,100
2026-01-28 21:05:00+00:00,1.2090093313936199,1.2092406968417324,1.2088533983883423,1.2090847638364548,100
2026-01-28 21:10:00+00:00,1.2090847638364548,1.2096156658667614,1.2089919409879113,1.2095228430182179,100
2026-01-28 21:15:00+00:00,1.2095228430182179,1.2099306555848588,1.209445347287094,1.209853159853735,100
2026-01-28 21:20:00+00:00,1.209853159853735,1.2100048167258035,1.2097122524481723,1.2098639093202408,100
2026-01-28 21:25:00+00:00,1.2098639093202408,1.210592140779871,1.209840977079102,1.2105692085387323,100
2026-01-28 21:30:00+00:00,1.2105692085387323,1.2112132468724088,1.2103623087247595,1.211006347058436,100
2026-01-28 21:35:00+00:00,1.211006347058436,1.2110171898960043,1.2104479637133347,1.210458806550903,100
2026-01-28 21:40:00+00:00,1.210458806550903,1.2113259381748214,1.2103927825219716,1.21125991414589,100
2026-01-28 21:45:00+00:00,1.21125991414589,1.2120149560924138,1.2110483559902687,1.2118033979367926,100
2026-01-28 21:50:00+00:00,1.2118033979367926,1.2121878032545055,1.211351289497449,1.2117356948151619,100
2026-01-28 21:55:00+00:00,1.2117356948151619,1.2126398485711791,1.2116114919654097,1.212515645721427,100
2026-01-28 22:00:00+00:00,1.212515645721427,1.2125818385615752,1.2120508882632732,1.2121170811034214,100
2026-01-28 22:05:00+00:00,1.2121170811034214,1.212378866507683,1.2120446272792653,1.2123064126835268,100
2026-01-28 22:10:00+00:00,1.2123064126835268,1.2129886209501146,1.2121509585536914,1.2128331668202792,100
2026-01-28 22:15:00+00:00,1.2128331668202792,1.2130935719019023,1.2126343357903289,1.212894740871952,100
2026-01-28 22:20:00+00:00,1.212894740871952,1.2129500554040777,1.2126282512877946,1.2126835658199204,100
2026-01-28 22:25:00+00:00,1.2126835658199204,1.2134669356970633,1.2125674377533633,1.2133508076305062,100
2026-01-28 22:30:00+00:00,1.2133508076305062,1.21348192581284,1.2131432352106093,1.213274353392943,100
2026-01-28 22:35:00+00:00,1.213274353392943,1.2136493905048837,1.2126883214692812,1.2130633585812218,100
2026-01-28 22:40:00+00:00,1.2130633585812218,1.213174200515312,1.2126107624560538,1.212721604390144,100
2026-01-28 22:45:00+00:00,1.212721604390144,1.2134271630854483,1.2126514465811553,1.2133570052764595,100
2026-01-28 22:50:00+00:00,1.2133570052764595,1.2134003468917511,1.2132410012812906,1.2132843428965823,100
2026-01-28 22:55:00+00:00,1.2132843428965823,1.2134895932552605,1.2126134073986925,1.2128186577573707,100
2026-01-28 23:00:00+00:00,1.2128186577573707,1.2128783178356837,1.2124553661287234,1.2125150262070363,100
2026-01-28 23:05:00+00:00,1.2125150262070363,1.2125349596525143,1.2121107111985694,1.2121306446440474,100
2026-01-28 23:10:00+00:00,1.2121306446440474,1.212245046287382,1.2115738517041494,1.211688253347484,100
2026-01-28 23:15:00+00:00,1.211688253347484,1.2116983247001258,1.2113216452231002,1.211331716575742,100
2026-01-28 23:20:00+00:00,1.211331716575742,1.211369735834667,1.2105985396190189,1.2106365588779437,100
2026-01-28 23:25:00+00:00,1.2106365588779437,1.210666818250515,1.2094878178158615,1.2095180771884326,100
2026-01-28 23:30:00+00:00,1.2095180771884326,1.2097702084114372,1.2087416301369456,1.2089937613599502,100
2026-01-28 23:35:00+00:00,1.2089937613599502,1.21002477634392,1.2088878228726831,1.209918837856653,100
2026-01-28 23:40:00+00:00,1.209918837856653,1.2106938791240773,1.2096732103084664,1.2104482515758908,100
2026-01-28 23:45:00+00:00,1.2104482515758908,1.210540944147927,1.2095124407765254,1.2096051333485616,100
2026-01-28 23:50:00+00:00,1.2096051333485616,1.2104139071859632,1.2094280579853791,1.2102368318227807,100
2026-01-28 23:55:00+00:00,1.2102368318227807,1.21098877365424,1.2099886737392183,1.2107406155706775,100
2026-01-29 00:00:00+00:00,1.2107406155706775,1.210890755291438,1.2103167837925328,1.2104669235132934,100
2026-01-29 00:05:00+00:00,1.2104669235132934,1.2107518816033145,1.2104336974979237,1.2107186555879448,100
2026-01-29 00:10:00+00:00,1.2107186555879448,1.21111337338198,1.2105631438653133,1.2109578616593486,100
2026-01-29 00:15:00+00:00,1.2109578616593486,1.211152551662911,1.210680337387225,1.2108750273907873,100
2026-01-29 00:20:00+00:00,1.2108750273907873,1.2115794701259353,1.210673866865865,1.211378309601013,100
2026-01-29 00:25:00+00:00,1.211378309601013,1.2119999368289176,1.2112739456959194,1.211895572923824,100
2026-01-29 00:30:00+00:00,1.211895572923824,1.2122621402803646,1.2116532041957442,1.2120197715522847,100
2026-01-29 00:35:00+00:00,1.2120197715522847,1.2124142372204803,1.21192468539996,1.2123191510681555,100
2026-01-29 00:40:00+00:00,1.2123191510681555,1.212424180103376,1.2110716239194939,1.2111766529547143,100
2026-01-29 00:45:00+00:00,1.2111766529547143,1.2111939604042765,1.211150467248664,1.2111677746982261,100
2026-01-29 00:50:00+00:00,1.2111677746982261,1.211501043442397,1.2111599180129176,1.2114931867570884,100
2026-01-29 00:55:00+00:00,1.2114931867570884,1.212325211559989,1.211384165051737,1.2122161898546375,100
2026-01-29 01:00:00+00:00,1.2122161898546375,1.2135048271278417,1.2118307952203529,1.213119432493557,100
2026-01-29 01:05:00+00:00,1.213119432493557,1.2131708572727198,1.2127863891726578,1.2128378139518206,100
2026-01-29 01:10:00+00:00,1.2128378139518206,1.2132923134066813,1.2126041822768292,1.21305868173169,100
2026-01-29 01:15:00+00:00,1.21305868173169,1.2131339848440066,1.2125211452905926,1.2125964484029093,100
2026-01-29 01:20:00+00:00,1.2125964484029093,1.2128172473276475,1.2116657993168376,1.2118865982415759,100
2026-01-29 01:25:00+00:00,1.2118865982415759,1.213442802192404,1.2117438431569183,1.2133000471077464,100
2026-01-29 01:30:00+00:00,1.2133000471077464,1.213651686224548,1.2131465132447605,1.2134981523615622,100
2026-01-29 01:35:00+00:00,1.2134981523615622,1.2138465840762405,1.2133225739232707,1.213671005637949,100
2026-01-29 01:40:00+00:00,1.213671005637949,1.214012542806992,1.2135747529627803,1.2139162901318232,100
2026-01-29 01:45:00+00:00,1.2139162901318232,1.2140999646106376,1.2137549365146485,1.213938610993463,100
2026-01-29 01:50:00+00:00,1.213938610993463,1.2145025442520438,1.213917714048636,1.2144816473072169,100
2026-01-29 01:55:00+00:00,1.2144816473072169,1.215166844501478,1.2143241284472877,1.2150093256415488,100
2026-01-29 02:00:00+00:00,1.2150093256415488,1.2151181087224519,1.214568643971381,1.214677427052284,100
2026-01-29 02:05:00+00:00,1.214677427052284,1.2151241840037292,1.2146118347898909,1.2150585917413361,100
2026-01-29 02:10:00+00:00,1.2150585917413361,1.2151495624841266,1.2144344767427875,1.214525447485578,100
2026-01-29 02:15:00+00:00,1.214525447485578,1.2151799258561093,1.2144464280482123,1.2151009064187437,100
2026-01-29 02:20:00+00:00,1.2151009064187437,1.2154552408506591,1.214982687301888,1.2153370217338035,100
2026-01-29 02:25:00+00:00,1.2153370217338035,1.2153941566402888,1.2147503749097777,1.214807509816263,100
2026-01-29 02:30:00+00:00,1.214807509816263,1.214891462566421,1.2141698029859003,1.2142537557360584,100
2026-01-29 02:35:00+00:00,1.2142537557360584,1.2144470278381427,1.213777932032172,1.2139712041342563,100
2026-01-29 02:40:00+00:00,1.2139712041342563,1.2144925476562984,1.213679486394624,1.2142008299166662,100
2026-01-29 02:45:00+00:00,1.2142008299166662,1.2145587076923618,1.2140659612035005,1.2144238389791961,100
2026-01-29 02:50:00+00:00,1.2144238389791961,1.2145975601910852,1.2137697210109761,1.2139434422228652,100
2026-01-29 02:55:00+00:00,1.2139434422228652,1.214140153572322,1.2138035221253738,1.2140002334748305,100
2026-01-29 03:00:00+00:00,1.2140002334748305,1.214063982230185,1.2136448656305308,1.2137086143858853,100
2026-01-29 03:05:00+00:00,1.2137086143858853,1.2139766168895951,1.2135988376632485,1.2138668401669583,100
2026-01-29 03:10:00+00:00,1.2138668401669583,1.2143816505111966,1.213824401846264,1.2143392121905023,100
2026-01-29 03:15:00+00:00,1.2143392121905023,1.21445563398297,1.2141062404647271,1.2142226622571948,100
2026-01-29 03:20:00+00:00,1.2142226622571948,1.2144360783184667,1.213478476885616,1.2136918929468878,100
2026-01-29 03:25:00+00:00,1.2136918929468878,1.2145378608339723,1.2133577681737957,1.2142037360608802,100
2026-01-29 03:30:00+00:00,1.2142037360608802,1.215381272278428,1.2141576674327708,1.2153352036503187,100
2026-01-29 03:35:00+00:00,1.2153352036503187,1.2155546446408951,1.215215429920541,1.2154348709111176,100
2026-01-29 03:40:00+00:00,1.2154348709111176,1.2154891634851457,1.2148758213270103,1.2149301139010384,100
2026-01-29 03:45:00+00:00,1.2149301139010384,1.2152753726323338,1.2148425926980837,1.215187851429379,100
2026-01-29 03:50:00+00:00,1.215187851429379,1.2153767599519076,1.2151375634890358,1.2153264720115644,100
2026-01-29 03:55:00+00:00,1.2153264720115644,1.2157210251855477,1.2151121118322739,1.2155066650062571,100
2026-01-29 04:00:00+00:00,1.2155066650062571,1.2157794081702245,1.2150244349392054,1.2152971781031727,100
2026-01-29 04:05:00+00:00,1.2152971781031727,1.2159784121449486,1.2152958002391605,1.2159770342809364,100
2026-01-29 04:10:00+00:00,1.2159770342809364,1.2170836797033953,1.215866536830069,1.2169731822525278,100
2026-01-29 04:15:00+00:00,1.2169731822525278,1.2172632225127462,1.2162657931054954,1.2165558333657138,100
2026-01-29 04:20:00+00:00,1.2165558333657138,1.2167353018346987,1.2159081409212873,1.2160876093902722,100
2026-01-29 04:25:00+00:00,1.2160876093902722,1.2162274186490931,1.2157545526107214,1.2158943618695424,100
2026-01-29 04:30:00+00:00,1.2158943618695424,1.216110133724127,1.2157087872281993,1.2159245590827839,100
2026-01-29 04:35:00+00:00,1.2159245590827839,1.2162256094980552,1.215756859898945,1.2160579103142164,100
2026-01-29 04:40:00+00:00,1.2160579103142164,1.2163434561892001,1.2156337713979661,1.2159193172729499,100
2026-01-29 04:45:00+00:00,1.2159193172729499,1.2163949144071249,1.2159166018653087,1.2163921989994837,100
2026-01-29 04:50:00+00:00,1.2163921989994837,1.2165533289448782,1.2163794144494187,1.2165405443948132,100
2026-01-29 04:55:00+00:00,1.2165405443948132,1.2165414350416364,1.2158316798167814,1.2158325704636046,100
2026-01-29 05:00:00+00:00,1.2158325704636046,1.2161772493745249,1.2156654433960947,1.216010122307015,100
2026-01-29 05:05:00+00:00,1.216010122307015,1.216735112186835,1.2159657944644469,1.216690784344267,100
2026-01-29 05:10:00+00:00,1.216690784344267,1.2183387140631476,1.216522431024714,1.2181703607435947,100
2026-01-29 05:15:00+00:00,1.2181703607435947,1.2182203955853648,1.2177188627516804,1.2177688975934504,100
2026-01-29 05:20:00+00:00,1.2177688975934504,1.2178575789858468,1.2177662699266258,1.2178549513190222,100
2026-01-29 05:25:00+00:00,1.2178549513190222,1.2179947677189762,1.2178441335678094,1.2179839499677634,100
2026-01-29 05:30:00+00:00,1.2179839499677634,1.2185013108363427,1.2179483159271403,1.2184656767957196,100
2026-01-29 05:35:00+00:00,1.2184656767957196,1.2189683855198186,1.2182810693793575,1.2187837781034565,100
2026-01-29 05:40:00+00:00,1.2187837781034565,1.2188322071856441,1.2181178999857079,1.2181663290678955,100
2026-01-29 05:45:00+00:00,1.2181663290678955,1.2187808008390695,1.2180837585412263,1.2186982303124003,100
2026-01-29 05:50:00+00:00,1.2186982303124003,1.219003122586457,1.2186876971235845,1.2189925893976412,100
2026-01-29 05:55:00+00:00,1.2189925893976412,1.2192056129071516,1.2189144594519505,1.219127482961461,100
2026-01-29 06:00:00+00:00,1.219127482961461,1.2192517340316094,1.2186121891675792,1.2187364402377276,100
2026-01-29 06:05:00+00:00,1.2187364402377276,1.2189286488917044,1.2186607611217521,1.2188529697757289,100
2026-01-29 06:10:00+00:00,1.2188529697757289,1.2195317513408197,1.218714655586309,1.2193934371514,100
2026-01-29 06:15:00+00:00,1.2193934371514,1.2196124852576047,1.219072016440277,1.2192910645464818,100
2026-01-29 06:20:00+00:00,1.2192910645464818,1.2194223303976972,1.218851647641324,1.2189829134925394,100
2026-01-29 06:25:00+00:00,1.2189829134925394,1.2198647401231701,1.2188926546702008,1.2197744813008315,100
2026-01-29 06:30:00+00:00,1.2197744813008315,1.2198283545008037,1.21955017530406,1.2196040485040323,100
2026-01-29 06:35:00+00:00,1.2196040485040323,1.2208426824650915,1.2194329478645431,1.2206715818256024,100
2026-01-29 06:40:00+00:00,1.2206715818256024,1.2216027211452434,1.2206218302174114,1.2215529695370524,100
2026-01-29 06:45:00+00:00,1.2215529695370524,1.2217588529110508,1.2215004483755754,1.2217063317495738,100
2026-01-29 06:50:00+00:00,1.2217063317495738,1.2218365075889175,1.2215458905578842,1.221676066397228,100
2026-01-29 06:55:00+00:00,1.221676066397228,1.222044051515583,1.2216302035083553,1.2219981886267104,100
2026-01-29 07:00:00+00:00,1.2219981886267104,1.2228968426111477,1.2219777826705525,1.2228764366549898,100
2026-01-29 07:05:00+00:00,1.2228764366549898,1.223078633966388,1.2226445615509538,1.222846758862352,100
2026-01-29 07:10:00+00:00,1.222846758862352,1.224295922749195,1.2228208123143578,1.2242699762012008,100
2026-01-29 07:15:00+00:00,1.2242699762012008,1.2251550257389898,1.2241161101811295,1.2250011597189185,100
2026-01-29 07:20:00+00:00,1.2250011597189185,1.2251295157888953,1.2239855036144087,1.2241138596843855,100
2026-01-29 07:25:00+00:00,1.2241138596843855,1.224883137863864,1.2237575218764738,1.2245268000559524,100
2026-01-29 07:30:00+00:00,1.2245268000559524,1.2252777159653572,1.2244418445619927,1.2251927604713975,100
2026-01-29 07:35:00+00:00,1.2251927604713975,1.2260183646953766,1.2251084820528533,1.2259340862768324,100
2026-01-29 07:40:00+00:00,1.2259340862768324,1.2261039234398206,1.2253687174727026,1.2255385546356907,100
2026-01-29 07:45:00+00:00,1.2255385546356907,1.2257789430433605,1.2249845513655566,1.2252249397732264,100
2026-01-29 07:50:00+00:00,1.2252249397732264,1.2263663271681586,1.2249885585768898,1.226129945971822,100
2026-01-29 07:55:00+00:00,1.226129945971822,1.2266119587521034,1.2260039784016583,1.2264859911819397,100
2026-01-29 08:00:00+00:00,1.2264859911819397,1.2265818331012897,1.2259713193267077,1.2260671612460576,100
2026-01-29 08:05:00+00:00,1.2260671612460576,1.2261417401118744,1.2256451886433453,1.225719767509162,100
2026-01-29 08:10:00+00:00,1.225719767509162,1.2264788771500355,1.2255772226300534,1.2263363322709269,100
2026-01-29 08:15:00+00:00,1.2263363322709269,1.226478847311167,1.2255131745963568,1.2256556896365969,100
2026-01-29 08:20:00+00:00,1.2256556896365969,1.2260281360599756,1.2255340853652865,1.2259065317886653,100
2026-01-29 08:25:00+00:00,1.2259065317886653,1.2260752735250058,1.22571594785443,1.2258846895907705,100
2026-01-29 08:30:00+00:00,1.2258846895907705,1.2259070883415917,1.225680996728915,1.2257033954797363,100
2026-01-29 08:35:00+00:00,1.2257033954797363,1.225744365989417,1.2255713810506959,1.2256123515603765,100
2026-01-29 08:40:00+00:00,1.2256123515603765,1.2257204577634524,1.2255098573490184,1.2256179635520943,100
2026-01-29 08:45:00+00:00,1.2256179635520943,1.225778031526677,1.2252639350555357,1.2254240030301184,100
2026-01-29 08:50:00+00:00,1.2254240030301184,1.2259771510271043,1.2253496699951105,1.2259028179920963,100
2026-01-29 08:55:00+00:00,1.2259028179920963,1.2259796175364097,1.2241024235588496,1.224179223103163,100
2026-01-29 09:00:00+00:00,1.224179223103163,1.2243246091734967,1.2238422679778487,1.2239876540481824,100
2026-01-29 09:05:00+00:00,1.2239876540481824,1.2245364034952027,1.2237645424023222,1.2243132918493425,100
2026-01-29 09:10:00+00:00,1.2243132918493425,1.2245345914164267,1.2243096299589211,1.2245309295260054,100
2026-01-29 09:15:00+00:00,1.2245309295260054,1.2245719061699796,1.2242016672722713,1.2242426439162455,100
2026-01-29 09:20:00+00:00,1.2242426439162455,1.2252515616500599,1.224237584876902,1.2252465026107164,100
2026-01-29 09:25:00+00:00,1.2252465026107164,1.2260170923655032,1.225241052930141,1.2260116426849277,100
2026-01-29 09:30:00+00:00,1.2260116426849277,1.2263605486830573,1.2260049313192805,1.22635383731741,100
2026-01-29 09:35:00+00:00,1.22635383731741,1.2263914857042315,1.226242065296327,1.2262797136831485,100
2026-01-29 09:40:00+00:00,1.2262797136831485,1.227635146638205,1.2260632010220607,1.2274186339771171,100
2026-01-29 09:45:00+00:00,1.2274186339771171,1.2274698428439077,1.227362722317811,1.2274139311846015,100
2026-01-29 09:50:00+00:00,1.2274139311846015,1.2275076294416782,1.226367560238654,1.2264612584957306,100
2026-01-29 09:55:00+00:00,1.2264612584957306,1.2266628907516341,1.2264377893258407,1.2266394215817442,100
2026-01-29 10:00:00+00:00,1.2266394215817442,1.2272705698846496,1.2264810428730089,1.2271121911759142,100
2026-01-29 10:05:00+00:00,1.2271121911759142,1.2272156043311773,1.226266040419495,1.226369453574758,100
2026-01-29 10:10:00+00:00,1.226369453574758,1.2264335454369513,1.2260730428207445,1.2261371346829377,100
2026-01-29 10:15:00+00:00,1.2261371346829377,1.2261382045525884,1.2257066991225791,1.2257077689922298,100
2026-01-29 10:20:00+00:00,1.2257077689922298,1.2257554687063121,1.225175348165813,1.2252230478798953,100
2026-01-29 10:25:00+00:00,1.2252230478798953,1.2256591063096276,1.2250408095817535,1.2254768680114858,100
2026-01-29 10:30:00+00:00,1.2254768680114858,1.2256799087128687,1.225349944874433,1.2255529855758158,100
2026-01-29 10:35:00+00:00,1.2255529855758158,1.2257427319002396,1.2254717793819092,1.225661525706333,100
2026-01-29 10:40:00+00:00,1.225661525706333,1.2257081418592621,1.2250771104629774,1.2251237266159065,100
2026-01-29 10:45:00+00:00,1.2251237266159065,1.225732849795727,1.2250661183194949,1.2256752414993153,100
2026-01-29 10:50:00+00:00,1.2256752414993153,1.2257884877527143,1.2255532619974772,1.2256665082508762,100
2026-01-29 10:55:00+00:00,1.2256665082508762,1.2260296382895608,1.2256065046464155,1.2259696346851001,100
2026-01-29 11:00:00+00:00,1.2259696346851001,1.2261853241593947,1.2255489204570842,1.2257646099313788,100
2026-01-29 11:05:00+00:00,1.2257646099313788,1.2259597877149573,1.2254069025317078,1.2256020803152863,100
2026-01-29 11:10:00+00:00,1.2256020803152863,1.2256817603776164,1.2249876920698135,1.2250673721321437,100
2026-01-29 11:15:00+00:00,1.2250673721321437,1.2251230884480484,1.2247270917378141,1.2247828080537189,100
2026-01-29 11:20:00+00:00,1.2247828080537189,1.224973259125468,1.223717234481581,1.2239076855533302,100
2026-01-29 11:25:00+00:00,1.2239076855533302,1.2239862858720636,1.2234767953791181,1.2235553956978515,100
2026-01-29 11:30:00+00:00,1.2235553956978515,1.2242803339976411,1.2233203458015474,1.224045284101337,100
2026-01-29 11:35:00+00:00,1.224045284101337,1.2241439968475025,1.223713299947793,1.2238120126939587,100
2026-01-29 11:40:00+00:00,1.2238120126939587,1.2245833999684181,1.223656075108537,1.2244274623829965,100
2026-01-29 11:45:00+00:00,1.2244274623829965,1.224643218000728,1.2243641892568002,1.2245799448745318,100
2026-01-29 11:50:00+00:00,1.2245799448745318,1.2248800458902427,1.2244664632596207,1.2247665642753316,100
2026-01-29 11:55:00+00:00,1.2247665642753316,1.225245948343957,1.2245982618039997,1.2250776458726251,100
2026-01-29 12:00:00+00:00,1.2250776458726251,1.2256265055457705,1.2246717313487585,1.2252205910219038,100
2026-01-29 12:05:00+00:00,1.2252205910219038,1.2257911305566225,1.2252001718123062,1.2257707113470249,100
2026-01-29 12:10:00+00:00,1.2257707113470249,1.226650939869721,1.2254741397685456,1.2263543682912417,100
2026-01-29 12:15:00+00:00,1.2263543682912417,1.2263934302130843,1.2260254316677077,1.2260644935895504,100
2026-01-29 12:20:00+00:00,1.2260644935895504,1.226786010273028,1.2260615700360724,1.22678308671955,100
2026-01-29 12:25:00+00:00,1.22678308671955,1.226851587166252,1.2266419660414416,1.2267104664881436,100
2026-01-29 12:30:00+00:00,1.2267104664881436,1.2267368335660238,1.2264262395700194,1.2264526066478996,100
2026-01-29 12:35:00+00:00,1.2264526066478996,1.226534377621967,1.225825587776956,1.2259073587510234,100
2026-01-29 12:40:00+00:00,1.2259073587510234,1.2262067347153833,1.225463791027049,1.2257631669914089,100
2026-01-29 12:45:00+00:00,1.2257631669914089,1.2259105876728182,1.2249189295508496,1.225066350232259,100
2026-01-29 12:50:00+00:00,1.225066350232259,1.225115474196849,1.224925692192475,1.224974816157065,100
2026-01-29 12:55:00+00:00,1.224974816157065,1.2250299048476385,1.2240588571697708,1.2241139458603443,100
2026-01-29 13:00:00+00:00,1.2241139458603443,1.2245451894168682,1.2238645136709523,1.2242957572274762,100
2026-01-29 13:05:00+00:00,1.2242957572274762,1.2244252693713649,1.2240823778916252,1.224211890035514,100
2026-01-29 13:10:00+00:00,1.224211890035514,1.2246336678811582,1.2240531572735955,1.2244749351192399,100
2026-01-29 13:15:00+00:00,1.2244749351192399,1.2247473435401557,1.2243366385916317,1.2246090470125475,100
2026-01-29 13:20:00+00:00,1.2246090470125475,1.22478559341052,1.224606656360622,1.2247832027585945,100
2026-01-29 13:25:00+00:00,1.2247832027585945,1.2252743709697993,1.2246063836871903,1.225097551898395,100
2026-01-29 13:30:00+00:00,1.225097551898395,1.2251255001069181,1.2250108712505756,1.2250388194590986,100
2026-01-29 13:35:00+00:00,1.2250388194590986,1.2252596097996844,1.2246510947198121,1.224871885060398,100
2026-01-29 13:40:00+00:00,1.224871885060398,1.2251102398274445,1.2240334301105031,1.2242717848775497,100
2026-01-29 13:45:00+00:00,1.2242717848775497,1.2251616151738625,1.2241075343288135,1.2249973646251262,100
2026-01-29 13:50:00+00:00,1.2249973646251262,1.2254133170672812,1.2249758400549082,1.2253917924970632,100
2026-01-29 13:55:00+00:00,1.2253917924970632,1.2255125076070128,1.2250052850196682,1.2251260001296178,100
2026-01-29 14:00:00+00:00,1.2251260001296178,1.2253090158396578,1.224401760536323,1.224584776246363,100
2026-01-29 14:05:00+00:00,1.224584776246363,1.2249503442653544,1.2245529689987094,1.2249185370177007,100
2026-01-29 14:10:00+00:00,1.2249185370177007,1.225236511858186,1.2249159119306694,1.2252338867711547,100
2026-01-29 14:15:00+00:00,1.2252338867711547,1.2262856888922111,1.225042026724376,1.2260938288454324,100
2026-01-29 14:20:00+00:00,1.2260938288454324,1.226237686737151,1.2254650583714555,1.225608916263174,100
2026-01-29 14:25:00+00:00,1.225608916263174,1.2256986466368958,1.2253925644074655,1.2254822947811872,100
2026-01-29 14:30:00+00:00,1.2254822947811872,1.2261485995237305,1.225345905052215,1.2260122097947583,100
2026-01-29 14:35:00+00:00,1.2260122097947583,1.226113056145288,1.2255195488974422,1.2256203952479718,100
2026-01-29 14:40:00+00:00,1.2256203952479718,1.225713781556006,1.2246776723847044,1.2247710586927385,100
2026-01-29 14:45:00+00:00,1.2247710586927385,1.2248407155546739,1.2240270787058416,1.224096735567777,100
2026-01-29 14:50:00+00:00,1.224096735567777,1.224131776815495,1.2236781888775718,1.2237132301252898,100
2026-01-29 14:55:00+00:00,1.2237132301252898,1.2238170724645892,1.223244387781293,1.2233482301205925,100
2026-01-29 15:00:00+00:00,1.2233482301205925,1.2241832040662515,1.2233078109126516,1.2241427848583106,100
2026-01-29 15:05:00+00:00,1.2241427848583106,1.224168105678312,1.223928801935124,1.2239541227551254,100
2026-01-29 15:10:00+00:00,1.2239541227551254,1.2245282106271842,1.2238737429063646,1.2244478307784235,100
2026-01-29 15:15:00+00:00,1.2244478307784235,1.224608501640837,1.2242754711890573,1.2244361420514709,100
2026-01-29 15:20:00+00:00,1.2244361420514709,1.2251297370164176,1.224347630854529,1.2250412258194756,100
2026-01-29 15:25:00+00:00,1.2250412258194756,1.2264458634511557,1.2249191680387177,1.2263238056703978,100
2026-01-29 15:30:00+00:00,1.2263238056703978,1.2264479828219916,1.2253684949567674,1.2254926721083612,100
2026-01-29 15:35:00+00:00,1.2254926721083612,1.2256410680340588,1.2247113986922826,1.2248597946179802,100
2026-01-29 15:40:00+00:00,1.2248597946179802,1.2260899103939629,1.2245217026710344,1.225751818447017,100
2026-01-29 15:45:00+00:00,1.225751818447017,1.2265630110876178,1.2256137657606831,1.2264249584012838,100
2026-01-29 15:50:00+00:00,1.2264249584012838,1.2269700171064117,1.2263539208834242,1.226898979588552,100
2026-01-29 15:55:00+00:00,1.226898979588552,1.2272224740739297,1.2260581383524505,1.226381632837828,100
2026-01-29 16:00:00+00:00,1.226381632837828,1.2265507761150742,1.2257913313073463,1.2259604745845925,100
2026-01-29 16:05:00+00:00,1.2259604745845925,1.2261755823924232,1.2246503155709918,1.2248654233788225,100
2026-01-29 16:10:00+00:00,1.2248654233788225,1.2256098077483135,1.2246332010584466,1.2253775854279376,100
2026-01-29 16:15:00+00:00,1.2253775854279376,1.2260905013592487,1.225374002884019,1.22608691881533,100
2026-01-29 16:20:00+00:00,1.22608691881533,1.2266647949534553,1.2259790205917422,1.2265568967298675,100
2026-01-29 16:25:00+00:00,1.2265568967298675,1.2267216507326906,1.2257396274607675,1.2259043814635906,100
2026-01-29 16:30:00+00:00,1.2259043814635906,1.2265730558063477,1.2258544198596582,1.2265230942024152,100
2026-01-29 16:35:00+00:00,1.2265230942024152,1.2268111048605248,1.2264456831337167,1.2267336937918263,100
2026-01-29 16:40:00+00:00,1.2267336937918263,1.226752792321758,1.226136369532967,1.2261554680628988,100
2026-01-29 16:45:00+00:00,1.2261554680628988,1.226809611564987,1.2261526974158887,1.2268068409179769,100
2026-01-29 16:50:00+00:00,1.2268068409179769,1.2268311871325064,1.2264203321102607,1.2264446783247902,100
2026-01-29 16:55:00+00:00,1.2264446783247902,1.2265907272372312,1.2256244224981732,1.2257704714106141,100
2026-01-29 17:00:00+00:00,1.2257704714106141,1.2260531398175472,1.2255933047945577,1.2258759732014908,100
2026-01-29 17:05:00+00:00,1.2258759732014908,1.2261814030271,1.2258329520132762,1.2261383818388856,100
2026-01-29 17:10:00+00:00,1.2261383818388856,1.2265724102630928,1.2257740385505649,1.2262080669747721,100
2026-01-29 17:15:00+00:00,1.2262080669747721,1.2270123532958055,1.226136641052891,1.2269409273739245,100
2026-01-29 17:20:00+00:00,1.2269409273739245,1.2285577641898493,1.2269348123952057,1.2285516492111306,100
2026-01-29 17:25:00+00:00,1.2285516492111306,1.2289297288469965,1.228491629883998,1.228869709519864,100
2026-01-29 17:30:00+00:00,1.228869709519864,1.2291566316076008,1.2284195380730296,1.2287064601607665,100
2026-01-29 17:35:00+00:00,1.2287064601607665,1.2293196199464198,1.2282966677941312,1.2289098275797845,100
2026-01-29 17:40:00+00:00,1.2289098275797845,1.229034264682417,1.2279831436010937,1.2281075807037263,100
2026-01-29 17:45:00+00:00,1.2281075807037263,1.228984374783252,1.227893991925184,1.2287707860047097,100
2026-01-29 17:50:00+00:00,1.2287707860047097,1.2288644970222724,1.2287686471097727,1.2288623581273355,100
2026-01-29 17:55:00+00:00,1.2288623581273355,1.2292496640365318,1.2288238209639233,1.2292111268731196,100
2026-01-29 18:00:00+00:00,1.2292111268731196,1.2300067829579804,1.2290149668739987,1.2298106229588595,100
2026-01-29 18:05:00+00:00,1.2298106229588595,1.229845032477712,1.2290646799516436,1.229099089470496,100
2026-01-29 18:10:00+00:00,1.229099089470496,1.2291369531755105,1.228255921988372,1.2282937856933864,100
2026-01-29 18:15:00+00:00,1.2282937856933864,1.228835592187731,1.2282501076019174,1.228791914096262,100
2026-01-29 18:20:00+00:00,1.228791914096262,1.2290299492852852,1.228245280688971,1.2284833158779942,100
2026-01-29 18:25:00+00:00,1.2284833158779942,1.2293204228355512,1.2284151360770508,1.2292522430346078,100
2026-01-29 18:30:00+00:00,1.2292522430346078,1.2292718964731033,1.2291637251678913,1.2291833786063868,100
2026-01-29 18:35:00+00:00,1.2291833786063868,1.2297535101062913,1.2291488488003643,1.2297189803002688,100
2026-01-29 18:40:00+00:00,1.2297189803002688,1.2307369479551507,1.229572385350984,1.2305903530058657,100
2026-01-29 18:45:00+00:00,1.2305903530058657,1.2306203991580724,1.2291699372118832,1.2291999833640899,100
2026-01-29 18:50:00+00:00,1.2291999833640899,1.2292525294367553,1.228862689932097,1.2289152360047624,100
2026-01-29 18:55:00+00:00,1.2289152360047624,1.2289980067554884,1.2281276988370566,1.2282104695877827,100
2026-01-29 19:00:00+00:00,1.2282104695877827,1.2288534580444146,1.2281510927131156,1.2287940811697475,100
2026-01-29 19:05:00+00:00,1.2287940811697475,1.2290078433530707,1.2280689755695533,1.2282827377528764,100
2026-01-29 19:10:00+00:00,1.2282827377528764,1.2283205708262797,1.2279568308029527,1.227994663876356,100
2026-01-29 19:15:00+00:00,1.227994663876356,1.2282209327716622,1.2273113266022369,1.2275375954975432,100
2026-01-29 19:20:00+00:00,1.2275375954975432,1.2278042711562114,1.2270474099611595,1.2273140856198277,100
2026-01-29 19:25:00+00:00,1.2273140856198277,1.2275796893263875,1.22721968206707,1.2274852857736298,100
2026-01-29 19:30:00+00:00,1.2274852857736298,1.2275915792451564,1.2269095202760145,1.227015813747541,100
2026-01-29 19:35:00+00:00,1.227015813747541,1.227026872197324,1.2267211553591582,1.2267322138089412,100
2026-01-29 19:40:00+00:00,1.2267322138089412,1.2267698683162942,1.2262991941617785,1.2263368486691315,100
2026-01-29 19:45:00+00:00,1.2263368486691315,1.226450588508424,1.2255609377663346,1.225674677605627,100
2026-01-29 19:50:00+00:00,1.225674677605627,1.2258584686253438,1.225514336528574,1.2256981275482908,100
2026-01-29 19:55:00+00:00,1.2256981275482908,1.2260921202309925,1.2255747783626654,1.225968771045367,100
2026-01-29 20:00:00+00:00,1.225968771045367,1.226988913331301,1.2259018882499202,1.2269220305358541,100
2026-01-29 20:05:00+00:00,1.2269220305358541,1.2276754415567275,1.2268370317649187,1.227590442785792,100
2026-01-29 20:10:00+00:00,1.227590442785792,1.2282781727368437,1.227573121871336,1.2282608518223876,100
2026-01-29 20:15:00+00:00,1.2282608518223876,1.2283695306102116,1.2282203125235585,1.2283289913113824,100
2026-01-29 20:20:00+00:00,1.2283289913113824,1.2283636887249265,1.2280044113550963,1.2280391087686404,100
2026-01-29 20:25:00+00:00,1.2280391087686404,1.2291094322259275,1.2279024636880163,1.2289727871453033,100
2026-01-29 20:30:00+00:00,1.2289727871453033,1.2291283281374963,1.2287279391975041,1.228883480189697,100
2026-01-29 20:35:00+00:00,1.228883480189697,1.229148646455532,1.2283765665420117,1.2286417328078465,100
2026-01-29 20:40:00+00:00,1.2286417328078465,1.228890808427867,1.228115843973802,1.2283649195938224,100
2026-01-29 20:45:00+00:00,1.2283649195938224,1.2284999076929273,1.2273804784055946,1.2275154665046994,100
2026-01-29 20:50:00+00:00,1.2275154665046994,1.2276436265190054,1.2274985157432783,1.2276266757575842,100
2026-01-29 20:55:00+00:00,1.2276266757575842,1.2277106160732174,1.2273738992821461,1.2274578395977793,100
2026-01-29 21:00:00+00:00,1.2274578395977793,1.227924195978343,1.2271453302247033,1.2276116866052669,100
2026-01-29 21:05:00+00:00,1.2276116866052669,1.2276337125053876,1.2271936910523502,1.227215716952471,100
2026-01-29 21:10:00+00:00,1.227215716952471,1.2280805397841013,1.2270205127937055,1.2278853356253359,100
2026-01-29 21:15:00+00:00,1.2278853356253359,1.2280665466396583,1.2276164120109028,1.2277976230252252,100
2026-01-29 21:20:00+00:00,1.2277976230252252,1.2278731214440035,1.2271943899189668,1.227269888337745,100
2026-01-29 21:25:00+00:00,1.227269888337745,1.227309522516223,1.226312307200702,1.22635194137918,100
2026-01-29 21:30:00+00:00,1.22635194137918,1.2266115961301405,1.2262316972072542,1.2264913519582148,100
2026-01-29 21:35:00+00:00,1.2264913519582148,1.226491968178931,1.2260588980516964,1.2260595142724127,100
2026-01-29 21:40:00+00:00,1.2260595142724127,1.2264692607224614,1.2258951011913908,1.2263048476414395,100
2026-01-29 21:45:00+00:00,1.2263048476414395,1.226759334011993,1.2262683105362155,1.226722796906769,100
2026-01-29 21:50:00+00:00,1.226722796906769,1.2267914181518729,1.2265615261390166,1.2266301473841204,100
2026-01-29 21:55:00+00:00,1.2266301473841204,1.2272645662844892,1.2265614292648583,1.2271958481652272,100
2026-01-29 22:00:00+00:00,1.2271958481652272,1.2276869578767275,1.2270344657787764,1.2275255754902767,100
2026-01-29 22:05:00+00:00,1.2275255754902767,1.2279205676620082,1.2273089770883592,1.2277039692600906,100
2026-01-29 22:10:00+00:00,1.2277039692600906,1.2285857356336545,1.2275247236430928,1.2284064900166567,100
2026-01-29 22:15:00+00:00,1.2284064900166567,1.2286556138047524,1.2274586019736413,1.227707725761737,100
2026-01-29 22:20:00+00:00,1.227707725761737,1.2279815985875544,1.2273197926730217,1.227593665498839,100
2026-01-29 22:25:00+00:00,1.227593665498839,1.2283193340956642,1.227500010770664,1.228225679367489,100
2026-01-29 22:30:00+00:00,1.228225679367489,1.2288778208295377,1.2278878466451735,1.228539988107222,100
2026-01-29 22:35:00+00:00,1.228539988107222,1.2290154103929243,1.2284994697901368,1.228974892075839,100
2026-01-29 22:40:00+00:00,1.228974892075839,1.2289950419463576,1.2285685975422607,1.2285887474127792,100
2026-01-29 22:45:00+00:00,1.2285887474127792,1.2294044055259592,1.2283865619601249,1.2292022200733048,100
2026-01-29 22:50:00+00:00,1.2292022200733048,1.2293774937091424,1.2291090913883786,1.2292843650242162,100
2026-01-29 22:55:00+00:00,1.2292843650242162,1.2296032537928028,1.2291745055207821,1.2294933942893687,100
2026-01-29 23:00:00+00:00,1.2294933942893687,1.2295229187054446,1.228152564097616,1.228182088513692,100
2026-01-29 23:05:00+00:00,1.228182088513692,1.228257704952687,1.2277290832024792,1.2278046996414742,100
2026-01-29 23:10:00+00:00,1.2278046996414742,1.2279706288991976,1.2277288943241484,1.2278948235818719,100
2026-01-29 23:15:00+00:00,1.2278948235818719,1.2279280412716496,1.227638418090962,1.2276716357807398,100
2026-01-29 23:20:00+00:00,1.2276716357807398,1.227946632600436,1.2275644608079472,1.2278394576276435,100
2026-01-29 23:25:00+00:00,1.2278394576276435,1.2279992215894238,1.227709652507452,1.2278694164692323,100
2026-01-29 23:30:00+00:00,1.2278694164692323,1.2281058534374236,1.2274534885110697,1.227689925479261,100
2026-01-29 23:35:00+00:00,1.227689925479261,1.2281434871495192,1.2274824273119234,1.2279359889821815,100
2026-01-29 23:40:00+00:00,1.2279359889821815,1.2286819854390363,1.2278534764234066,1.2285994728802614,100
2026-01-29 23:45:00+00:00,1.2285994728802614,1.2287307451981269,1.2280553958968667,1.2281866682147322,100
2026-01-29 23:50:00+00:00,1.2281866682147322,1.2281941848961928,1.2276907439018532,1.2276982605833138,100
2026-01-29 23:55:00+00:00,1.2276982605833138,1.227782351773688,1.227515748056842,1.2275998392472163,100
2026-01-30 00:00:00+00:00,1.2275998392472163,1.227916858840415,1.2272642019073647,1.2275812215005635,100
2026-01-30 00:05:00+00:00,1.2275812215005635,1.2276910818645494,1.2275493456029487,1.2276592059669347,100
2026-01-30 00:10:00+00:00,1.2276592059669347,1.2278261928366627,1.2273556121222777,1.2275225989920058,100
2026-01-30 00:15:00+00:00,1.2275225989920058,1.227586138007024,1.227143668227323,1.2272072072423412,100
2026-01-30 00:20:00+00:00,1.2272072072423412,1.227258975723068,1.2269238976153842,1.226975666096111,100
2026-01-30 00:25:00+00:00,1.226975666096111,1.2270720423148482,1.2267080523749656,1.2268044285937028,100
2026-01-30 00:30:00+00:00,1.2268044285937028,1.2270512471084718,1.2263495185101714,1.2265963370249404,100
2026-01-30 00:35:00+00:00,1.2265963370249404,1.22663994614353,1.2253273788254726,1.2253709879440622,100
2026-01-30 00:40:00+00:00,1.2253709879440622,1.2255626784917044,1.224910258465938,1.2251019490135802,100
2026-01-30 00:45:00+00:00,1.2251019490135802,1.2258645621303805,1.2249995703931689,1.2257621835099692,100
2026-01-30 00:50:00+00:00,1.2257621835099692,1.2257965516009093,1.2257258528719994,1.2257602209629395,100
2026-01-30 00:55:00+00:00,1.2257602209629395,1.2257928633774098,1.2255481919999056,1.225580834414376,100
2026-01-30 01:00:00+00:00,1.225580834414376,1.2257357943978666,1.2250726162560335,1.2252275762395242,100
2026-01-30 01:05:00+00:00,1.2252275762395242,1.2253653952731673,1.2249473712863717,1.2250851903200148,100
2026-01-30 01:10:00+00:00,1.2250851903200148,1.2267379483331864,1.2249314305443881,1.2265841885575597,100
2026-01-30 01:15:00+00:00,1.2265841885575597,1.2269375414435186,1.2263889375034236,1.2267422903893825,100
2026-01-30 01:20:00+00:00,1.2267422903893825,1.2269706026957012,1.226386112184671,1.2266144244909898,100
2026-01-30 01:25:00+00:00,1.2266144244909898,1.2266411622184539,1.2258620143914598,1.225888752118924,100
2026-01-30 01:30:00+00:00,1.225888752118924,1.2261066385983228,1.2255792816914546,1.2257971681708535,100
2026-01-30 01:35:00+00:00,1.2257971681708535,1.2258963368098963,1.2257742600233525,1.2258734286623953,100
2026-01-30 01:40:00+00:00,1.2258734286623953,1.2260859819022611,1.224807523303232,1.2250200765430979,100
2026-01-30 01:45:00+00:00,1.2250200765430979,1.2254428401794557,1.224999115258894,1.2254218788952518,100
2026-01-30 01:50:00+00:00,1.2254218788952518,1.2254767096628565,1.224857554207161,1.2249123849747656,100
2026-01-30 01:55:00+00:00,1.2249123849747656,1.225506094311959,1.2248728259853339,1.2254665353225271,100
2026-01-30 02:00:00+00:00,1.2254665353225271,1.2255359737686202,1.225127512884012,1.225196951330105,100
2026-01-30 02:05:00+00:00,1.225196951330105,1.2261269432153163,1.2250261353112246,1.2259561271964359,100
2026-01-30 02:10:00+00:00,1.2259561271964359,1.226362099081539,1.2258606299546069,1.22626660183971,100
2026-01-30 02:15:00+00:00,1.22626660183971,1.226457330557806,1.2259422016661956,1.2261329303842916,100
2026-01-30 02:20:00+00:00,1.2261329303842916,1.226214557063552,1.226051392813703,1.2261330194929634,100
2026-01-30 02:25:00+00:00,1.2261330194929634,1.2261620329627707,1.2256575135837267,1.225686527053534,100
2026-01-30 02:30:00+00:00,1.225686527053534,1.226397115970596,1.22548332103255,1.226193909949612,100
2026-01-30 02:35:00+00:00,1.226193909949612,1.2269030291135117,1.2261750386679593,1.226884157831859,100
2026-01-30 02:40:00+00:00,1.226884157831859,1.2269426698655213,1.2263126862098617,1.226371198243524,100
2026-01-30 02:45:00+00:00,1.226371198243524,1.2268779246967945,1.2261706523942508,1.2266773788475214,100
2026-01-30 02:50:00+00:00,1.2266773788475214,1.2271284047698756,1.2266281991929737,1.227079225115328,100
2026-01-30 02:55:00+00:00,1.227079225115328,1.2272605694615524,1.2270377320156587,1.227219076361883,100
2026-01-30 03:00:00+00:00,1.227219076361883,1.2277678906190923,1.227188835928443,1.2277376501856523,100
2026-01-30 03:05:00+00:00,1.2277376501856523,1.2282769686993653,1.2277307268640558,1.2282700453777688,100
2026-01-30 03:10:00+00:00,1.2282700453777688,1.2288215812221803,1.2281367627181137,1.2286882985625251,100
2026-01-30 03:15:00+00:00,1.2286882985625251,1.2292016965672994,1.228518021901668,1.2290314199064423,100
2026-01-30 03:20:00+00:00,1.2290314199064423,1.2291824204608577,1.2284484931668822,1.2285994937212976,100
2026-01-30 03:25:00+00:00,1.2285994937212976,1.2286985426251507,1.2282182370148498,1.2283172859187028,100
2026-01-30 03:30:00+00:00,1.2283172859187028,1.2292526210784362,1.2281063885491885,1.229041723708922,100
2026-01-30 03:35:00+00:00,1.229041723708922,1.2291883018194318,1.2284667927474335,1.2286133708579434,100
2026-01-30 03:40:00+00:00,1.2286133708579434,1.2287962828460568,1.2282708664937276,1.228453778481841,100
2026-01-30 03:45:00+00:00,1.228453778481841,1.2288152045347192,1.228385890254686,1.2287473163075642,100
2026-01-30 03:50:00+00:00,1.2287473163075642,1.2288057471791378,1.22868909231664,1.2287475231882137,100
2026-01-30 03:55:00+00:00,1.2287475231882137,1.228772195375083,1.2284913518116765,1.2285160239985458,100
2026-01-30 04:00:00+00:00,1.2285160239985458,1.2298944723827827,1.2284649208211114,1.2298433692053483,100
2026-01-30 04:05:00+00:00,1.2298433692053483,1.2300299778253787,1.229688184438025,1.2298747930580554,100
2026-01-30 04:10:00+00:00,1.2298747930580554,1.2299600448005494,1.2294097292394583,1.2294949809819524,100
2026-01-30 04:15:00+00:00,1.2294949809819524,1.230215033572022,1.2293476473809577,1.2300676999710274,100
2026-01-30 04:20:00+00:00,1.2300676999710274,1.2310394280455055,1.2299327394000201,1.2309044674744982,100
2026-01-30 04:25:00+00:00,1.2309044674744982,1.2309048008469663,1.2305401912227028,1.2305405245951708,100
2026-01-30 04:30:00+00:00,1.2305405245951708,1.2305828411828552,1.2300232784077083,1.2300655949953927,100
2026-01-30 04:35:00+00:00,1.2300655949953927,1.2302420460774108,1.2297194309807966,1.2298958820628147,100
2026-01-30 04:40:00+00:00,1.2298958820628147,1.2300412963054252,1.229520872250157,1.2296662864927674,100
2026-01-30 04:45:00+00:00,1.2296662864927674,1.2299016937689622,1.2296331048587519,1.2298685121349466,100
2026-01-30 04:50:00+00:00,1.2298685121349466,1.2301803395815167,1.2298454177314093,1.2301572451779794,100
2026-01-30 04:55:00+00:00,1.2301572451779794,1.2303086080803238,1.2298882533928703,1.2300396162952147,100
2026-01-30 05:00:00+00:00,1.2300396162952147,1.2300826100891413,1.2299664469001104,1.230009440694037,100
2026-01-30 05:05:00+00:00,1.230009440694037,1.2304067894498787,1.229914848637956,1.2303121973937978,100
2026-01-30 05:10:00+00:00,1.2303121973937978,1.2304479266094144,1.2296053042217303,1.2297410334373469,100
2026-01-30 05:15:00+00:00,1.2297410334373469,1.2300181735949423,1.2296732443284797,1.229950384486075,100
2026-01-30 05:20:00+00:00,1.229950384486075,1.2304151276641342,1.2298129796022543,1.2302777227803134,100
2026-01-30 05:25:00+00:00,1.2302777227803134,1.2308570424184861,1.2301901440741887,1.2307694637123614,100
2026-01-30 05:30:00+00:00,1.2307694637123614,1.230904806803407,1.2303785673958818,1.2305139104869274,100
2026-01-30 05:35:00+00:00,1.2305139104869274,1.2313759364582424,1.2301292921693994,1.2309913181407144,100
2026-01-30 05:40:00+00:00,1.2309913181407144,1.2311606292674329,1.2309058079293662,1.2310751190560847,100
2026-01-30 05:45:00+00:00,1.2310751190560847,1.2312682487928923,1.2297488276996569,1.2299419574364645,100
2026-01-30 05:50:00+00:00,1.2299419574364645,1.2315994020681376,1.2298559792459574,1.2315134238776304,100
2026-01-30 05:55:00+00:00,1.2315134238776304,1.2317525921977421,1.2304601685279557,1.2306993368480674,100
2026-01-30 06:00:00+00:00,1.2306993368480674,1.23071882137293,1.2306775878784513,1.230697072403314,100
2026-01-30 06:05:00+00:00,1.230697072403314,1.2313344824755428,1.2305073096780776,1.2311447197503065,100
2026-01-30 06:10:00+00:00,1.2311447197503065,1.231363606478249,1.2311364823986375,1.23135536912658,100
2026-01-30 06:15:00+00:00,1.23135536912658,1.2319791894626333,1.231157052040074,1.2317808723761274,100
2026-01-30 06:20:00+00:00,1.2317808723761274,1.231904830331566,1.2314029205891435,1.231526878544582,100
2026-01-30 06:25:00+00:00,1.231526878544582,1.2318180956088516,1.2309121121034412,1.2312033291677107,100
2026-01-30 06:30:00+00:00,1.2312033291677107,1.2313441134221708,1.230056196937198,1.230196981191658,100
2026-01-30 06:35:00+00:00,1.230196981191658,1.2303265134930992,1.2293660596422966,1.2294955919437378,100
2026-01-30 06:40:00+00:00,1.2294955919437378,1.2298851407968836,1.229336869019133,1.2297264178722789,100
2026-01-30 06:45:00+00:00,1.2297264178722789,1.2305819872406603,1.2295055652215272,1.2303611345899086,100
2026-01-30 06:50:00+00:00,1.2303611345899086,1.2310797377072613,1.2302800816639818,1.2309986847813346,100
2026-01-30 06:55:00+00:00,1.2309986847813346,1.2314203902584324,1.2307541270220996,1.2311758324991975,100
2026-01-30 07:00:00+00:00,1.2311758324991975,1.2313909601517439,1.2309809120194888,1.2311960396720352,100
2026-01-30 07:05:00+00:00,1.2311960396720352,1.2312579055354362,1.2307439787433119,1.230805844606713,100
2026-01-30 07:10:00+00:00,1.230805844606713,1.2316251898348125,1.2307828443551228,1.2316021895832223,100
2026-01-30 07:15:00+00:00,1.2316021895832223,1.2316397631670721,1.231355879036849,1.2313934526206989,100
2026-01-30 07:20:00+00:00,1.2313934526206989,1.2315624990982115,1.2304749071513228,1.2306439536288354,100
2026-01-30 07:25:00+00:00,1.2306439536288354,1.2307323995722226,1.2304081067781023,1.2304965527214895,100
2026-01-30 07:30:00+00:00,1.2304965527214895,1.2306588725352907,1.2296206564198922,1.2297829762336934,100
2026-01-30 07:35:00+00:00,1.2297829762336934,1.2300080785589673,1.2296939962927593,1.2299190986180333,100
2026-01-30 07:40:00+00:00,1.2299190986180333,1.2301805829631158,1.2293233737416136,1.2295848580866962,100
2026-01-30 07:45:00+00:00,1.2295848580866962,1.2297473918533788,1.2285817369505976,1.2287442707172802,100
2026-01-30 07:50:00+00:00,1.2287442707172802,1.228754152341482,1.228683990074812,1.228693871699014,100
2026-01-30 07:55:00+00:00,1.228693871699014,1.2288921612421533,1.2276867831572478,1.2278850727003872,100
2026-01-30 08:00:00+00:00,1.2278850727003872,1.2280717391319713,1.2274274680977202,1.2276141345293043,100
2026-01-30 08:05:00+00:00,1.2276141345293043,1.2278014887900224,1.2265450648621354,1.2267324191228535,100
2026-01-30 08:10:00+00:00,1.2267324191228535,1.2269492043473416,1.2258856485949388,1.2261024338194269,100
2026-01-30 08:15:00+00:00,1.2261024338194269,1.2261240092150316,1.2257423293304206,1.2257639047260254,100
2026-01-30 08:20:00+00:00,1.2257639047260254,1.2260953603328606,1.225688820317669,1.2260202759245042,100
2026-01-30 08:25:00+00:00,1.2260202759245042,1.226296097840016,1.2257720708128224,1.226047892728334,100
2026-01-30 08:30:00+00:00,1.226047892728334,1.2262391770060421,1.2256670173083377,1.2258583015860458,100
2026-01-30 08:35:00+00:00,1.2258583015860458,1.226793814518623,1.2258490471872656,1.2267845601198428,100
2026-01-30 08:40:00+00:00,1.2267845601198428,1.227010850202168,1.2267069958902452,1.2269332859725703,100
2026-01-30 08:45:00+00:00,1.2269332859725703,1.226998009857352,1.2266598277864744,1.2267245516712562,100
2026-01-30 08:50:00+00:00,1.2267245516712562,1.226925544222623,1.226356090014739,1.2265570825661058,100
2026-01-30 08:55:00+00:00,1.2265570825661058,1.227533501741659,1.226472292061505,1.2274487112370582,100
2026-01-30 09:00:00+00:00,1.2274487112370582,1.227783118902056,1.227442177086904,1.2277765847519018,100
2026-01-30 09:05:00+00:00,1.2277765847519018,1.2284283846299369,1.2276469524577416,1.2282987523357767,100
2026-01-30 09:10:00+00:00,1.2282987523357767,1.228436907370346,1.2276426924978134,1.2277808475323828,100
2026-01-30 09:15:00+00:00,1.2277808475323828,1.2278863519968874,1.2272687036917895,1.2273742081562942,100
2026-01-30 09:20:00+00:00,1.2273742081562942,1.2275673377299237,1.2273696518541233,1.2275627814277528,100
2026-01-30 09:25:00+00:00,1.2275627814277528,1.228333678032544,1.2275429266438962,1.2283138232486874,100
2026-01-30 09:30:00+00:00,1.2283138232486874,1.2286467312082774,1.2279199917047359,1.2282528996643258,100
2026-01-30 09:35:00+00:00,1.2282528996643258,1.2285966758724034,1.2282016189899643,1.2285453951980418,100
2026-01-30 09:40:00+00:00,1.2285453951980418,1.2287857506691675,1.2285102959296517,1.2287506514007773,100
2026-01-30 09:45:00+00:00,1.2287506514007773,1.2294945832424173,1.2283518187175835,1.2290957505592235,100
2026-01-30 09:50:00+00:00,1.2290957505592235,1.2301771298020934,1.2290478900367259,1.2301292692795958,100
2026-01-30 09:55:00+00:00,1.2301292692795958,1.2301391999292728,1.2301267278540404,1.2301366585037175,100
2026-01-30 10:00:00+00:00,1.2301366585037175,1.2307886913514445,1.2299314942028707,1.2305835270505978,100
2026-01-30 10:05:00+00:00,1.2305835270505978,1.2305862823352216,1.2303223393635914,1.2303250946482152,100
2026-01-30 10:10:00+00:00,1.2303250946482152,1.2304575993319373,1.2302999273260389,1.230432432009761,100
2026-01-30 10:15:00+00:00,1.230432432009761,1.231675286613122,1.2302190183484252,1.231461872951786,100
2026-01-30 10:20:00+00:00,1.231461872951786,1.2314811003658899,1.2310575855085792,1.231076812922683,100
2026-01-30 10:25:00+00:00,1.231076812922683,1.231214721338225,1.2308468791463003,1.2309847875618423,100
2026-01-30 10:30:00+00:00,1.2309847875618423,1.2313186622179635,1.2303904009650675,1.2307242756211887,100
2026-01-30 10:35:00+00:00,1.2307242756211887,1.2308237039613668,1.230607803015553,1.230707231355731,100
2026-01-30 10:40:00+00:00,1.230707231355731,1.230727538259198,1.230450091014247,1.230470397917714,100
2026-01-30 10:45:00+00:00,1.230470397917714,1.230897395513169,1.230375455884955,1.2308024534804098,100
2026-01-30 10:50:00+00:00,1.2308024534804098,1.2316855927772534,1.2305363732346948,1.2314195125315384,100
2026-01-30 10:55:00+00:00,1.2314195125315384,1.2322746540137746,1.2314116856421433,1.2322668271243795,100
2026-01-30 11:00:00+00:00,1.2322668271243795,1.2327934453718297,1.2320438107607647,1.232570429008215,100
2026-01-30 11:05:00+00:00,1.232570429008215,1.2326363576691424,1.2318884358080422,1.2319543644689697,100
2026-01-30 11:10:00+00:00,1.2319543644689697,1.2320586904782813,1.2317392994098706,1.2318436254191822,100
2026-01-30 11:15:00+00:00,1.2318436254191822,1.2322850512994052,1.23176217303818,1.232203598918403,100
2026-01-30 11:20:00+00:00,1.232203598918403,1.2340035280285073,1.231955026188275,1.2337549552983793,100
2026-01-30 11:25:00+00:00,1.2337549552983793,1.2339797242361763,1.2334783002809662,1.2337030692187632,100
2026-01-30 11:30:00+00:00,1.2337030692187632,1.2337412464723458,1.2329092656158254,1.232947442869408,100
2026-01-30 11:35:00+00:00,1.232947442869408,1.2335879466482167,1.2328957555019653,1.233536259280774,100
2026-01-30 11:40:00+00:00,1.233536259280774,1.234218348392198,1.2334766753575488,1.2341587644689729,100
2026-01-30 11:45:00+00:00,1.2341587644689729,1.2342059017425389,1.233813710639086,1.233860847912652,100
2026-01-30 11:50:00+00:00,1.233860847912652,1.2342492513401393,1.2336696260664293,1.2340580294939165,100
2026-01-30 11:55:00+00:00,1.2340580294939165,1.2343800594838337,1.233916885849409,1.234238915839326,100
2026-01-30 12:00:00+00:00,1.234238915839326,1.234292276091225,1.2338753031841834,1.2339286634360822,100
2026-01-30 12:05:00+00:00,1.2339286634360822,1.2340882076198958,1.23388496079846,1.2340445049822737,100
2026-01-30 12:10:00+00:00,1.2340445049822737,1.2340639332316343,1.2339961399457446,1.2340155681951053,100
2026-01-30 12:15:00+00:00,1.2340155681951053,1.2341544936371973,1.233824706698955,1.233963632141047,100
2026-01-30 12:20:00+00:00,1.233963632141047,1.2341669540767894,1.2335848148188195,1.233788136754562,100
2026-01-30 12:25:00+00:00,1.233788136754562,1.2339580546841724,1.2335876657654048,1.2337575836950152,100
2026-01-30 12:30:00+00:00,1.2337575836950152,1.233856990877986,1.2334274870367954,1.2335268942197661,100
2026-01-30 12:35:00+00:00,1.2335268942197661,1.2335959661110656,1.2334531004767597,1.2335221723680592,100
2026-01-30 12:40:00+00:00,1.2335221723680592,1.2335734071205555,1.233491873335235,1.2335431080877313,100
2026-01-30 12:45:00+00:00,1.2335431080877313,1.2341518519269346,1.2334731427129295,1.2340818865521328,100
2026-01-30 12:50:00+00:00,1.2340818865521328,1.234479362076437,1.2339739755157542,1.2343714510400583,100
2026-01-30 12:55:00+00:00,1.2343714510400583,1.2344796682631172,1.2341408988774862,1.234249116100545,100
2026-01-30 13:00:00+00:00,1.234249116100545,1.2345884500920907,1.234038723863369,1.2343780578549146,100
2026-01-30 13:05:00+00:00,1.2343780578549146,1.2344233904263857,1.2338506485371166,1.2338959811085877,100
2026-01-30 13:10:00+00:00,1.2338959811085877,1.234679438214612,1.2336577549779655,1.2344412120839898,100
2026-01-30 13:15:00+00:00,1.2344412120839898,1.2345835534049934,1.2343364946377526,1.2344788359587562,100
2026-01-30 13:20:00+00:00,1.2344788359587562,1.2346591208689421,1.2337818894101595,1.2339621743203455,100
2026-01-30 13:25:00+00:00,1.2339621743203455,1.2352053000378564,1.233801599437682,1.235044725155193,100
2026-01-30 13:30:00+00:00,1.235044725155193,1.2351831987623252,1.2341761192387588,1.234314592845891,100
2026-01-30 13:35:00+00:00,1.234314592845891,1.2344909061436362,1.2336172694060432,1.2337935827037885,100
2026-01-30 13:40:00+00:00,1.2337935827037885,1.2340285459053073,1.2334232405774685,1.2336582037789874,100
2026-01-30 13:45:00+00:00,1.2336582037789874,1.2338181890063094,1.2329186838729294,1.2330786691002513,100
2026-01-30 13:50:00+00:00,1.2330786691002513,1.233362824278948,1.2319964885818726,1.2322806437605693,100
2026-01-30 13:55:00+00:00,1.2322806437605693,1.2325909500818981,1.2318182440798975,1.2321285504012263,100
2026-01-30 14:00:00+00:00,1.2321285504012263,1.2323038447715355,1.2310042984956837,1.231179592865993,100
2026-01-30 14:05:00+00:00,1.231179592865993,1.2312991979256822,1.2310011686420594,1.2311207737017487,100
2026-01-30 14:10:00+00:00,1.2311207737017487,1.2317635820697561,1.230976499648827,1.2316193080168345,100
2026-01-30 14:15:00+00:00,1.2316193080168345,1.231637099387589,1.231256378912606,1.2312741702833605,100
2026-01-30 14:20:00+00:00,1.2312741702833605,1.2318965748349517,1.231054465750932,1.2316768703025232,100
2026-01-30 14:25:00+00:00,1.2316768703025232,1.2326012303927434,1.2315629575707405,1.2324873176609608,100
2026-01-30 14:30:00+00:00,1.2324873176609608,1.2326034136232564,1.2315892837215339,1.2317053796838295,100
2026-01-30 14:35:00+00:00,1.2317053796838295,1.231788662343645,1.2310368981880315,1.231120180847847,100
2026-01-30 14:40:00+00:00,1.231120180847847,1.2313201685294284,1.230645394504371,1.2308453821859524,100
2026-01-30 14:45:00+00:00,1.2308453821859524,1.231575273555874,1.2306077149968033,1.231337606366725,100
2026-01-30 14:50:00+00:00,1.231337606366725,1.2314558943023821,1.2311747452087436,1.2312930331444008,100
2026-01-30 14:55:00+00:00,1.2312930331444008,1.2312967231019705,1.230744228779555,1.2307479187371246,100
2026-01-30 15:00:00+00:00,1.2307479187371246,1.231100700815502,1.2306868196334098,1.231039601711787,100
2026-01-30 15:05:00+00:00,1.231039601711787,1.2319229151442637,1.231023173468068,1.2319064869005447,100
2026-01-30 15:10:00+00:00,1.2319064869005447,1.2319945135083374,1.231446083580366,1.2315341101881587,100
2026-01-30 15:15:00+00:00,1.2315341101881587,1.2317256603849804,1.230650174260104,1.2308417244569256,100
2026-01-30 15:20:00+00:00,1.2308417244569256,1.2311729986061073,1.230075525178556,1.2304067993277377,100
2026-01-30 15:25:00+00:00,1.2304067993277377,1.231577221566171,1.2302185017412337,1.2313889239796671,100
2026-01-30 15:30:00+00:00,1.2313889239796671,1.2322426938271276,1.2313166738024692,1.2321704436499297,100
2026-01-30 15:35:00+00:00,1.2321704436499297,1.2322209572638791,1.2318906963104546,1.231941209924404,100
2026-01-30 15:40:00+00:00,1.231941209924404,1.2320442105341838,1.2314125609804671,1.2315155615902469,100
2026-01-30 15:45:00+00:00,1.2315155615902469,1.231748445238212,1.2313172512658213,1.2315501349137863,100
2026-01-30 15:50:00+00:00,1.2315501349137863,1.2317940979380122,1.2314328623507114,1.2316768253749373,100
2026-01-30 15:55:00+00:00,1.2316768253749373,1.2317879874297704,1.231278812007984,1.2313899740628171,100
2026-01-30 16:00:00+00:00,1.2313899740628171,1.231836283695597,1.231308286704773,1.231754596337553,100
2026-01-30 16:05:00+00:00,1.231754596337553,1.2324055859164313,1.2316207179574101,1.2322717075362886,100
2026-01-30 16:10:00+00:00,1.2322717075362886,1.2329585223972044,1.2322490539098634,1.2329358687707792,100
2026-01-30 16:15:00+00:00,1.2329358687707792,1.233069256127626,1.232077375724254,1.2322107630811008,100
2026-01-30 16:20:00+00:00,1.2322107630811008,1.2325242779303112,1.232186642522222,1.2325001573714325,100
2026-01-30 16:25:00+00:00,1.2325001573714325,1.233588930857856,1.2323710014772113,1.233459774963635,100
2026-01-30 16:30:00+00:00,1.233459774963635,1.2340189948871036,1.233363611190343,1.2339228311138117,100
2026-01-30 16:35:00+00:00,1.2339228311138117,1.2339859055969975,1.2336370610811835,1.2337001355643693,100
2026-01-30 16:40:00+00:00,1.2337001355643693,1.2344292028276849,1.2335754820051332,1.2343045492684488,100
2026-01-30 16:45:00+00:00,1.2343045492684488,1.2348103315659473,1.2340868828095235,1.234592665107022,100
2026-01-30 16:50:00+00:00,1.234592665107022,1.2347194373801433,1.2336798685109138,1.2338066407840351,100
2026-01-30 16:55:00+00:00,1.2338066407840351,1.2343843037918838,1.233749729218871,1.2343273922267197,100
2026-01-30 17:00:00+00:00,1.2343273922267197,1.2343948335048012,1.233635213257762,1.2337026545358434,100
2026-01-30 17:05:00+00:00,1.2337026545358434,1.2337466152079901,1.2336793883419945,1.2337233490141413,100
2026-01-30 17:10:00+00:00,1.2337233490141413,1.2340970001992266,1.2331968815594985,1.2335705327445838,100
2026-01-30 17:15:00+00:00,1.2335705327445838,1.2337946190322533,1.2335021742752696,1.233726260562939,100
2026-01-30 17:20:00+00:00,1.233726260562939,1.2337275898210418,1.2333558522636299,1.2333571815217326,100
2026-01-30 17:25:00+00:00,1.2333571815217326,1.233372706446965,1.2330279138541003,1.2330434387793328,100
2026-01-30 17:30:00+00:00,1.2330434387793328,1.2331686714279346,1.2316594058944315,1.2317846385430333,100
2026-01-30 17:35:00+00:00,1.2317846385430333,1.2319582078778377,1.231235714563929,1.2314092838987334,100
2026-01-30 17:40:00+00:00,1.2314092838987334,1.2319318479536983,1.231365924567698,1.2318884886226629,100
2026-01-30 17:45:00+00:00,1.2318884886226629,1.2322588462114408,1.2307997164407976,1.2311700740295755,100
2026-01-30 17:50:00+00:00,1.2311700740295755,1.2312173749259132,1.2304847868336042,1.230532087729942,100
2026-01-30 17:55:00+00:00,1.230532087729942,1.2306104050595228,1.2299840346316928,1.2300623519612737,100
2026-01-30 18:00:00+00:00,1.2300623519612737,1.2303376158483117,1.2300484546585275,1.2303237185455655,100
2026-01-30 18:05:00+00:00,1.2303237185455655,1.2316390529125343,1.2302148488482645,1.2315301832152332,100
2026-01-30 18:10:00+00:00,1.2315301832152332,1.231677375040304,1.230799377841336,1.2309465696664068,100
2026-01-30 18:15:00+00:00,1.2309465696664068,1.2311351049416832,1.2306502247948192,1.2308387600700956,100
2026-01-30 18:20:00+00:00,1.2308387600700956,1.2309293918760005,1.229556289945637,1.2296469217515418,100
2026-01-30 18:25:00+00:00,1.2296469217515418,1.23013607053078,1.2295360487107114,1.2300251974899497,100
2026-01-30 18:30:00+00:00,1.2300251974899497,1.2301054941041727,1.2296902418415347,1.2297705384557578,100
2026-01-30 18:35:00+00:00,1.2297705384557578,1.2297786528934702,1.2292798930589055,1.229288007496618,100
2026-01-30 18:40:00+00:00,1.229288007496618,1.22940069783099,1.2292286634343494,1.2293413537687214,100
2026-01-30 18:45:00+00:00,1.2293413537687214,1.229358045642069,1.2283870203368978,1.2284037122102454,100
2026-01-30 18:50:00+00:00,1.2284037122102454,1.228545534754775,1.228058716575382,1.2282005391199116,100
2026-01-30 18:55:00+00:00,1.2282005391199116,1.2282627548856855,1.2275356772847505,1.2275978930505245,100
2026-01-30 19:00:00+00:00,1.2275978930505245,1.227710574400415,1.2268714048783131,1.2269840862282038,100
2026-01-30 19:05:00+00:00,1.2269840862282038,1.226984982522634,1.2261958023366564,1.2261966986310866,100
2026-01-30 19:10:00+00:00,1.2261966986310866,1.2263257077359264,1.2257604332080005,1.2258894423128404,100
2026-01-30 19:15:00+00:00,1.2258894423128404,1.2269753705117765,1.2258502013462986,1.2269361295452348,100
2026-01-30 19:20:00+00:00,1.2269361295452348,1.227203472593806,1.226748083922986,1.2270154269715572,100
2026-01-30 19:25:00+00:00,1.2270154269715572,1.227202186493491,1.2268627716984954,1.2270495312204293,100
2026-01-30 19:30:00+00:00,1.2270495312204293,1.227204982627454,1.2266361446815506,1.2267915960885754,100
2026-01-30 19:35:00+00:00,1.2267915960885754,1.2271301862495434,1.2266877873345172,1.2270263774954853,100
2026-01-30 19:40:00+00:00,1.2270263774954853,1.2280498173400198,1.2269679341187743,1.2279913739633088,100
2026-01-30 19:45:00+00:00,1.2279913739633088,1.2280909826730817,1.227689308743134,1.2277889174529069,100
2026-01-30 19:50:00+00:00,1.2277889174529069,1.2279716860424883,1.227551919055937,1.2277346876455184,100
2026-01-30 19:55:00+00:00,1.2277346876455184,1.2277548195214365,1.2277255352044611,1.2277456670803792,100
2026-01-30 20:00:00+00:00,1.2277456670803792,1.228051977697702,1.2276944352944894,1.228000745911812,100
2026-01-30 20:05:00+00:00,1.228000745911812,1.228180620234088,1.2267513930580347,1.2269312673803106,100
2026-01-30 20:10:00+00:00,1.2269312673803106,1.2273501384558918,1.2268753064046163,1.2272941774801975,100
2026-01-30 20:15:00+00:00,1.2272941774801975,1.2273922615089068,1.2267069113632028,1.226804995391912,100
2026-01-30 20:20:00+00:00,1.226804995391912,1.227226557079836,1.2267574950702091,1.227179056758133,100
2026-01-30 20:25:00+00:00,1.227179056758133,1.2273546581779649,1.2270815437586953,1.227257145178527,100
2026-01-30 20:30:00+00:00,1.227257145178527,1.227742426899549,1.2270299950846815,1.2275152768057034,100
2026-01-30 20:35:00+00:00,1.2275152768057034,1.2275709514058022,1.2270681352628336,1.2271238098629325,100
2026-01-30 20:40:00+00:00,1.2271238098629325,1.2271378541519753,1.226858306338007,1.2268723506270498,100
2026-01-30 20:45:00+00:00,1.2268723506270498,1.2269229173732434,1.2262151114799322,1.2262656782261259,100
2026-01-30 20:50:00+00:00,1.2262656782261259,1.2272279137717912,1.2262329867164636,1.227195222262129,100
2026-01-30 20:55:00+00:00,1.227195222262129,1.227309972369353,1.226844714774178,1.226959464881402,100
2026-01-30 21:00:00+00:00,1.226959464881402,1.2269981558173892,1.2264682528064466,1.2265069437424339,100
2026-01-30 21:05:00+00:00,1.2265069437424339,1.2270727348137043,1.2262340912784864,1.2267998823497568,100
2026-01-30 21:10:00+00:00,1.2267998823497568,1.2268572442249972,1.2262109420118499,1.2262683038870903,100
2026-01-30 21:15:00+00:00,1.2262683038870903,1.226414425200099,1.2259326794231307,1.2260788007361394,100
2026-01-30 21:20:00+00:00,1.2260788007361394,1.2261004702843128,1.2256782336818504,1.2256999032300238,100
2026-01-30 21:25:00+00:00,1.2256999032300238,1.226119979973989,1.2255397926073388,1.225959869351304,100
2026-01-30 21:30:00+00:00,1.225959869351304,1.226239602892063,1.2258562711099463,1.2261360046507053,100
2026-01-30 21:35:00+00:00,1.2261360046507053,1.2263083725329695,1.2252786145833103,1.2254509824655746,100
2026-01-30 21:40:00+00:00,1.2254509824655746,1.227158382118805,1.2252818393398124,1.2269892389930428,100
2026-01-30 21:45:00+00:00,1.2269892389930428,1.2269988038006248,1.2262358760976464,1.2262454409052284,100
2026-01-30 21:50:00+00:00,1.2262454409052284,1.2266969939580656,1.2260340994155263,1.2264856524683636,100
2026-01-30 21:55:00+00:00,1.2264856524683636,1.226578970869,1.2260252166068277,1.2261185350074641,100
2026-01-30 22:00:00+00:00,1.2261185350074641,1.227101883635569,1.2260959142376433,1.227079262865748,100
2026-01-30 22:05:00+00:00,1.227079262865748,1.2271265233454296,1.2268628671852293,1.2269101276649108,100
2026-01-30 22:10:00+00:00,1.2269101276649108,1.2270065900138647,1.2259683322548853,1.2260647946038392,100
2026-01-30 22:15:00+00:00,1.2260647946038392,1.2262713398128717,1.2260004784153062,1.2262070236243388,100
2026-01-30 22:20:00+00:00,1.2262070236243388,1.2262411442783536,1.2258471114424836,1.2258812320964985,100
2026-01-30 22:25:00+00:00,1.2258812320964985,1.226871964874949,1.2257631088380005,1.2267538416164512,100
2026-01-30 22:30:00+00:00,1.2267538416164512,1.2278885287089225,1.2265994033717234,1.2277340904641947,100
2026-01-30 22:35:00+00:00,1.2277340904641947,1.22783101437177,1.2275239782177159,1.227620902125291,100
2026-01-30 22:40:00+00:00,1.227620902125291,1.22836864354098,1.2274986226333817,1.2282463640490706,100
2026-01-30 22:45:00+00:00,1.2282463640490706,1.2284143199633524,1.2279324781129488,1.2281004340272306,100
2026-01-30 22:50:00+00:00,1.2281004340272306,1.2281156684907495,1.227881193146773,1.227896427610292,100
2026-01-30 22:55:00+00:00,1.227896427610292,1.2282640162730125,1.227777633244666,1.2281452219073865,100
2026-01-30 23:00:00+00:00,1.2281452219073865,1.2281563931144766,1.2274984466111898,1.2275096178182798,100
2026-01-30 23:05:00+00:00,1.2275096178182798,1.2275610023359673,1.2264341650519508,1.2264855495696383,100
2026-01-30 23:10:00+00:00,1.2264855495696383,1.227499927565207,1.2264381911263598,1.2274525691219285,100
2026-01-30 23:15:00+00:00,1.2274525691219285,1.2281707385936989,1.2273274707372095,1.2280456402089799,100
2026-01-30 23:20:00+00:00,1.2280456402089799,1.228403120327204,1.227995101738363,1.228352581856587,100
2026-01-30 23:25:00+00:00,1.228352581856587,1.2285475806628203,1.2283464240824824,1.2285414228887157,100
2026-01-30 23:30:00+00:00,1.2285414228887157,1.2286191176651335,1.2281627867536906,1.2282404815301085,100
2026-01-30 23:35:00+00:00,1.2282404815301085,1.2282772653807343,1.2279000800218802,1.2279368638725061,100
2026-01-30 23:40:00+00:00,1.2279368638725061,1.2280726857865034,1.2276217470299424,1.2277575689439397,100
2026-01-30 23:45:00+00:00,1.2277575689439397,1.2280553792793707,1.226426686588505,1.226724496923936,100
2026-01-30 23:50:00+00:00,1.226724496923936,1.2272739425219619,1.2262060396943402,1.226755485292366,100
2026-01-30 23:55:00+00:00,1.226755485292366,1.22724342457952,1.2265991090440154,1.2270870483311693,100
2026-01-31 00:00:00+00:00,1.2270870483311693,1.227975647552318,1.2270061932468233,1.227894792467972,100
2026-01-31 00:05:00+00:00,1.227894792467972,1.2286141345774366,1.227807117220049,1.2285264593295138,100
2026-01-31 00:10:00+00:00,1.2285264593295138,1.2289192867906904,1.228362470405398,1.2287552978665746,100
2026-01-31 00:15:00+00:00,1.2287552978665746,1.2288132718008695,1.2285904951733924,1.2286484691076873,100
2026-01-31 00:20:00+00:00,1.2286484691076873,1.2293331625332318,1.2286482073785434,1.2293329008040879,100
2026-01-31 00:25:00+00:00,1.2293329008040879,1.2293819073779126,1.2293221474768319,1.2293711540506567,100
2026-01-31 00:30:00+00:00,1.2293711540506567,1.229424206748452,1.2287791481733916,1.228832200871187,100
2026-01-31 00:35:00+00:00,1.228832200871187,1.2288711369373722,1.2286908245007853,1.2287297605669705,100
2026-01-31 00:40:00+00:00,1.2287297605669705,1.2291614231424313,1.228541730050311,1.2289733926257718,100
2026-01-31 00:45:00+00:00,1.2289733926257718,1.2297502840330938,1.2287561910212852,1.2295330824286073,100
2026-01-31 00:50:00+00:00,1.2295330824286073,1.2295664100461314,1.2285331050537145,1.2285664326712387,100
2026-01-31 00:55:00+00:00,1.2285664326712387,1.22856671383668,1.228413009424157,1.2284132905895984,100
2026-01-31 01:00:00+00:00,1.2284132905895984,1.2287246874975484,1.228343452512989,1.228654849420939,100
2026-01-31 01:05:00+00:00,1.228654849420939,1.2296336610322804,1.2285789632500248,1.2295577748613662,100
2026-01-31 01:10:00+00:00,1.2295577748613662,1.2295643258111826,1.2294744082579137,1.22948095920773,100
2026-01-31 01:15:00+00:00,1.22948095920773,1.2296003811566174,1.2294699417528419,1.2295893637017292,100
2026-01-31 01:20:00+00:00,1.2295893637017292,1.229718253286509,1.2294375991355586,1.2295664887203384,100
2026-01-31 01:25:00+00:00,1.2295664887203384,1.2297256420881146,1.2289692507006091,1.2291284040683854,100
2026-01-31 01:30:00+00:00,1.2291284040683854,1.230091559307525,1.2288478782311467,1.2298110334702863,100
2026-01-31 01:35:00+00:00,1.2298110334702863,1.2300379276032531,1.22967053439619,1.2298974285291568,100
2026-01-31 01:40:00+00:00,1.2298974285291568,1.2304247906790802,1.2298199362792992,1.2303472984292225,100
2026-01-31 01:45:00+00:00,1.2303472984292225,1.2311713909653104,1.2301871085719431,1.231011201108031,100
2026-01-31 01:50:00+00:00,1.231011201108031,1.2316523916967625,1.230805749001267,1.2314469395899985,100
2026-01-31 01:55:00+00:00,1.2314469395899985,1.2315407387295725,1.2309010893014365,1.2309948884410105,100
2026-01-31 02:00:00+00:00,1.2309948884410105,1.2309984348956344,1.2307752995885037,1.2307788460431277,100
2026-01-31 02:05:00+00:00,1.2307788460431277,1.2309369149787834,1.2298294316213412,1.229987500556997,100
2026-01-31 02:10:00+00:00,1.229987500556997,1.2303849838202252,1.2298817481462758,1.2302792314095041,100
2026-01-31 02:15:00+00:00,1.2302792314095041,1.2304300730395126,1.2298322561622994,1.2299830977923079,100
2026-01-31 02:20:00+00:00,1.2299830977923079,1.2301846953487632,1.2295030785182741,1.2297046760747294,100
2026-01-31 02:25:00+00:00,1.2297046760747294,1.2298708970966037,1.2290372408358812,1.2292034618577554,100
2026-01-31 02:30:00+00:00,1.2292034618577554,1.2298178245809233,1.229005749250523,1.229620111973691,100
2026-01-31 02:35:00+00:00,1.229620111973691,1.2300733460730737,1.229602047523255,1.2300552816226378,100
2026-01-31 02:40:00+00:00,1.2300552816226378,1.2303776293104463,1.229994096070494,1.2303164437583025,100
2026-01-31 02:45:00+00:00,1.2303164437583025,1.230411580869979,1.2296510244643934,1.2297461615760699,100
2026-01-31 02:50:00+00:00,1.2297461615760699,1.230576061605063,1.2296111761025124,1.2304410761315054,100
2026-01-31 02:55:00+00:00,1.2304410761315054,1.2305752164759014,1.2303762613334763,1.2305104016778723,100
2026-01-31 03:00:00+00:00,1.2305104016778723,1.2310212355370078,1.2301998758391455,1.230710709698281,100
2026-01-31 03:05:00+00:00,1.230710709698281,1.231294778194263,1.230616251816796,1.231200320312778,100
2026-01-31 03:10:00+00:00,1.231200320312778,1.23137972716964,1.230164050473418,1.23034345733028,100
2026-01-31 03:15:00+00:00,1.23034345733028,1.2309108043611683,1.2300978568379561,1.2306652038688444,100
2026-01-31 03:20:00+00:00,1.2306652038688444,1.2311728455980315,1.2304607610980238,1.230968402827211,100
2026-01-31 03:25:00+00:00,1.230968402827211,1.2314688118943915,1.2308707809070218,1.2313711899742024,100
2026-01-31 03:30:00+00:00,1.2313711899742024,1.2316429048199564,1.2312542258967456,1.2315259407424997,100
2026-01-31 03:35:00+00:00,1.2315259407424997,1.2320239461851383,1.2314896285205414,1.2319876339631801,100
2026-01-31 03:40:00+00:00,1.2319876339631801,1.2324734386929452,1.2318985911154852,1.2323843958452503,100
2026-01-31 03:45:00+00:00,1.2323843958452503,1.2324698541244175,1.231951733043695,1.2320371913228623,100
2026-01-31 03:50:00+00:00,1.2320371913228623,1.232283479381659,1.2319400066903954,1.2321862947491922,100
2026-01-31 03:55:00+00:00,1.2321862947491922,1.2327204142244115,1.232096865740422,1.2326309852156414,100
2026-01-31 04:00:00+00:00,1.2326309852156414,1.2328799236892043,1.232596215991699,1.2328451544652619,100
2026-01-31 04:05:00+00:00,1.2328451544652619,1.2328930131857856,1.231902517847527,1.2319503765680506,100
2026-01-31 04:10:00+00:00,1.2319503765680506,1.2331627902582076,1.231857976135669,1.233070389825826,100
2026-01-31 04:15:00+00:00,1.233070389825826,1.2332009365112973,1.2329899337978618,1.2331204804833331,100
2026-01-31 04:20:00+00:00,1.2331204804833331,1.2342088868845178,1.232785560967514,1.2338739673686987,100
2026-01-31 04:25:00+00:00,1.2338739673686987,1.2343761563668094,1.2337245314216014,1.2342267204197122,100
2026-01-31 04:30:00+00:00,1.2342267204197122,1.2343249855509928,1.2330429220278352,1.2331411871591158,100
2026-01-31 04:35:00+00:00,1.2331411871591158,1.2332125124405424,1.232779308212052,1.2328506334934786,100
2026-01-31 04:40:00+00:00,1.2328506334934786,1.2329538600795884,1.232693376107205,1.2327966026933148,100
2026-01-31 04:45:00+00:00,1.2327966026933148,1.2329318792148967,1.2318431245084542,1.231978401030036,100
2026-01-31 04:50:00+00:00,1.231978401030036,1.232096273065201,1.231681699892043,1.231799571927208,100
2026-01-31 04:55:00+00:00,1.231799571927208,1.23201692539268,1.231367792380118,1.2315851458455902,100
2026-01-31 05:00:00+00:00,1.2315851458455902,1.2316430991938017,1.2308380705486597,1.2308960238968711,100
2026-01-31 05:05:00+00:00,1.2308960238968711,1.230903076285683,1.2301508911025234,1.2301579434913352,100
2026-01-31 05:10:00+00:00,1.2301579434913352,1.230358914755941,1.2299822669778135,1.2301832382424194,100
2026-01-31 05:15:00+00:00,1.2301832382424194,1.2303139236805714,1.2293120905454447,1.2294427759835966,100
2026-01-31 05:20:00+00:00,1.2294427759835966,1.2295558336568129,1.228972513433701,1.2290855711069173,100
2026-01-31 05:25:00+00:00,1.2290855711069173,1.229148756486359,1.2289542115766852,1.2290173969561269,100
2026-01-31 05:30:00+00:00,1.2290173969561269,1.229878251969459,1.228839159787496,1.2297000148008281,100
2026-01-31 05:35:00+00:00,1.2297000148008281,1.2298378543278103,1.2293847471033423,1.2295225866303245,100
2026-01-31 05:40:00+00:00,1.2295225866303245,1.230009848397015,1.2295092360193765,1.229996497786067,100
2026-01-31 05:45:00+00:00,1.229996497786067,1.2300387543659586,1.2297328588994074,1.229775115479299,100
2026-01-31 05:50:00+00:00,1.229775115479299,1.2298251045915365,1.229643861554776,1.2296938506670134,100
2026-01-31 05:55:00+00:00,1.2296938506670134,1.2298462302570063,1.2292985153501945,1.2294508949401874,100
2026-01-31 06:00:00+00:00,1.2294508949401874,1.229556999857169,1.2292224366157352,1.2293285415327166,100
2026-01-31 06:05:00+00:00,1.2293285415327166,1.2294182739833865,1.229266900022035,1.229356632472705,100
2026-01-31 06:10:00+00:00,1.229356632472705,1.2295178524027448,1.2289293422765337,1.2290905622065735,100
2026-01-31 06:15:00+00:00,1.2290905622065735,1.2292109173858752,1.2290024427514272,1.2291227979307289,100
2026-01-31 06:20:00+00:00,1.2291227979307289,1.229470178510006,1.2290898673623738,1.2294372479416509,100
2026-01-31 06:25:00+00:00,1.2294372479416509,1.2294756020497095,1.228828127933944,1.2288664820420026,100
2026-01-31 06:30:00+00:00,1.2288664820420026,1.2289722439139357,1.2285064553826541,1.2286122172545872,100
2026-01-31 06:35:00+00:00,1.2286122172545872,1.2294343488149,1.2283351580452195,1.2291572896055323,100
2026-01-31 06:40:00+00:00,1.2291572896055323,1.2293287479140884,1.2289230264545026,1.2290944847630587,100
2026-01-31 06:45:00+00:00,1.2290944847630587,1.2292237937836696,1.22900238212073,1.229131691141341,100
2026-01-31 06:50:00+00:00,1.229131691141341,1.22961296497225,1.2290962251209865,1.2295774989518955,100
2026-01-31 06:55:00+00:00,1.2295774989518955,1.229858360375606,1.2294702092349765,1.229751070658687,100
2026-01-31 07:00:00+00:00,1.229751070658687,1.22975915207916,1.2296176095569016,1.2296256909773746,100
2026-01-31 07:05:00+00:00,1.2296256909773746,1.2300829604493935,1.229560129764479,1.2300173992364978,100
2026-01-31 07:10:00+00:00,1.2300173992364978,1.2305563083080524,1.2298601000817215,1.2303990091532762,100
2026-01-31 07:15:00+00:00,1.2303990091532762,1.2305357853555479,1.2300204268611081,1.2301572030633798,100
2026-01-31 07:20:00+00:00,1.2301572030633798,1.2303704222483647,1.2301244023785785,1.2303376215635633,100
2026-01-31 07:25:00+00:00,1.2303376215635633,1.2307279619722513,1.2302343573117784,1.2306246977204665,100
2026-01-31 07:30:00+00:00,1.2306246977204665,1.2308546937982139,1.2295816639252464,1.2298116600029938,100
2026-01-31 07:35:00+00:00,1.2298116600029938,1.2315433710700667,1.229754671630125,1.231486382697198,100
2026-01-31 07:40:00+00:00,1.231486382697198,1.2316870313828059,1.2312618805453222,1.23146252923093,100
2026-01-31 07:45:00+00:00,1.23146252923093,1.2325749354009616,1.231203421046292,1.2323158272163237,100
2026-01-31 07:50:00+00:00,1.2323158272163237,1.2325865592170009,1.2323106960851864,1.2325814280858636,100
2026-01-31 07:55:00+00:00,1.2325814280858636,1.2326242346442724,1.2321900552736818,1.2322328618320906,100
2026-01-31 08:00:00+00:00,1.2322328618320906,1.2322338728523696,1.232011856334003,1.232012867354282,100
2026-01-31 08:05:00+00:00,1.232012867354282,1.2333136680282297,1.2317896879222274,1.233090488596175,100
2026-01-31 08:10:00+00:00,1.233090488596175,1.2333980840791698,1.233012451327488,1.2333200468104828,100
2026-01-31 08:15:00+00:00,1.2333200468104828,1.2337125164411937,1.233316835173407,1.233709304804118,100
2026-01-31 08:20:00+00:00,1.233709304804118,1.235231930804826,1.2336487404560612,1.2351713664567694,100
2026-01-31 08:25:00+00:00,1.2351713664567694,1.2352552836684116,1.2351338344277436,1.2352177516393859,100
2026-01-31 08:30:00+00:00,1.2352177516393859,1.2352662987002756,1.2339999832186201,1.23404853027951,100
2026-01-31 08:35:00+00:00,1.23404853027951,1.2347005579838675,1.2340065991805027,1.2346586268848603,100
2026-01-31 08:40:00+00:00,1.2346586268848603,1.234731083667073,1.2346422203423204,1.2347146771245332,100
2026-01-31 08:45:00+00:00,1.2347146771245332,1.2349029610168318,1.2346984147456808,1.2348866986379794,100
2026-01-31 08:50:00+00:00,1.2348866986379794,1.2354966081459462,1.2346758416440937,1.2352857511520605,100
2026-01-31 08:55:00+00:00,1.2352857511520605,1.2353569829678521,1.2352725097672532,1.2353437415830448,100
2026-01-31 09:00:00+00:00,1.2353437415830448,1.2353914402134005,1.2343256558855913,1.234373354515947,100
2026-01-31 09:05:00+00:00,1.234373354515947,1.234404241662087,1.2339716890699248,1.234002576216065,100
2026-01-31 09:10:00+00:00,1.234002576216065,1.2341622820076688,1.2337367911494261,1.23389649694103,100
2026-01-31 09:15:00+00:00,1.23389649694103,1.2340417174359293,1.233754565216772,1.2338997857116714,100
2026-01-31 09:20:00+00:00,1.2338997857116714,1.234143914180225,1.2336401607113612,1.2338842891799149,100
2026-01-31 09:25:00+00:00,1.2338842891799149,1.2341743531711782,1.2338710656884855,1.2341611296797488,100
2026-01-31 09:30:00+00:00,1.2341611296797488,1.2345582363506495,1.2340689096175321,1.2344660162884329,100
2026-01-31 09:35:00+00:00,1.2344660162884329,1.234677722259376,1.2339629875055678,1.234174693476511,100
2026-01-31 09:40:00+00:00,1.234174693476511,1.234850450151431,1.2341635846540533,1.2348393413289733,100
2026-01-31 09:45:00+00:00,1.2348393413289733,1.2348566871275322,1.2347337898323607,1.2347511356309195,100
2026-01-31 09:50:00+00:00,1.2347511356309195,1.235287074596892,1.2345573959124612,1.2350933348784336,100
2026-01-31 09:55:00+00:00,1.2350933348784336,1.235694183365759,1.234988831111929,1.2355896795992545,100
2026-01-31 10:00:00+00:00,1.2355896795992545,1.2360886349552114,1.2355668821624248,1.2360658375183817,100
2026-01-31 10:05:00+00:00,1.2360658375183817,1.236193821116776,1.2357629151055372,1.2358908987039314,100
2026-01-31 10:10:00+00:00,1.2358908987039314,1.2359225598944668,1.234969344165762,1.2350010053562974,100
2026-01-31 10:15:00+00:00,1.2350010053562974,1.2352509459167877,1.234911864689065,1.2351618052495554,100
2026-01-31 10:20:00+00:00,1.2351618052495554,1.2352445027252126,1.2350036056163425,1.2350863030919996,100
2026-01-31 10:25:00+00:00,1.2350863030919996,1.2355880372526384,1.2349778032328302,1.235479537393469,100
2026-01-31 10:30:00+00:00,1.235479537393469,1.235640142778042,1.235239407400665,1.2354000127852378,100
2026-01-31 10:35:00+00:00,1.2354000127852378,1.236143687472935,1.235228726646244,1.2359724013339413,100
2026-01-31 10:40:00+00:00,1.2359724013339413,1.2364605163451583,1.2357855310663757,1.2362736460775927,100
2026-01-31 10:45:00+00:00,1.2362736460775927,1.236791622198289,1.2361527462120938,1.2366707223327902,100
2026-01-31 10:50:00+00:00,1.2366707223327902,1.2368083652237154,1.2362488220706405,1.2363864649615657,100
2026-01-31 10:55:00+00:00,1.2363864649615657,1.2367974994104123,1.2362561124685234,1.23666714691737,100
2026-01-31 11:00:00+00:00,1.23666714691737,1.237141887599675,1.2366402013658542,1.237114942048159,100
2026-01-31 11:05:00+00:00,1.237114942048159,1.2371933318548065,1.2368374304428975,1.236915820249545,100
2026-01-31 11:10:00+00:00,1.236915820249545,1.2370808949070238,1.2365602725519473,1.2367253472094262,100
2026-01-31 11:15:00+00:00,1.2367253472094262,1.2369268065031,1.2361683788718685,1.2363698381655424,100
2026-01-31 11:20:00+00:00,1.2363698381655424,1.2365365478989832,1.2352743716966013,1.235441081430042,100
2026-01-31 11:25:00+00:00,1.235441081430042,1.235575745034359,1.2348204313962574,1.2349550950005743,100
2026-01-31 11:30:00+00:00,1.2349550950005743,1.236069613413562,1.2349168182463206,1.2360313366593083,100
2026-01-31 11:35:00+00:00,1.2360313366593083,1.23605564642367,1.2354819202173022,1.235506229981664,100
2026-01-31 11:40:00+00:00,1.235506229981664,1.2361652888068198,1.235413422657031,1.2360724814821868,100
2026-01-31 11:45:00+00:00,1.2360724814821868,1.2364371929361004,1.2358667726798633,1.236231484133777,100
2026-01-31 11:50:00+00:00,1.236231484133777,1.236432015318861,1.2357566244711835,1.2359571556562676,100
2026-01-31 11:55:00+00:00,1.2359571556562676,1.2361707283518857,1.2353855235504556,1.2355990962460737,100
2026-01-31 12:00:00+00:00,1.2355990962460737,1.2358812800655308,1.2355353747201134,1.2358175585395705,100
2026-01-31 12:05:00+00:00,1.2358175585395705,1.235974332720733,1.2357823945305013,1.2359391687116639,100
2026-01-31 12:10:00+00:00,1.2359391687116639,1.2363766463319814,1.2359220402978743,1.2363595179181919,100
2026-01-31 12:15:00+00:00,1.2363595179181919,1.2365296730067485,1.235472656310208,1.2356428113987648,100
2026-01-31 12:20:00+00:00,1.2356428113987648,1.2359997103260987,1.235519665046272,1.235876563973606,100
2026-01-31 12:25:00+00:00,1.235876563973606,1.2359809192599494,1.2358558671686206,1.235960222454964,100
2026-01-31 12:30:00+00:00,1.235960222454964,1.236129379715105,1.2359004124480764,1.2360695697082174,100
2026-01-31 12:35:00+00:00,1.2360695697082174,1.2360994080010597,1.2357443727602437,1.235774211053086,100
2026-01-31 12:40:00+00:00,1.235774211053086,1.2364576511034846,1.2357159360594283,1.2363993761098269,100
2026-01-31 12:45:00+00:00,1.2363993761098269,1.236514042207748,1.2363195306010384,1.2364341966989596,100
2026-01-31 12:50:00+00:00,1.2364341966989596,1.2366984062415085,1.2356221555888256,1.2358863651313745,100
2026-01-31 12:55:00+00:00,1.2358863651313745,1.2360979974783814,1.235834988097651,1.2360466204446579,100
2026-01-31 13:00:00+00:00,1.2360466204446579,1.2361423791976185,1.235712594158681,1.2358083529116417,100
2026-01-31 13:05:00+00:00,1.2358083529116417,1.23597397820498,1.2356946393405075,1.2358602646338457,100
2026-01-31 13:10:00+00:00,1.2358602646338457,1.2367010117648995,1.2356514292808443,1.2364921764118981,100
2026-01-31 13:15:00+00:00,1.2364921764118981,1.236556982141511,1.2364771333304758,1.2365419390600887,100
2026-01-31 13:20:00+00:00,1.2365419390600887,1.2368381888630395,1.235638582993834,1.2359348327967847,100
2026-01-31 13:25:00+00:00,1.2359348327967847,1.2359504175774592,1.2355242433562492,1.2355398281369236,100
2026-01-31 13:30:00+00:00,1.2355398281369236,1.235893807353586,1.2351388650721227,1.235492844288785,100
2026-01-31 13:35:00+00:00,1.235492844288785,1.2356115909897738,1.2354357841773536,1.2355545308783424,100
2026-01-31 13:40:00+00:00,1.2355545308783424,1.2360988477747403,1.2355229492046387,1.2360672661010366,100
2026-01-31 13:45:00+00:00,1.2360672661010366,1.2360778459698145,1.2358803997446888,1.2358909796134667,100
2026-01-31 13:50:00+00:00,1.2358909796134667,1.2366112643472096,1.235689005246639,1.2364092899803818,100
2026-01-31 13:55:00+00:00,1.2364092899803818,1.236529525888821,1.236088129121716,1.2362083650301552,100
2026-01-31 14:00:00+00:00,1.2362083650301552,1.2371306315274049,1.2359346879373783,1.236856954434628,100
2026-01-31 14:05:00+00:00,1.236856954434628,1.2377237113639223,1.2366859009390287,1.2375526578683231,100
2026-01-31 14:10:00+00:00,1.2375526578683231,1.237766293633549,1.2365011873118303,1.2367148230770562,100
2026-01-31 14:15:00+00:00,1.2367148230770562,1.237451083823029,1.236662727515099,1.2373989882610719,100
2026-01-31 14:20:00+00:00,1.2373989882610719,1.2374975165099824,1.2372311210571207,1.2373296493060313,100
2026-01-31 14:25:00+00:00,1.2373296493060313,1.2377875227038222,1.23630978155641,1.2367676549542008,100
2026-01-31 14:30:00+00:00,1.2367676549542008,1.2371026705874693,1.2359101532758772,1.2362451689091456,100
2026-01-31 14:35:00+00:00,1.2362451689091456,1.2366099210578396,1.23616253929352,1.236527291442214,100
2026-01-31 14:40:00+00:00,1.236527291442214,1.2371903944357354,1.2365060359778828,1.2371691389714041,100
2026-01-31 14:45:00+00:00,1.2371691389714041,1.2377735006054473,1.2371366974723574,1.2377410591064006,100
2026-01-31 14:50:00+00:00,1.2377410591064006,1.2389684485804071,1.2377316302905443,1.2389590197645508,100
2026-01-31 14:55:00+00:00,1.2389590197645508,1.2396858424126802,1.2389311030946843,1.2396579257428137,100
2026-01-31 15:00:00+00:00,1.2396579257428137,1.239744696899029,1.2390673365162463,1.2391541076724617,100
2026-01-31 15:05:00+00:00,1.2391541076724617,1.2399536084866312,1.2390781694844275,1.239877670298597,100
2026-01-31 15:10:00+00:00,1.239877670298597,1.2398828332487166,1.2393559474730202,1.23936111042314,100
2026-01-31 15:15:00+00:00,1.23936111042314,1.239428539318775,1.238648468781647,1.238715897677282,100
2026-01-31 15:20:00+00:00,1.238715897677282,1.2393047464682008,1.23844452969782,1.2390333784887386,100
2026-01-31 15:25:00+00:00,1.2390333784887386,1.239447209423167,1.2388753644418968,1.2392891953763252,100
2026-01-31 15:30:00+00:00,1.2392891953763252,1.2394266966060279,1.2388665908116516,1.2390040920413543,100
2026-01-31 15:35:00+00:00,1.2390040920413543,1.239179584468663,1.2387018551093405,1.2388773475366492,100
2026-01-31 15:40:00+00:00,1.2388773475366492,1.238885319082991,1.2378763567240016,1.2378843282703433,100
2026-01-31 15:45:00+00:00,1.2378843282703433,1.2379416977622804,1.237382138748545,1.237439508240482,100
2026-01-31 15:50:00+00:00,1.237439508240482,1.237458539056749,1.2369977146290894,1.2370167454453562,100
2026-01-31 15:55:00+00:00,1.2370167454453562,1.2375163099585567,1.236785115381072,1.2372846798942725,100
2026-01-31 16:00:00+00:00,1.2372846798942725,1.237295666512449,1.2367833887686575,1.236794375386834,100
2026-01-31 16:05:00+00:00,1.236794375386834,1.23784681253397,1.2367401635904351,1.2377926007375712,100
2026-01-31 16:10:00+00:00,1.2377926007375712,1.237927212547489,1.2370289785303004,1.237163590340218,100
2026-01-31 16:15:00+00:00,1.237163590340218,1.2385922456567764,1.2371088422277565,1.2385374975443149,100
2026-01-31 16:20:00+00:00,1.2385374975443149,1.238797086422192,1.2381831891385706,1.2384427780164478,100
2026-01-31 16:25:00+00:00,1.2384427780164478,1.238538031318843,1.2384190501487515,1.2385143034511468,100
2026-01-31 16:30:00+00:00,1.2385143034511468,1.2387642639038317,1.237478173615874,1.2377281340685589,100
2026-01-31 16:35:00+00:00,1.2377281340685589,1.2377530951036355,1.2377159093170378,1.2377408703521144,100
2026-01-31 16:40:00+00:00,1.2377408703521144,1.2377677757616796,1.2365895676250147,1.2366164730345799,100
2026-01-31 16:45:00+00:00,1.2366164730345799,1.236747049181636,1.236036714588075,1.236167290735131,100
2026-01-31 16:50:00+00:00,1.236167290735131,1.236933033359167,1.2360774094377138,1.2368431520617498,100
2026-01-31 16:55:00+00:00,1.2368431520617498,1.2370766308038763,1.2366947919118354,1.236928270653962,100
2026-01-31 17:00:00+00:00,1.236928270653962,1.2379809584367762,1.2365720637576916,1.2376247515405059,100
2026-01-31 17:05:00+00:00,1.2376247515405059,1.2378252127512734,1.2367991257177176,1.236999586928485,100
2026-01-31 17:10:00+00:00,1.236999586928485,1.237384719290937,1.2369221225102178,1.2373072548726698,100
2026-01-31 17:15:00+00:00,1.2373072548726698,1.2376128553769457,1.2372209128732663,1.2375265133775422,100
2026-01-31 17:20:00+00:00,1.2375265133775422,1.2382988439599025,1.2375075927199821,1.2382799233023425,100
2026-01-31 17:25:00+00:00,1.2382799233023425,1.2387552772128645,1.2381921827037037,1.2386675366142257,100
2026-01-31 17:30:00+00:00,1.2386675366142257,1.238877711844173,1.2385637714962523,1.2387739467261996,100
2026-01-31 17:35:00+00:00,1.2387739467261996,1.2389283072919182,1.2383696203089485,1.238523980874667,100
2026-01-31 17:40:00+00:00,1.238523980874667,1.2387811886969118,1.2383982197524739,1.2386554275747186,100
2026-01-31 17:45:00+00:00,1.2386554275747186,1.2387329411385921,1.2386096926096066,1.2386872061734802,100
2026-01-31 17:50:00+00:00,1.2386872061734802,1.238989478607947,1.2380245267610268,1.2383267991954936,100
2026-01-31 17:55:00+00:00,1.2383267991954936,1.238896919342469,1.2381906746451747,1.2387607947921502,100
2026-01-31 18:00:00+00:00,1.2387607947921502,1.2394450107275192,1.23874912267833,1.239433338613699,100
2026-01-31 18:05:00+00:00,1.239433338613699,1.239701226138632,1.2393949793593833,1.2396628668843162,100
2026-01-31 18:10:00+00:00,1.2396628668843162,1.2399743378647803,1.2394692202542643,1.2397806912347284,100
2026-01-31 18:15:00+00:00,1.2397806912347284,1.2400793634797422,1.2397103858456233,1.240009058090637,100
2026-01-31 18:20:00+00:00,1.240009058090637,1.2400238684484308,1.2398297265021088,1.2398445368599025,100
2026-01-31 18:25:00+00:00,1.2398445368599025,1.240018738824738,1.2390113516108778,1.2391855535757133,100
2026-01-31 18:30:00+00:00,1.2391855535757133,1.2393145517782926,1.2391394087332874,1.2392684069358668,100
2026-01-31 18:35:00+00:00,1.2392684069358668,1.2397961805396462,1.239138718339348,1.2396664919431275,100
2026-01-31 18:40:00+00:00,1.2396664919431275,1.2398274554632103,1.2394764170927448,1.2396373806128276,100
2026-01-31 18:45:00+00:00,1.2396373806128276,1.2397682870807338,1.2393537857899846,1.2394846922578908,100
2026-01-31 18:50:00+00:00,1.2394846922578908,1.2396819741285707,1.238275000039658,1.238472281910338,100
2026-01-31 18:55:00+00:00,1.238472281910338,1.2393351280025335,1.2384426464686087,1.2393054925608042,100
2026-01-31 19:00:00+00:00,1.2393054925608042,1.2406183915760485,1.2390440733454886,1.2403569723607328,100
2026-01-31 19:05:00+00:00,1.2403569723607328,1.2404624007364926,1.2401729692046715,1.2402783975804312,100
2026-01-31 19:10:00+00:00,1.2402783975804312,1.2403626128089695,1.2400783580217791,1.2401625732503174,100
2026-01-31 19:15:00+00:00,1.2401625732503174,1.2401973173821317,1.2399669206291528,1.240001664760967,100
2026-01-31 19:20:00+00:00,1.240001664760967,1.2403439297068979,1.2398851661683372,1.240227431114268,100
2026-01-31 19:25:00+00:00,1.240227431114268,1.240448004491439,1.2399100976394781,1.240130671016649,100
2026-01-31 19:30:00+00:00,1.240130671016649,1.2402876846809043,1.239820792675786,1.2399778063400413,100
2026-01-31 19:35:00+00:00,1.2399778063400413,1.240072967887935,1.2392344818379537,1.2393296433858474,100
2026-01-31 19:40:00+00:00,1.2393296433858474,1.239469904311185,1.238134130720446,1.2382743916457837,100
2026-01-31 19:45:00+00:00,1.2382743916457837,1.238713344883359,1.2381581095736374,1.2385970628112126,100
2026-01-31 19:50:00+00:00,1.2385970628112126,1.238650968748514,1.2380172242572367,1.2380711301945382,100
2026-01-31 19:55:00+00:00,1.2380711301945382,1.238207247699512,1.238043136514057,1.2381792540190308,100
2026-01-31 20:00:00+00:00,1.2381792540190308,1.2383943396577097,1.2380982294240888,1.2383133150627676,100
2026-01-31 20:05:00+00:00,1.2383133150627676,1.2386062131242834,1.238297967623519,1.2385908656850348,100
2026-01-31 20:10:00+00:00,1.2385908656850348,1.2387718432218513,1.2375612484978797,1.2377422260346962,100
2026-01-31 20:15:00+00:00,1.2377422260346962,1.2377529356885164,1.2377080293617955,1.2377187390156157,100
2026-01-31 20:20:00+00:00,1.2377187390156157,1.237733495882453,1.236994266112047,1.2370090229788844,100
2026-01-31 20:25:00+00:00,1.2370090229788844,1.237133119204844,1.236416798200955,1.2365408944269147,100
2026-01-31 20:30:00+00:00,1.2365408944269147,1.2366469602404144,1.2360750846392357,1.2361811504527354,100
2026-01-31 20:35:00+00:00,1.2361811504527354,1.2366915265505076,1.236046188865023,1.2365565649627952,100
2026-01-31 20:40:00+00:00,1.2365565649627952,1.2372653891438974,1.2364293931268073,1.2371382173079095,100
2026-01-31 20:45:00+00:00,1.2371382173079095,1.2380490777554551,1.2369195600161154,1.237830420463661,100
2026-01-31 20:50:00+00:00,1.237830420463661,1.2384209248865206,1.2377501951877574,1.238340699610617,100
2026-01-31 20:55:00+00:00,1.238340699610617,1.2385911954572166,1.237782353737134,1.2380328495837336,100
2026-01-31 21:00:00+00:00,1.2380328495837336,1.2380694000110504,1.2379541527313895,1.2379907031587063,100
2026-01-31 21:05:00+00:00,1.2379907031587063,1.2395762661488592,1.237758839291182,1.239344402281335,100
2026-01-31 21:10:00+00:00,1.239344402281335,1.2396797878763224,1.2391588653443057,1.2394942509392932,100
2026-01-31 21:15:00+00:00,1.2394942509392932,1.2395311303602174,1.2388458030968184,1.2388826825177426,100
2026-01-31 21:20:00+00:00,1.2388826825177426,1.2394890362754751,1.2387777710324184,1.239384124790151,100
2026-01-31 21:25:00+00:00,1.239384124790151,1.239386510076822,1.2392220453492944,1.2392244306359654,100
2026-01-31 21:30:00+00:00,1.2392244306359654,1.2399212430132698,1.2391979784070954,1.2398947907843998,100
2026-01-31 21:35:00+00:00,1.2398947907843998,1.2405473961737756,1.2397887286857707,1.2404413340751466,100
2026-01-31 21:40:00+00:00,1.2404413340751466,1.2408432459767258,1.240411220508755,1.2408131324103342,100
2026-01-31 21:45:00+00:00,1.2408131324103342,1.2408586183762416,1.2407314183027525,1.2407769042686598,100
2026-01-31 21:50:00+00:00,1.2407769042686598,1.2408733301541113,1.2404195174132118,1.2405159432986632,100
2026-01-31 21:55:00+00:00,1.2405159432986632,1.2414031876899252,1.240508003604741,1.2413952479960029,100
2026-01-31 22:00:00+00:00,1.2413952479960029,1.2416352185055914,1.2407843415745405,1.241024312084129,100
2026-01-31 22:05:00+00:00,1.241024312084129,1.2410580500022865,1.2407094467679332,1.2407431846860906,100
2026-01-31 22:10:00+00:00,1.2407431846860906,1.240916004664106,1.240428441686194,1.2406012616642093,100
2026-01-31 22:15:00+00:00,1.2406012616642093,1.2406059347945475,1.2396499504823915,1.2396546236127297,100
2026-01-31 22:20:00+00:00,1.2396546236127297,1.2397702234181613,1.238639374473093,1.2387549742785247,100
2026-01-31 22:25:00+00:00,1.2387549742785247,1.238777395138087,1.2380278221986323,1.2380502430581946,100
2026-01-31 22:30:00+00:00,1.2380502430581946,1.2381784331900683,1.238046568996594,1.2381747591284678,100
2026-01-31 22:35:00+00:00,1.2381747591284678,1.238473997851581,1.2381125442107137,1.238411782933827,100
2026-01-31 22:40:00+00:00,1.238411782933827,1.2384160857367306,1.2383015846488765,1.23830588745178,100
2026-01-31 22:45:00+00:00,1.23830588745178,1.2383491123135841,1.238027240345178,1.238070465206982,100
2026-01-31 22:50:00+00:00,1.238070465206982,1.2383243914192485,1.237317812028788,1.2375717382410545,100
2026-01-31 22:55:00+00:00,1.2375717382410545,1.2377088567282422,1.2370003392153668,1.2371374577025545,100
2026-01-31 23:00:00+00:00,1.2371374577025545,1.237215243054043,1.2364814902355026,1.2365592755869912,100
2026-01-31 23:05:00+00:00,1.2365592755869912,1.236603594915462,1.236284586821293,1.2363289061497638,100
2026-01-31 23:10:00+00:00,1.2363289061497638,1.2367322269061813,1.2361108038361177,1.2365141245925353,100
2026-01-31 23:15:00+00:00,1.2365141245925353,1.2372389288669892,1.236501177096762,1.2372259813712159,100
2026-01-31 23:20:00+00:00,1.2372259813712159,1.2374735819181921,1.2357454420821843,1.2359930426291605,100
2026-01-31 23:25:00+00:00,1.2359930426291605,1.235993541029242,1.2352378440708494,1.2352383424709308,100
2026-01-31 23:30:00+00:00,1.2352383424709308,1.2365627524508995,1.2351067258434532,1.236431135823422,100
2026-01-31 23:35:00+00:00,1.236431135823422,1.2365408270951632,1.2363184123214956,1.236428103593237,100
2026-01-31 23:40:00+00:00,1.236428103593237,1.2365074061403603,1.2363458836878922,1.2364251862350155,100
2026-01-31 23:45:00+00:00,1.2364251862350155,1.2364970136622584,1.236213429997149,1.2362852574243919,100
2026-01-31 23:50:00+00:00,1.2362852574243919,1.2364157235650746,1.2362679332533526,1.2363983993940353,100
2026-01-31 23:55:00+00:00,1.2363983993940353,1.2369994828367536,1.23629929809318,1.2369003815358983,100
2026-02-01 00:00:00+00:00,1.2369003815358983,1.2369597153611163,1.236236558117625,1.2362958919428428,100
2026-02-01 00:05:00+00:00,1.2362958919428428,1.2368062873014298,1.2361523079541108,1.2366627033126978,100
2026-02-01 00:10:00+00:00,1.2366627033126978,1.236874618627636,1.2361020456958711,1.2363139610108094,100
2026-02-01 00:15:00+00:00,1.2363139610108094,1.2363742100039297,1.2358648396603278,1.235925088653448,100
2026-02-01 00:20:00+00:00,1.235925088653448,1.2364118872425462,1.235813078231342,1.23629987682044,100
2026-02-01 00:25:00+00:00,1.23629987682044,1.2365420496435953,1.236187783318919,1.2364299561420742,100
2026-02-01 00:30:00+00:00,1.2364299561420742,1.2366759405429437,1.2361527540497088,1.2363987384505783,100
2026-02-01 00:35:00+00:00,1.2363987384505783,1.236729520126918,1.2362337080605836,1.2365644897369232,100
2026-02-01 00:40:00+00:00,1.2365644897369232,1.2366783994564536,1.2358738274924468,1.2359877372119772,100
2026-02-01 00:45:00+00:00,1.2359877372119772,1.2366117901629181,1.2358497286337529,1.2364737815846938,100
2026-02-01 00:50:00+00:00,1.2364737815846938,1.2365168179525532,1.2361431932472968,1.2361862296151562,100
2026-02-01 00:55:00+00:00,1.2361862296151562,1.236657957895313,1.2361136318960577,1.2365853601762145,100
2026-02-01 01:00:00+00:00,1.2365853601762145,1.2366501541922148,1.2362602713631803,1.2363250653791806,100
2026-02-01 01:05:00+00:00,1.2363250653791806,1.2363278627345393,1.2356058337715454,1.2356086311269041,100
2026-02-01 01:10:00+00:00,1.2356086311269041,1.2367519770845856,1.2354217015937108,1.2365650475513923,100
2026-02-01 01:15:00+00:00,1.2365650475513923,1.2366057289078018,1.2362960013813091,1.2363366827377187,100
2026-02-01 01:20:00+00:00,1.2363366827377187,1.2366150274470695,1.236230683194197,1.2365090279035478,100
2026-02-01 01:25:00+00:00,1.2365090279035478,1.2365485402515999,1.2363997433751959,1.236439255723248,100
2026-02-01 01:30:00+00:00,1.236439255723248,1.2373426305084254,1.2361590778136253,1.2370624525988028,100
2026-02-01 01:35:00+00:00,1.2370624525988028,1.2378807534275291,1.236920659774206,1.2377389606029323,100
2026-02-01 01:40:00+00:00,1.2377389606029323,1.2381500278196131,1.2375915930984283,1.238002660315109,100
2026-02-01 01:45:00+00:00,1.238002660315109,1.2384327726692013,1.237863685974277,1.2382937983283693,100
2026-02-01 01:50:00+00:00,1.2382937983283693,1.239991858790089,1.238221856328113,1.239919916789833,100
2026-02-01 01:55:00+00:00,1.239919916789833,1.2404959270996376,1.2396140207904147,1.2401900311002194,100
2026-02-01 02:00:00+00:00,1.2401900311002194,1.2404236242216227,1.23987639085591,1.2401099839773133,100
2026-02-01 02:05:00+00:00,1.2401099839773133,1.2401938203566065,1.239815547069539,1.239899383448832,100
2026-02-01 02:10:00+00:00,1.239899383448832,1.2402300526388563,1.239222542560373,1.2395532117503971,100
2026-02-01 02:15:00+00:00,1.2395532117503971,1.2401418238290656,1.2395301236949492,1.2401187357736176,100
2026-02-01 02:20:00+00:00,1.2401187357736176,1.2411372329725132,1.2397933771870153,1.240811874385911,100
2026-02-01 02:25:00+00:00,1.240811874385911,1.2416704917924912,1.2404993492769276,1.241357966683508,100
2026-02-01 02:30:00+00:00,1.241357966683508,1.241402730469746,1.240959108921224,1.241003872707462,100
2026-02-01 02:35:00+00:00,1.241003872707462,1.2410973094366842,1.2408609888792075,1.2409544256084297,100
2026-02-01 02:40:00+00:00,1.2409544256084297,1.2413003578563062,1.2400147916615007,1.2403607239093772,100
2026-02-01 02:45:00+00:00,1.2403607239093772,1.2405580197076922,1.2403272601972835,1.2405245559955984,100
2026-02-01 02:50:00+00:00,1.2405245559955984,1.2412177676335672,1.2403930041047666,1.2410862157427354,100
2026-02-01 02:55:00+00:00,1.2410862157427354,1.2412341308980352,1.240665978259456,1.240813893414756,100
2026-02-01 03:00:00+00:00,1.240813893414756,1.2409987556733293,1.2404219264477567,1.2406067887063301,100
2026-02-01 03:05:00+00:00,1.2406067887063301,1.241172194853269,1.240482509491142,1.241047915638081,100
2026-02-01 03:10:00+00:00,1.241047915638081,1.2415850196292875,1.2408570285474116,1.2413941325386182,100
2026-02-01 03:15:00+00:00,1.2413941325386182,1.2418104786523747,1.2413940227721811,1.2418103688859377,100
2026-02-01 03:20:00+00:00,1.2418103688859377,1.2419436479536872,1.2416846434942033,1.2418179225619528,100
2026-02-01 03:25:00+00:00,1.2418179225619528,1.2420078292370065,1.2417326354836014,1.241922542158655,100
2026-02-01 03:30:00+00:00,1.241922542158655,1.2424589092938614,1.2418564404249495,1.2423928075601558,100
2026-02-01 03:35:00+00:00,1.2423928075601558,1.243086214148245,1.2422508349195132,1.2429442415076024,100
2026-02-01 03:40:00+00:00,1.2429442415076024,1.2430376390458466,1.2428921312218113,1.2429855287600555,100
2026-02-01 03:45:00+00:00,1.2429855287600555,1.2433221516731463,1.2428298893034195,1.2431665122165103,100
2026-02-01 03:50:00+00:00,1.2431665122165103,1.2431746521950584,1.2426852612179868,1.242693401196535,100
2026-02-01 03:55:00+00:00,1.242693401196535,1.2427548155172197,1.242434938717022,1.2424963530377067,100
2026-02-01 04:00:00+00:00,1.2424963530377067,1.2431016195414044,1.2423657551444613,1.242971021648159,100
2026-02-01 04:05:00+00:00,1.242971021648159,1.2433949637184223,1.2419917889769705,1.2424157310472337,100
2026-02-01 04:10:00+00:00,1.2424157310472337,1.2425106664458272,1.242041879409797,1.2421368148083904,100
2026-02-01 04:15:00+00:00,1.2421368148083904,1.242525947335547,1.2418138436553416,1.2422029761824982,100
2026-02-01 04:20:00+00:00,1.2422029761824982,1.242682254326297,1.2417448658261265,1.2422241439699253,100
2026-02-01 04:25:00+00:00,1.2422241439699253,1.242529008336749,1.240989433537785,1.2412942979046087,100
2026-02-01 04:30:00+00:00,1.2412942979046087,1.2420191383351453,1.2411040035688223,1.241828843999359,100
2026-02-01 04:35:00+00:00,1.241828843999359,1.2420610317245937,1.2404331588791233,1.240665346604358,100
2026-02-01 04:40:00+00:00,1.240665346604358,1.24078929354502,1.240653099229111,1.240777046169773,100
2026-02-01 04:45:00+00:00,1.240777046169773,1.241078931392829,1.2400140867767413,1.2403159719997974,100
2026-02-01 04:50:00+00:00,1.2403159719997974,1.2406000564040016,1.2398309417210351,1.2401150261252394,100
2026-02-01 04:55:00+00:00,1.2401150261252394,1.2401931791028256,1.239436639990791,1.2395147929683772,100
2026-02-01 05:00:00+00:00,1.2395147929683772,1.2395779632804573,1.2390529589358459,1.239116129247926,100
2026-02-01 05:05:00+00:00,1.239116129247926,1.2399852763407744,1.2390249226477248,1.2398940697405731,100
2026-02-01 05:10:00+00:00,1.2398940697405731,1.2400399370040391,1.239155135525382,1.239301002788848,100
2026-02-01 05:15:00+00:00,1.239301002788848,1.2395902650846777,1.2379583620370687,1.2382476243328984,100
2026-02-01 05:20:00+00:00,1.2382476243328984,1.23836519998162,1.237775555265816,1.2378931309145378,100
2026-02-01 05:25:00+00:00,1.2378931309145378,1.2381164082728144,1.2377923031199596,1.2380155804782362,100
2026-02-01 05:30:00+00:00,1.2380155804782362,1.2380236096651334,1.2372517144247808,1.237259743611678,100
2026-02-01 05:35:00+00:00,1.237259743611678,1.237890063803515,1.237167136601067,1.2377974567929042,100
2026-02-01 05:40:00+00:00,1.2377974567929042,1.237910886523501,1.2376290323171457,1.2377424620477424,100
2026-02-01 05:45:00+00:00,1.2377424620477424,1.2382470065980498,1.2376799985313918,1.2381845430816991,100
2026-02-01 05:50:00+00:00,1.2381845430816991,1.2382312435571412,1.2379375064449212,1.2379842069203633,100
2026-02-01 05:55:00+00:00,1.2379842069203633,1.2393158984276051,1.237868725652182,1.239200417159424,100
2026-02-01 06:00:00+00:00,1.239200417159424,1.23937424601326,1.2391673731422954,1.2393412019961314,100
2026-02-01 06:05:00+00:00,1.2393412019961314,1.2394679075258905,1.2389827917097562,1.2391094972395154,100
2026-02-01 06:10:00+00:00,1.2391094972395154,1.239589183844828,1.2389885395529896,1.2394682261583023,100
2026-02-01 06:15:00+00:00,1.2394682261583023,1.2395289951260489,1.239139813595499,1.2392005825632455,100
2026-02-01 06:20:00+00:00,1.2392005825632455,1.2392122765343199,1.2389618782760596,1.238973572247134,100
2026-02-01 06:25:00+00:00,1.238973572247134,1.2393256180815724,1.2389330089374273,1.2392850547718657,100
2026-02-01 06:30:00+00:00,1.2392850547718657,1.2396643782294343,1.2384196325162455,1.2387989559738142,100
2026-02-01 06:35:00+00:00,1.2387989559738142,1.2388559486588975,1.2383415787385832,1.2383985714236665,100
2026-02-01 06:40:00+00:00,1.2383985714236665,1.2384217830525828,1.2381613622874859,1.2381845739164021,100
2026-02-01 06:45:00+00:00,1.2381845739164021,1.2382795670819413,1.237750324249012,1.2378453174145512,100
2026-02-01 06:50:00+00:00,1.2378453174145512,1.2378523619449635,1.2370056221338313,1.2370126666642436,100
2026-02-01 06:55:00+00:00,1.2370126666642436,1.2377122742956577,1.23687714840828,1.237576756039694,100
2026-02-01 07:00:00+00:00,1.237576756039694,1.2383567363347228,1.2375047160151964,1.2382846963102252,100
2026-02-01 07:05:00+00:00,1.2382846963102252,1.2383573167015751,1.2377678929465559,1.2378405133379058,100
2026-02-01 07:10:00+00:00,1.2378405133379058,1.2380944536088665,1.2374905334321271,1.2377444737030878,100
2026-02-01 07:15:00+00:00,1.2377444737030878,1.2378393447999887,1.2376762962380727,1.2377711673349736,100
2026-02-01 07:20:00+00:00,1.2377711673349736,1.2385486784357385,1.2375900966499715,1.2383676077507364,100
2026-02-01 07:25:00+00:00,1.2383676077507364,1.2385905832797186,1.2382662575139822,1.2384892330429644,100
2026-02-01 07:30:00+00:00,1.2384892330429644,1.2390964037606496,1.2384026755874804,1.2390098463051655,100
2026-02-01 07:35:00+00:00,1.2390098463051655,1.2391118809657562,1.2387081244374936,1.2388101590980842,100
2026-02-01 07:40:00+00:00,1.2388101590980842,1.2390072126233316,1.2381707256365293,1.2383677791617766,100
2026-02-01 07:45:00+00:00,1.2383677791617766,1.2383932490071847,1.2375426909143241,1.2375681607597322,100
2026-02-01 07:50:00+00:00,1.2375681607597322,1.237722709182428,1.237553910876471,1.237708459299167,100
2026-02-01 07:55:00+00:00,1.237708459299167,1.2380142696451377,1.2363377730388416,1.2366435833848124,100
2026-02-01 08:00:00+00:00,1.2366435833848124,1.2366885413325,1.2359293911505942,1.2359743490982817,100
2026-02-01 08:05:00+00:00,1.2359743490982817,1.2363745641267962,1.2358816313529486,1.236281846381463,100
2026-02-01 08:10:00+00:00,1.236281846381463,1.2363548051201063,1.2356175450695142,1.2356905038081574,100
2026-02-01 08:15:00+00:00,1.2356905038081574,1.237052610599528,1.2355561308677239,1.2369182376590946,100
2026-02-01 08:20:00+00:00,1.2369182376590946,1.2371007724382497,1.2362957701491095,1.2364783049282646,100
2026-02-01 08:25:00+00:00,1.2364783049282646,1.236734724010945,1.236264658609558,1.2365210776922384,100
2026-02-01 08:30:00+00:00,1.2365210776922384,1.2368717399254248,1.2363674395694773,1.2367181018026636,100
2026-02-01 08:35:00+00:00,1.2367181018026636,1.2369258255612336,1.2366128984884057,1.2368206222469758,100
2026-02-01 08:40:00+00:00,1.2368206222469758,1.237140792163514,1.2363071756916693,1.2366273456082075,100
2026-02-01 08:45:00+00:00,1.2366273456082075,1.2366550506823393,1.236110231130143,1.2361379362042748,100
2026-02-01 08:50:00+00:00,1.2361379362042748,1.2362635401447306,1.235240696037111,1.2353662999775668,100
2026-02-01 08:55:00+00:00,1.2353662999775668,1.2354174032708087,1.2346760626314326,1.2347271659246746,100
2026-02-01 09:00:00+00:00,1.2347271659246746,1.2356613407981187,1.2345942655175846,1.2355284403910287,100
2026-02-01 09:05:00+00:00,1.2355284403910287,1.2355780167849195,1.2354924709651083,1.235542047358999,100
2026-02-01 09:10:00+00:00,1.235542047358999,1.2355961834369722,1.234759196272301,1.2348133323502741,100
2026-02-01 09:15:00+00:00,1.2348133323502741,1.2349746030537803,1.2343270030247635,1.2344882737282696,100
2026-02-01 09:20:00+00:00,1.2344882737282696,1.2344962215528759,1.2343105071103717,1.234318454934978,100
2026-02-01 09:25:00+00:00,1.234318454934978,1.2351931411681203,1.2342848220093412,1.2351595082424836,100
2026-02-01 09:30:00+00:00,1.2351595082424836,1.2352573960231692,1.2342328261266833,1.234330713907369,100
2026-02-01 09:35:00+00:00,1.234330713907369,1.2345393399239664,1.2337271566210264,1.2339357826376238,100
2026-02-01 09:40:00+00:00,1.2339357826376238,1.2339524046185626,1.2333946405036884,1.2334112624846272,100
2026-02-01 09:45:00+00:00,1.2334112624846272,1.2335985148573212,1.2322730477614867,1.2324603001341807,100
2026-02-01 09:50:00+00:00,1.2324603001341807,1.2326582731319504,1.231905624748891,1.2321035977466608,100
2026-02-01 09:55:00+00:00,1.2321035977466608,1.2323568214840932,1.2313465818261218,1.2315998055635542,100
2026-02-01 10:00:00+00:00,1.2315998055635542,1.2316779970280893,1.231379991586368,1.231458183050903,100
2026-02-01 10:05:00+00:00,1.231458183050903,1.2315038697023437,1.2310927181636868,1.2311384048151275,100
2026-02-01 10:10:00+00:00,1.2311384048151275,1.2319248868497623,1.231078841151923,1.2318653231865577,100
2026-02-01 10:15:00+00:00,1.2318653231865577,1.2322793615619376,1.2305935857764516,1.2310076241518315,100
2026-02-01 10:20:00+00:00,1.2310076241518315,1.2312336928010665,1.230920077406683,1.231146146055918,100
2026-02-01 10:25:00+00:00,1.231146146055918,1.2322986062629318,1.2310364749200986,1.2321889351271123,100
2026-02-01 10:30:00+00:00,1.2321889351271123,1.2322715201381078,1.231944449342935,1.2320270343539306,100
2026-02-01 10:35:00+00:00,1.2320270343539306,1.2323347885998372,1.2319794702635558,1.2322872245094625,100
2026-02-01 10:40:00+00:00,1.2322872245094625,1.2327345871348467,1.2322479447782204,1.2326953074036047,100
2026-02-01 10:45:00+00:00,1.2326953074036047,1.2332864108695727,1.2325992243414172,1.2331903278073852,100
2026-02-01 10:50:00+00:00,1.2331903278073852,1.2332662666497638,1.23255570925572,1.2326316480980986,100
2026-02-01 10:55:00+00:00,1.2326316480980986,1.232728916725475,1.2326252685458603,1.2327225371732367,100
2026-02-01 11:00:00+00:00,1.2327225371732367,1.2328634595212649,1.2326728940563598,1.232813816404388,100
2026-02-01 11:05:00+00:00,1.232813816404388,1.233641781627439,1.2327654506071017,1.2335934158301527,100
2026-02-01 11:10:00+00:00,1.2335934158301527,1.2343968869577597,1.233453039491506,1.234256510619113,100
2026-02-01 11:15:00+00:00,1.234256510619113,1.234527274871986,1.2336069974878237,1.2338777617406966,100
2026-02-01 11:20:00+00:00,1.2338777617406966,1.2344840265951913,1.2338016715361861,1.2344079363906808,100
2026-02-01 11:25:00+00:00,1.2344079363906808,1.2354912222870065,1.2342679548094482,1.2353512407057738,100
2026-02-01 11:30:00+00:00,1.2353512407057738,1.235464484925108,1.2348772476064873,1.2349904918258214,100
2026-02-01 11:35:00+00:00,1.2349904918258214,1.2350552161558295,1.2338132662386423,1.2338779905686503,100
2026-02-01 11:40:00+00:00,1.2338779905686503,1.2349855720973548,1.2337217124566533,1.2348292939853578,100
2026-02-01 11:45:00+00:00,1.2348292939853578,1.2348591532291684,1.2339727102672617,1.2340025695110723,100
2026-02-01 11:50:00+00:00,1.2340025695110723,1.2341250914612154,1.233247621924134,1.233370143874277,100
2026-02-01 11:55:00+00:00,1.233370143874277,1.2333774612873962,1.233048975153641,1.2330562925667603,100
2026-02-01 12:00:00+00:00,1.2330562925667603,1.2330772655521416,1.2326523900668822,1.2326733630522635,100
2026-02-01 12:05:00+00:00,1.2326733630522635,1.2335013870469025,1.2324479359729086,1.2332759599675476,100
2026-02-01 12:10:00+00:00,1.2332759599675476,1.2338178239231465,1.233139380624426,1.233681244580025,100
2026-02-01 12:15:00+00:00,1.233681244580025,1.2339499757498325,1.233049978780768,1.2333187099505756,100
2026-02-01 12:20:00+00:00,1.2333187099505756,1.2334047722088457,1.2322336676551555,1.2323197299134256,100
2026-02-01 12:25:00+00:00,1.2323197299134256,1.232536825667371,1.2321668563346964,1.2323839520886417,100
2026-02-01 12:30:00+00:00,1.2323839520886417,1.2324967454490077,1.231769456562323,1.231882249922689,100
2026-02-01 12:35:00+00:00,1.231882249922689,1.2319781584274614,1.2312204662460255,1.231316374750798,100
2026-02-01 12:40:00+00:00,1.231316374750798,1.231437728768474,1.2304991572711563,1.2306205112888322,100
2026-02-01 12:45:00+00:00,1.2306205112888322,1.230951425863552,1.2304980843962128,1.2308289989709327,100
2026-02-01 12:50:00+00:00,1.2308289989709327,1.2309247801369525,1.2304909953769874,1.2305867765430072,100
2026-02-01 12:55:00+00:00,1.2305867765430072,1.2306161629009111,1.22981013574754,1.229839522105444,100
2026-02-01 13:00:00+00:00,1.229839522105444,1.2309062042736416,1.2297748534840947,1.2308415356522924,100
2026-02-01 13:05:00+00:00,1.2308415356522924,1.2309986933053338,1.2304408087461063,1.2305979663991478,100
2026-02-01 13:10:00+00:00,1.2305979663991478,1.2306714381190096,1.2296785264806622,1.229751998200524,100
2026-02-01 13:15:00+00:00,1.229751998200524,1.2301276422093181,1.2293820182638615,1.2297576622726556,100
2026-02-01 13:20:00+00:00,1.2297576622726556,1.2298463855503947,1.2295521568620236,1.2296408801397627,100
2026-02-01 13:25:00+00:00,1.2296408801397627,1.2308054292527622,1.2293435162835085,1.230508065396508,100
2026-02-01 13:30:00+00:00,1.230508065396508,1.230596179390554,1.2300255319467805,1.2301136459408266,100
2026-02-01 13:35:00+00:00,1.2301136459408266,1.230994233185539,1.2300748191927722,1.2309554064374846,100
2026-02-01 13:40:00+00:00,1.2309554064374846,1.231104730961402,1.2304045271341943,1.2305538516581118,100
2026-02-01 13:45:00+00:00,1.2305538516581118,1.2307971460769813,1.2304546577142115,1.230697952133081,100
2026-02-01 13:50:00+00:00,1.230697952133081,1.2308120714105772,1.2299009316017988,1.230015050879295,100
2026-02-01 13:55:00+00:00,1.230015050879295,1.2301362052687015,1.2299180630369182,1.2300392174263246,100
2026-02-01 14:00:00+00:00,1.2300392174263246,1.2301354270416955,1.2298031213113645,1.2298993309267354,100
2026-02-01 14:05:00+00:00,1.2298993309267354,1.2300163900094097,1.2298800100781755,1.2299970691608497,100
2026-02-01 14:10:00+00:00,1.2299970691608497,1.230192377083518,1.229826372514865,1.2300216804375332,100
2026-02-01 14:15:00+00:00,1.2300216804375332,1.230075122256764,1.2291591667595931,1.229212608578824,100
2026-02-01 14:20:00+00:00,1.229212608578824,1.2299542444364395,1.2291583847999799,1.2299000206575954,100
2026-02-01 14:25:00+00:00,1.2299000206575954,1.2307528643455412,1.2297072742472777,1.2305601179352235,100
2026-02-01 14:30:00+00:00,1.2305601179352235,1.2319478296394764,1.230287561125602,1.2316752728298548,100
2026-02-01 14:35:00+00:00,1.2316752728298548,1.2317817690235169,1.2316287318641173,1.2317352280577794,100
2026-02-01 14:40:00+00:00,1.2317352280577794,1.2319560254324173,1.2315158722711899,1.2317366696458278,100
2026-02-01 14:45:00+00:00,1.2317366696458278,1.2319363887016828,1.2313039965744754,1.2315037156303303,100
2026-02-01 14:50:00+00:00,1.2315037156303303,1.2317592326018558,1.2312491683552276,1.231504685326753,100
2026-02-01 14:55:00+00:00,1.231504685326753,1.232442967795221,1.231460709375737,1.2323989918442049,100
2026-02-01 15:00:00+00:00,1.2323989918442049,1.2324135716143163,1.2319820108096637,1.2319965905797752,100
2026-02-01 15:05:00+00:00,1.2319965905797752,1.2329927241375358,1.2319562369446246,1.2329523705023853,100
2026-02-01 15:10:00+00:00,1.2329523705023853,1.2336424061362972,1.2328228192072797,1.2335128548411916,100
2026-02-01 15:15:00+00:00,1.2335128548411916,1.233524144813634,1.2332120093184005,1.233223299290843,100
2026-02-01 15:20:00+00:00,1.233223299290843,1.2333569437013454,1.233207501306801,1.2333411457173034,100
2026-02-01 15:25:00+00:00,1.2333411457173034,1.2335530447642153,1.2331709718994315,1.2333828709463435,100
2026-02-01 15:30:00+00:00,1.2333828709463435,1.233388767388302,1.2329831247149754,1.2329890211569339,100
2026-02-01 15:35:00+00:00,1.2329890211569339,1.2330999065056043,1.2328821376410228,1.2329930229896933,100
2026-02-01 15:40:00+00:00,1.2329930229896933,1.2333812873458323,1.2329911421057513,1.2333794064618904,100
2026-02-01 15:45:00+00:00,1.2333794064618904,1.2340130568891534,1.2332319210268288,1.2338655714540918,100
2026-02-01 15:50:00+00:00,1.2338655714540918,1.234509261629464,1.2337852013259853,1.2344288915013575,100
2026-02-01 15:55:00+00:00,1.2344288915013575,1.2347592045639662,1.2342842927089468,1.2346146057715555,100
2026-02-01 16:00:00+00:00,1.2346146057715555,1.2361242899137062,1.2344550489171164,1.2359647330592671,100
2026-02-01 16:05:00+00:00,1.2359647330592671,1.2359965567167657,1.2353291280106178,1.2353609516681163,100
2026-02-01 16:10:00+00:00,1.2353609516681163,1.2358649984373702,1.2352972339974904,1.2358012807667442,100
2026-02-01 16:15:00+00:00,1.2358012807667442,1.235919338872397,1.234423772705009,1.2345418308106617,100
2026-02-01 16:20:00+00:00,1.2345418308106617,1.2347651182263968,1.2327962857066113,1.2330195731223463,100
2026-02-01 16:25:00+00:00,1.2330195731223463,1.2330356020591768,1.2327955263173753,1.2328115552542058,100
2026-02-01 16:30:00+00:00,1.2328115552542058,1.233652382622412,1.2327611175241093,1.2336019448923154,100
2026-02-01 16:35:00+00:00,1.2336019448923154,1.234064396783093,1.2335211320515715,1.2339835839423492,100
2026-02-01 16:40:00+00:00,1.2339835839423492,1.2350154380986802,1.2338273130226871,1.2348591671790181,100
2026-02-01 16:45:00+00:00,1.2348591671790181,1.2352777338588763,1.234846367884185,1.2352649345640432,100
2026-02-01 16:50:00+00:00,1.2352649345640432,1.235266873188451,1.2352302253922947,1.2352321640167025,100
2026-02-01 16:55:00+00:00,1.2352321640167025,1.2352918551275467,1.2349743798759232,1.2350340709867673,100
2026-02-01 17:00:00+00:00,1.2350340709867673,1.235241303960744,1.2346486515826585,1.234855884556635,100
2026-02-01 17:05:00+00:00,1.234855884556635,1.2349748182176221,1.2341924411491925,1.2343113748101795,100
2026-02-01 17:10:00+00:00,1.2343113748101795,1.2346046304638902,1.2342903735567579,1.2345836292104686,100
2026-02-01 17:15:00+00:00,1.2345836292104686,1.2346218446295154,1.2344813318703436,1.2345195472893904,100
2026-02-01 17:20:00+00:00,1.2345195472893904,1.2350379014685346,1.2343475261002093,1.2348658802793535,100
2026-02-01 17:25:00+00:00,1.2348658802793535,1.2351376070668096,1.2346633196063812,1.2349350463938373,100
2026-02-01 17:30:00+00:00,1.2349350463938373,1.2355620367979858,1.234770802827711,1.2353977932318594,100
2026-02-01 17:35:00+00:00,1.2353977932318594,1.2355322257296792,1.234697405557668,1.234831838055488,100
2026-02-01 17:40:00+00:00,1.234831838055488,1.2349942175046051,1.2337864873151756,1.2339488667642928,100
2026-02-01 17:45:00+00:00,1.2339488667642928,1.2340203916551513,1.233400981383951,1.2334725062748095,100
2026-02-01 17:50:00+00:00,1.2334725062748095,1.2337055920725495,1.2334636345281043,1.2336967203258442,100
2026-02-01 17:55:00+00:00,1.2336967203258442,1.233839926756108,1.2326894788119354,1.2328326852421991,100
2026-02-01 18:00:00+00:00,1.2328326852421991,1.2328584365704713,1.232505534588214,1.2325312859164863,100
2026-02-01 18:05:00+00:00,1.2325312859164863,1.2326638371058154,1.2322639453302964,1.2323964965196255,100
2026-02-01 18:10:00+00:00,1.2323964965196255,1.2329443971583272,1.2323257942011832,1.2328736948398848,100
2026-02-01 18:15:00+00:00,1.2328736948398848,1.2336367699041455,1.2326850693403302,1.2334481444045908,100
2026-02-01 18:20:00+00:00,1.2334481444045908,1.233882182930237,1.2333218565363329,1.2337558950619791,100
2026-02-01 18:25:00+00:00,1.2337558950619791,1.2339165286214495,1.233287725031111,1.2334483585905813,100
2026-02-01 18:30:00+00:00,1.2334483585905813,1.2336360107297446,1.2327577250714856,1.232945377210649,100
2026-02-01 18:35:00+00:00,1.232945377210649,1.2332634086708967,1.2328355456745363,1.2331535771347841,100
2026-02-01 18:40:00+00:00,1.2331535771347841,1.233244664301244,1.233131170474267,1.2332222576407268,100
2026-02-01 18:45:00+00:00,1.2332222576407268,1.23360057036018,1.233123991685017,1.2335023044044702,100
2026-02-01 18:50:00+00:00,1.2335023044044702,1.2337303367277817,1.2334374785578723,1.2336655108811838,100
2026-02-01 18:55:00+00:00,1.2336655108811838,1.2344413947800053,1.2334558021557245,1.234231686054546,100
2026-02-01 19:00:00+00:00,1.234231686054546,1.2343012110606424,1.2335879424787695,1.233657467484866,100
2026-02-01 19:05:00+00:00,1.233657467484866,1.2338690972187003,1.2332598246253996,1.233471454359234,100
2026-02-01 19:10:00+00:00,1.233471454359234,1.2335697502520688,1.2329010046174176,1.2329993005102524,100
2026-02-01 19:15:00+00:00,1.2329993005102524,1.2331912509588296,1.2329188260855868,1.233110776534164,100
2026-02-01 19:20:00+00:00,1.233110776534164,1.233246978229719,1.2322800686035307,1.2324162702990857,100
2026-02-01 19:25:00+00:00,1.2324162702990857,1.2328565141514287,1.2323819174368034,1.2328221612891463,100
2026-02-01 19:30:00+00:00,1.2328221612891463,1.2332647120164615,1.2326256143917302,1.2330681651190454,100
2026-02-01 19:35:00+00:00,1.2330681651190454,1.2331546330746403,1.2320385404283543,1.2321250083839492,100
2026-02-01 19:40:00+00:00,1.2321250083839492,1.232198125105935,1.2316792047574432,1.231752321479429,100
2026-02-01 19:45:00+00:00,1.231752321479429,1.2320942206792167,1.2316041266881035,1.2319460258878911,100
2026-02-01 19:50:00+00:00,1.2319460258878911,1.2327759755095296,1.2318892969783057,1.2327192465999441,100
2026-02-01 19:55:00+00:00,1.2327192465999441,1.2328262150160627,1.2326776956148628,1.2327846640309814,100
2026-02-01 20:00:00+00:00,1.2327846640309814,1.2327999197229005,1.2318004573967891,1.2318157130887082,100
2026-02-01 20:05:00+00:00,1.2318157130887082,1.2322946521299865,1.2317951994484353,1.2322741384897136,100
2026-02-01 20:10:00+00:00,1.2322741384897136,1.232901809089747,1.2321155828371118,1.2327432534371452,100
2026-02-01 20:15:00+00:00,1.2327432534371452,1.2341708865732777,1.232614065727619,1.2340416988637515,100
2026-02-01 20:20:00+00:00,1.2340416988637515,1.234093474488096,1.2338230749220052,1.2338748505463497,100
2026-02-01 20:25:00+00:00,1.2338748505463497,1.2348442385563405,1.2336184305092839,1.2345878185192747,100
2026-02-01 20:30:00+00:00,1.2345878185192747,1.234775040538073,1.2339516450789962,1.2341388670977946,100
2026-02-01 20:35:00+00:00,1.2341388670977946,1.2341555765109582,1.2335248182423755,1.233541527655539,100
2026-02-01 20:40:00+00:00,1.233541527655539,1.2337504618043083,1.233214502616276,1.2334234367650452,100
2026-02-01 20:45:00+00:00,1.2334234367650452,1.2338937145446387,1.2331279320180595,1.233598209797653,100
2026-02-01 20:50:00+00:00,1.233598209797653,1.2347832192212502,1.2335201154866178,1.234705124910215,100
2026-02-01 20:55:00+00:00,1.234705124910215,1.23488554666211,1.2346032454611855,1.2347836672130805,100
2026-02-01 21:00:00+00:00,1.2347836672130805,1.235108200348873,1.2347808626731194,1.2351053958089118,100
2026-02-01 21:05:00+00:00,1.2351053958089118,1.2351657109377834,1.234971376451184,1.2350316915800557,100
2026-02-01 21:10:00+00:00,1.2350316915800557,1.2351600625408408,1.2349669079796761,1.2350952789404612,100
2026-02-01 21:15:00+00:00,1.2350952789404612,1.235119409583495,1.2347867257462262,1.23481085638926,100
2026-02-01 21:20:00+00:00,1.23481085638926,1.2353309087881281,1.2347908026449987,1.235310855043867,100
2026-02-01 21:25:00+00:00,1.235310855043867,1.235434390742625,1.2351542688084354,1.2352778045071935,100
2026-02-01 21:30:00+00:00,1.2352778045071935,1.235535900998285,1.235105121022478,1.2353632175135694,100
2026-02-01 21:35:00+00:00,1.2353632175135694,1.2354285101597142,1.2343387223154056,1.2344040149615505,100
2026-02-01 21:40:00+00:00,1.2344040149615505,1.234422633758541,1.2330307409625543,1.2330493597595449,100
2026-02-01 21:45:00+00:00,1.2330493597595449,1.2333021991946214,1.232965124087256,1.2332179635223324,100
2026-02-01 21:50:00+00:00,1.2332179635223324,1.2334579889791264,1.2331524558207114,1.2333924812775054,100
2026-02-01 21:55:00+00:00,1.2333924812775054,1.2336022938741433,1.2330962486901187,1.2333060612867566,100
2026-02-01 22:00:00+00:00,1.2333060612867566,1.2333501448275492,1.2332054438600297,1.2332495274008224,100
2026-02-01 22:05:00+00:00,1.2332495274008224,1.2334222633539471,1.2328439257833679,1.2330166617364926,100
2026-02-01 22:10:00+00:00,1.2330166617364926,1.2336030619083835,1.2329362654586498,1.2335226656305407,100
2026-02-01 22:15:00+00:00,1.2335226656305407,1.2342899888787542,1.2334252243066839,1.2341925475548974,100
2026-02-01 22:20:00+00:00,1.2341925475548974,1.2347499230408423,1.2338342546873704,1.2343916301733153,100
2026-02-01 22:25:00+00:00,1.2343916301733153,1.235477329064625,1.23420269282703,1.2352883917183397,100
2026-02-01 22:30:00+00:00,1.2352883917183397,1.2356835210269905,1.235150667339475,1.2355457966481258,100
2026-02-01 22:35:00+00:00,1.2355457966481258,1.2361766341470215,1.2352859945559695,1.2359168320548652,100
2026-02-01 22:40:00+00:00,1.2359168320548652,1.2370253541206735,1.2359159272838378,1.237024449349646,100
2026-02-01 22:45:00+00:00,1.237024449349646,1.2374695252865209,1.2368340771858337,1.2372791531227085,100
2026-02-01 22:50:00+00:00,1.2372791531227085,1.237303157886546,1.2368514277461309,1.2368754325099685,100
2026-02-01 22:55:00+00:00,1.2368754325099685,1.2378975209282017,1.2365681291982547,1.237590217616488,100
2026-02-01 23:00:00+00:00,1.237590217616488,1.2376631289896651,1.2371232041374594,1.2371961155106366,100
2026-02-01 23:05:00+00:00,1.2371961155106366,1.2376822459445318,1.2371838644930673,1.2376699949269625,100
2026-02-01 23:10:00+00:00,1.2376699949269625,1.238304320239518,1.2376685517684822,1.2383028770810378,100
2026-02-01 23:15:00+00:00,1.2383028770810378,1.2384736580419362,1.23825496516569,1.2384257461265884,100
2026-02-01 23:20:00+00:00,1.2384257461265884,1.2385933827070543,1.2380952767781166,1.2382629133585825,100
2026-02-01 23:25:00+00:00,1.2382629133585825,1.2388575520328329,1.2380698631980689,1.2386645018723192,100
2026-02-01 23:30:00+00:00,1.2386645018723192,1.2389296724179706,1.2377571142973813,1.2380222848430327,100
2026-02-01 23:35:00+00:00,1.2380222848430327,1.238442287190511,1.2378472758889056,1.238267278236384,100
2026-02-01 23:40:00+00:00,1.238267278236384,1.2383338328818214,1.237544603029583,1.2376111576750204,100
2026-02-01 23:45:00+00:00,1.2376111576750204,1.2376238512604685,1.236881093448277,1.236893787033725,100
2026-02-01 23:50:00+00:00,1.236893787033725,1.2370706801576434,1.2359747399969103,1.2361516331208287,100
2026-02-01 23:55:00+00:00,1.2361516331208287,1.2364721757261297,1.2359743290517113,1.2362948716570124,100
2026-02-02 00:00:00+00:00,1.2362948716570124,1.2364632360059047,1.235734785431796,1.2359031497806883,100
2026-02-02 00:05:00+00:00,1.2359031497806883,1.236627126445915,1.235593835273327,1.2363178119385536,100
2026-02-02 00:10:00+00:00,1.2363178119385536,1.236559801194509,1.235236620753153,1.2354786100091084,100
2026-02-02 00:15:00+00:00,1.2354786100091084,1.235837467274431,1.2354774627811498,1.2358363200464724,100
2026-02-02 00:20:00+00:00,1.2358363200464724,1.236093998989918,1.2352508399944506,1.2355085189378963,100
2026-02-02 00:25:00+00:00,1.2355085189378963,1.2360260948259525,1.235294752461427,1.2358123283494833,100
2026-02-02 00:30:00+00:00,1.2358123283494833,1.2368606570788743,1.2357352492053806,1.2367835779347716,100
2026-02-02 00:35:00+00:00,1.2367835779347716,1.236895115853212,1.2363552992345939,1.2364668371530343,100
2026-02-02 00:40:00+00:00,1.2364668371530343,1.2365995098805456,1.2363739779611223,1.2365066506886335,100
2026-02-02 00:45:00+00:00,1.2365066506886335,1.2366102854767604,1.2362285462969242,1.2363321810850512,100
2026-02-02 00:50:00+00:00,1.2363321810850512,1.2365300785534077,1.236246819458556,1.2364447169269126,100
2026-02-02 00:55:00+00:00,1.2364447169269126,1.23656925801389,1.2353833206996123,1.2355078617865898,100
2026-02-02 01:00:00+00:00,1.2355078617865898,1.2355464996616163,1.2353563917930255,1.235395029668052,100
2026-02-02 01:05:00+00:00,1.235395029668052,1.2354915304056238,1.2351421823197255,1.2352386830572972,100
2026-02-02 01:10:00+00:00,1.2352386830572972,1.2353425137494798,1.234746562632803,1.2348503933249855,100
2026-02-02 01:15:00+00:00,1.2348503933249855,1.2354230105726545,1.234745481969638,1.235318099217307,100
2026-02-02 01:20:00+00:00,1.235318099217307,1.2354063527496453,1.235127012087926,1.2352152656202644,100
2026-02-02 01:25:00+00:00,1.2352152656202644,1.2354292771987017,1.2352006229541044,1.2354146345325416,100
2026-02-02 01:30:00+00:00,1.2354146345325416,1.236036673101507,1.2351324203968126,1.235754458965778,100
2026-02-02 01:35:00+00:00,1.235754458965778,1.2359106653968575,1.2352329158183695,1.2353891222494489,100
2026-02-02 01:40:00+00:00,1.2353891222494489,1.235573444584955,1.2353320117947182,1.2355163341302244,100
2026-02-02 01:45:00+00:00,1.2355163341302244,1.2357149447447173,1.2353986574803881,1.235597268094881,100
2026-02-02 01:50:00+00:00,1.235597268094881,1.2357140190084601,1.2353026306367008,1.2354193815502799,100
2026-02-02 01:55:00+00:00,1.2354193815502799,1.2355659053754207,1.2353926602263456,1.2355391840514864,100
2026-02-02 02:00:00+00:00,1.2355391840514864,1.2356763542061395,1.234654318388897,1.23479148854355,100
2026-02-02 02:05:00+00:00,1.23479148854355,1.2357302774136825,1.2347281264547434,1.2356669153248758,100
2026-02-02 02:10:00+00:00,1.2356669153248758,1.2358211281829432,1.2355681283641917,1.235722341222259,100
2026-02-02 02:15:00+00:00,1.235722341222259,1.236882332464952,1.2354381103561394,1.2365981015988323,100
2026-02-02 02:20:00+00:00,1.2365981015988323,1.2367625394869783,1.2361877808352923,1.2363522187234384,100
2026-02-02 02:25:00+00:00,1.2363522187234384,1.2363646790627631,1.2360039274158872,1.236016387755212,100
2026-02-02 02:30:00+00:00,1.236016387755212,1.2373917926641536,1.2358731353625088,1.2372485402714504,100
2026-02-02 02:35:00+00:00,1.2372485402714504,1.2374869246089293,1.2368691276589407,1.2371075119964197,100
2026-02-02 02:40:00+00:00,1.2371075119964197,1.2371522412184002,1.2358773096159328,1.2359220388379133,100
2026-02-02 02:45:00+00:00,1.2359220388379133,1.2359817074918282,1.2355676047383992,1.2356272733923142,100
2026-02-02 02:50:00+00:00,1.2356272733923142,1.2358266101105921,1.2352022810144287,1.2354016177327067,100
2026-02-02 02:55:00+00:00,1.2354016177327067,1.2354629556284455,1.234459399244214,1.234520737139953,100
2026-02-02 03:00:00+00:00,1.234520737139953,1.234523282050092,1.2341469620565337,1.2341495069666728,100
2026-02-02 03:05:00+00:00,1.2341495069666728,1.234359533042811,1.2332005128213468,1.233410538897485,100
2026-02-02 03:10:00+00:00,1.233410538897485,1.2337774801557548,1.2332150406516156,1.2335819819098854,100
2026-02-02 03:15:00+00:00,1.2335819819098854,1.2335871194649397,1.233482660304093,1.2334877978591472,100
2026-02-02 03:20:00+00:00,1.2334877978591472,1.2345583394833681,1.2330811334112133,1.2341516750354342,100
2026-02-02 03:25:00+00:00,1.2341516750354342,1.2350573857987572,1.2339917087199483,1.2348974194832714,100
2026-02-02 03:30:00+00:00,1.2348974194832714,1.2350404748686894,1.2346998268352882,1.2348428822207063,100
2026-02-02 03:35:00+00:00,1.2348428822207063,1.2352403796734044,1.2347164044660188,1.235113901918717,100
2026-02-02 03:40:00+00:00,1.235113901918717,1.2357771439121337,1.2349360063673183,1.235599248360735,100
2026-02-02 03:45:00+00:00,1.235599248360735,1.235878229817175,1.235197485923921,1.235476467380361,100
2026-02-02 03:50:00+00:00,1.235476467380361,1.2360402258287788,1.235195368857511,1.2357591273059287,100
2026-02-02 03:55:00+00:00,1.2357591273059287,1.2359200008282512,1.2349200397882678,1.2350809133105902,100
2026-02-02 04:00:00+00:00,1.2350809133105902,1.2351172149466845,1.2347006062641603,1.2347369079002546,100
2026-02-02 04:05:00+00:00,1.2347369079002546,1.2348384360258782,1.2343405885010625,1.2344421166266861,100
2026-02-02 04:10:00+00:00,1.2344421166266861,1.2346182554872118,1.2335392895336421,1.2337154283941678,100
2026-02-02 04:15:00+00:00,1.2337154283941678,1.2338875464713415,1.2331110038296835,1.2332831219068572,100
2026-02-02 04:20:00+00:00,1.2332831219068572,1.2334226281247316,1.2329561250842285,1.2330956313021029,100
2026-02-02 04:25:00+00:00,1.2330956313021029,1.2339627297850302,1.2329484149974148,1.2338155134803421,100
2026-02-02 04:30:00+00:00,1.2338155134803421,1.234028967610312,1.2337524279278147,1.2339658820577846,100
2026-02-02 04:35:00+00:00,1.2339658820577846,1.2339942280725598,1.2328262222470263,1.2328545682618015,100
2026-02-02 04:40:00+00:00,1.2328545682618015,1.2335192963597947,1.2325004533619262,1.2331651814599194,100
2026-02-02 04:45:00+00:00,1.2331651814599194,1.233267600290722,1.2330390576261339,1.2331414764569364,100
2026-02-02 04:50:00+00:00,1.2331414764569364,1.233317617573969,1.2324698347169478,1.2326459758339805,100
2026-02-02 04:55:00+00:00,1.2326459758339805,1.2326480351375158,1.2324159715744634,1.2324180308779986,100
2026-02-02 05:00:00+00:00,1.2324180308779986,1.232437998209476,1.231594603364983,1.2316145706964603,100
2026-02-02 05:05:00+00:00,1.2316145706964603,1.2316918757769255,1.2314797635619357,1.2315570686424009,100
2026-02-02 05:10:00+00:00,1.2315570686424009,1.2322211162628487,1.2314841535605625,1.2321482011810103,100
2026-02-02 05:15:00+00:00,1.2321482011810103,1.2321636664969138,1.2319845301292283,1.2319999954451317,100
2026-02-02 05:20:00+00:00,1.2319999954451317,1.2321066326556394,1.2313149443710556,1.2314215815815632,100
2026-02-02 05:25:00+00:00,1.2314215815815632,1.231728771777899,1.2314153517662163,1.2317225419625522,100
2026-02-02 05:30:00+00:00,1.2317225419625522,1.2317440822406522,1.231386896471765,1.231408436749865,100
2026-02-02 05:35:00+00:00,1.231408436749865,1.2314636301264477,1.2310873160363176,1.2311425094129003,100
2026-02-02 05:40:00+00:00,1.2311425094129003,1.231171262730698,1.2302697411395296,1.2302984944573274,100
2026-02-02 05:45:00+00:00,1.2302984944573274,1.2303290780337872,1.2296917700062684,1.2297223535827282,100
2026-02-02 05:50:00+00:00,1.2297223535827282,1.2299015954979868,1.2294229648284822,1.2296022067437409,100
2026-02-02 05:55:00+00:00,1.2296022067437409,1.2297141278529549,1.2290243531456002,1.2291362742548142,100
2026-02-02 06:00:00+00:00,1.2291362742548142,1.229214737478468,1.229100167680033,1.229178630903687,100
2026-02-02 06:05:00+00:00,1.229178630903687,1.2293062133608785,1.2282217592685472,1.2283493417257387,100
2026-02-02 06:10:00+00:00,1.2283493417257387,1.2289579859673274,1.2283116797487768,1.2289203239903654,100
2026-02-02 06:15:00+00:00,1.2289203239903654,1.2290693013061753,1.228885086863626,1.229034064179436,100
2026-02-02 06:20:00+00:00,1.229034064179436,1.2296144569196334,1.2287453896378855,1.229325782378083,100
2026-02-02 06:25:00+00:00,1.229325782378083,1.2297463962283457,1.2292950768017514,1.2297156906520141,100
2026-02-02 06:30:00+00:00,1.2297156906520141,1.2310293164255377,1.2296193924734622,1.2309330182469858,100
2026-02-02 06:35:00+00:00,1.2309330182469858,1.2315385294275458,1.2307852318891244,1.2313907430696844,100
2026-02-02 06:40:00+00:00,1.2313907430696844,1.2319822741720305,1.2312029418295969,1.231794472931943,100
2026-02-02 06:45:00+00:00,1.231794472931943,1.2318991014077572,1.2307305526091772,1.2308351810849913,100
2026-02-02 06:50:00+00:00,1.2308351810849913,1.2319919285318133,1.2306697043597081,1.23182645180653,100
2026-02-02 06:55:00+00:00,1.23182645180653,1.231854201243403,1.2317228934802888,1.2317506429171619,100
2026-02-02 07:00:00+00:00,1.2317506429171619,1.2319136398620307,1.2317377807557075,1.2319007777005764,100
2026-02-02 07:05:00+00:00,1.2319007777005764,1.2322332382635248,1.231839919478591,1.2321723800415394,100
2026-02-02 07:10:00+00:00,1.2321723800415394,1.2328779987897762,1.2321136318401924,1.2328192505884292,100
2026-02-02 07:15:00+00:00,1.2328192505884292,1.2332163053757217,1.2327543993955077,1.2331514541828001,100
2026-02-02 07:20:00+00:00,1.2331514541828001,1.2343124634086478,1.2329680235876892,1.2341290328135368,100
2026-02-02 07:25:00+00:00,1.2341290328135368,1.2341561906698673,1.2337450325674297,1.2337721904237602,100
2026-02-02 07:30:00+00:00,1.2337721904237602,1.2337895431217178,1.2336051470650513,1.233622499763009,100
2026-02-02 07:35:00+00:00,1.233622499763009,1.2343081799599014,1.2334467666697762,1.2341324468666686,100
2026-02-02 07:40:00+00:00,1.2341324468666686,1.2344277004264097,1.2336039222236639,1.233899175783405,100
2026-02-02 07:45:00+00:00,1.233899175783405,1.2347462990520723,1.2337932542353311,1.2346403775039985,100
2026-02-02 07:50:00+00:00,1.2346403775039985,1.2348899809609144,1.2343000332951486,1.2345496367520645,100
2026-02-02 07:55:00+00:00,1.2345496367520645,1.2349142760794045,1.2337533804837824,1.2341180198111223,100
2026-02-02 08:00:00+00:00,1.2341180198111223,1.234582426630164,1.2340940572600843,1.2345584640791258,100
2026-02-02 08:05:00+00:00,1.2345584640791258,1.2346432463907697,1.2342839613453116,1.2343687436569555,100
2026-02-02 08:10:00+00:00,1.2343687436569555,1.234532652761819,1.2336766256634815,1.233840534768345,100
2026-02-02 08:15:00+00:00,1.233840534768345,1.233890340391844,1.2328233721493158,1.2328731777728148,100
2026-02-02 08:20:00+00:00,1.2328731777728148,1.233076509764667,1.2325271520971133,1.2327304840889655,100
2026-02-02 08:25:00+00:00,1.2327304840889655,1.2327524294474708,1.2314651791989668,1.2314871245574721,100
2026-02-02 08:30:00+00:00,1.2314871245574721,1.2314984245836653,1.2309537297190114,1.2309650297452046,100
2026-02-02 08:35:00+00:00,1.2309650297452046,1.2324079884778563,1.2308002900502986,1.2322432487829502,100
2026-02-02 08:40:00+00:00,1.2322432487829502,1.2325595762142685,1.2321069198506394,1.2324232472819576,100
2026-02-02 08:45:00+00:00,1.2324232472819576,1.2324627605146592,1.2314769292636638,1.2315164424963654,100
2026-02-02 08:50:00+00:00,1.2315164424963654,1.2315618320427244,1.2307182713538747,1.2307636609002337,100
2026-02-02 08:55:00+00:00,1.2307636609002337,1.2313353009018864,1.230639548561867,1.2312111885635197,100
2026-02-02 09:00:00+00:00,1.2312111885635197,1.2315186909826843,1.231205672868048,1.2315131752872126,100
2026-02-02 09:05:00+00:00,1.2315131752872126,1.2323269650682023,1.2313166755678617,1.2321304653488514,100
2026-02-02 09:10:00+00:00,1.2321304653488514,1.2329070190474123,1.2317365641333902,1.232513117831951,100
2026-02-02 09:15:00+00:00,1.232513117831951,1.2326456967731791,1.232014305890906,1.2321468848321342,100
2026-02-02 09:20:00+00:00,1.2321468848321342,1.2321991137061319,1.2320651851835605,1.2321174140575581,100
2026-02-02 09:25:00+00:00,1.2321174140575581,1.2321671994426104,1.232024072629158,1.2320738580142103,100
2026-02-02 09:30:00+00:00,1.2320738580142103,1.232174427483722,1.2319231268442075,1.2320236963137192,100
2026-02-02 09:35:00+00:00,1.2320236963137192,1.2320874983298293,1.2315855133325244,1.2316493153486345,100
2026-02-02 09:40:00+00:00,1.2316493153486345,1.2318453083173562,1.2311679533203042,1.2313639462890258,100
2026-02-02 09:45:00+00:00,1.2313639462890258,1.2313711619221517,1.2304813505082763,1.2304885661414022,100
2026-02-02 09:50:00+00:00,1.2304885661414022,1.230664003838687,1.2299072195377754,1.23008265723506,100
2026-02-02 09:55:00+00:00,1.23008265723506,1.230165506027355,1.2290391213158396,1.2291219701081346,100
2026-02-02 10:00:00+00:00,1.2291219701081346,1.2294108990131192,1.2286843638664997,1.2289732927714843,100
2026-02-02 10:05:00+00:00,1.2289732927714843,1.2295662520203543,1.2288404894818699,1.22943344873074,100
2026-02-02 10:10:00+00:00,1.22943344873074,1.2297020074098146,1.229292337804074,1.2295608964831488,100
2026-02-02 10:15:00+00:00,1.2295608964831488,1.230157559158261,1.2293541378171393,1.2299508004922515,100
2026-02-02 10:20:00+00:00,1.2299508004922515,1.2299707838389555,1.2299260447763483,1.2299460281230523,100
2026-02-02 10:25:00+00:00,1.2299460281230523,1.230876778195195,1.229879228545507,1.2308099786176496,100
2026-02-02 10:30:00+00:00,1.2308099786176496,1.2308281730697122,1.2305470087021928,1.2305652031542553,100
2026-02-02 10:35:00+00:00,1.2305652031542553,1.2306306475205226,1.2303125263935666,1.230377970759834,100
2026-02-02 10:40:00+00:00,1.230377970759834,1.2313624638758824,1.2302675172072801,1.2312520103233286,100
2026-02-02 10:45:00+00:00,1.2312520103233286,1.2317645459301783,1.2310071165256282,1.2315196521324778,100
2026-02-02 10:50:00+00:00,1.2315196521324778,1.231693517901685,1.231067179312324,1.2312410450815312,100
2026-02-02 10:55:00+00:00,1.2312410450815312,1.2318108170782514,1.2310507946314146,1.2316205666281348,100
2026-02-02 11:00:00+00:00,1.2316205666281348,1.2317870762051109,1.2308047182051651,1.2309712277821412,100
2026-02-02 11:05:00+00:00,1.2309712277821412,1.2318703372656197,1.2306777169999021,1.2315768264833806,100
2026-02-02 11:10:00+00:00,1.2315768264833806,1.2315982914908161,1.2308934537085707,1.2309149187160062,100
2026-02-02 11:15:00+00:00,1.2309149187160062,1.2310827841730978,1.230909304244255,1.2310771697013465,100
2026-02-02 11:20:00+00:00,1.2310771697013465,1.2314454649664572,1.2308460230543092,1.23121431831942,100
2026-02-02 11:25:00+00:00,1.23121431831942,1.2313641479585449,1.230797832999405,1.2309476626385298,100
2026-02-02 11:30:00+00:00,1.2309476626385298,1.2316867596479435,1.230756368875045,1.2314954658844586,100
2026-02-02 11:35:00+00:00,1.2314954658844586,1.2318907174345402,1.23134651148996,1.2317417630400416,100
2026-02-02 11:40:00+00:00,1.2317417630400416,1.231766385023228,1.22992644967987,1.2299510716630566,100
2026-02-02 11:45:00+00:00,1.2299510716630566,1.2300596509169828,1.2298288251131317,1.229937404367058,100
2026-02-02 11:50:00+00:00,1.229937404367058,1.2300929351480578,1.229671398223727,1.229826929004727,100
2026-02-02 11:55:00+00:00,1.229826929004727,1.2298546512185835,1.2293862587567481,1.2294139809706046,100
2026-02-02 12:00:00+00:00,1.2294139809706046,1.2298877070511052,1.228683214429907,1.2291569405104075,100
2026-02-02 12:05:00+00:00,1.2291569405104075,1.229290865496961,1.2284710615740113,1.2286049865605648,100
2026-02-02 12:10:00+00:00,1.2286049865605648,1.229249281398437,1.228555397298908,1.2291996921367803,100
2026-02-02 12:15:00+00:00,1.2291996921367803,1.2292341893142955,1.2286822362927252,1.2287167334702405,100
2026-02-02 12:20:00+00:00,1.2287167334702405,1.2288234371622329,1.2280296188144235,1.228136322506416,100
2026-02-02 12:25:00+00:00,1.228136322506416,1.2281645089440754,1.2280618876718281,1.2280900741094876,100
2026-02-02 12:30:00+00:00,1.2280900741094876,1.228441408735688,1.227911902204801,1.2282632368310016,100
2026-02-02 12:35:00+00:00,1.2282632368310016,1.2286579610048622,1.2266808713903357,1.2270755955641963,100
2026-02-02 12:40:00+00:00,1.2270755955641963,1.228194807061243,1.22694238624558,1.2280615977426266,100
2026-02-02 12:45:00+00:00,1.2280615977426266,1.2292647614319918,1.22794367592396,1.2291468396133252,100
2026-02-02 12:50:00+00:00,1.2291468396133252,1.2292399315450988,1.2289969546981525,1.2290900466299262,100
2026-02-02 12:55:00+00:00,1.2290900466299262,1.229805724427788,1.229081909299545,1.229797587097407,100
2026-02-02 13:00:00+00:00,1.229797587097407,1.2301932104148532,1.2297974618194993,1.2301930851369456,100
2026-02-02 13:05:00+00:00,1.2301930851369456,1.2310737234767732,1.2301222550208166,1.2310028933606443,100
2026-02-02 13:10:00+00:00,1.2310028933606443,1.2310320540169426,1.2305985824033427,1.230627743059641,100
2026-02-02 13:15:00+00:00,1.230627743059641,1.2312995402100897,1.2304630732294555,1.231134870379904,100
2026-02-02 13:20:00+00:00,1.231134870379904,1.2315933862442463,1.2310567442330735,1.2315152600974157,100
2026-02-02 13:25:00+00:00,1.2315152600974157,1.2317836900657215,1.2308126283991097,1.2310810583674154,100
2026-02-02 13:30:00+00:00,1.2310810583674154,1.2313292296147151,1.2309773085173836,1.2312254797646833,100
2026-02-02 13:35:00+00:00,1.2312254797646833,1.2317417867470202,1.2310159962840344,1.2315323032663712,100
2026-02-02 13:40:00+00:00,1.2315323032663712,1.2317500819820262,1.2308798874859166,1.2310976662015716,100
2026-02-02 13:45:00+00:00,1.2310976662015716,1.2311275263290233,1.230810777685082,1.2308406378125338,100
2026-02-02 13:50:00+00:00,1.2308406378125338,1.2314413477145618,1.2305393027050981,1.2311400126071261,100
2026-02-02 13:55:00+00:00,1.2311400126071261,1.2322786156087768,1.2310154241104494,1.2321540271121,100
2026-02-02 14:00:00+00:00,1.2321540271121,1.232485143213088,1.2320709644882368,1.2324020805892248,100
2026-02-02 14:05:00+00:00,1.2324020805892248,1.2324818503278228,1.231867246472709,1.2319470162113069,100
2026-02-02 14:10:00+00:00,1.2319470162113069,1.232237466467886,1.2318976095451892,1.2321880598017683,100
2026-02-02 14:15:00+00:00,1.2321880598017683,1.2323145301400067,1.2314908770215058,1.2316173473597443,100
2026-02-02 14:20:00+00:00,1.2316173473597443,1.2317514982623332,1.2305026743327976,1.2306368252353865,100
2026-02-02 14:25:00+00:00,1.2306368252353865,1.2307628869700082,1.2304150982043458,1.2305411599389675,100
2026-02-02 14:30:00+00:00,1.2305411599389675,1.2307701384274519,1.229925240055474,1.2301542185439585,100
2026-02-02 14:35:00+00:00,1.2301542185439585,1.230553706364597,1.2301498924546566,1.2305493802752951,100
2026-02-02 14:40:00+00:00,1.2305493802752951,1.230628655984441,1.230310895024899,1.230390170734045,100
2026-02-02 14:45:00+00:00,1.230390170734045,1.2304076414524094,1.2303284639088574,1.2303459346272219,100
2026-02-02 14:50:00+00:00,1.2303459346272219,1.2306717566499554,1.2302968673664665,1.2306226893892,100
2026-02-02 14:55:00+00:00,1.2306226893892,1.2306393333077645,1.229432277834982,1.2294489217535465,100
2026-02-02 15:00:00+00:00,1.2294489217535465,1.2300131546338313,1.229238420675065,1.22980265355535,100
2026-02-02 15:05:00+00:00,1.22980265355535,1.2311641491030525,1.2296793368219185,1.2310408323696211,100
2026-02-02 15:10:00+00:00,1.2310408323696211,1.231090912390338,1.230584020762168,1.230634100782885,100
2026-02-02 15:15:00+00:00,1.230634100782885,1.2313162245282063,1.2306250666346041,1.2313071903799255,100
2026-02-02 15:20:00+00:00,1.2313071903799255,1.2314591924377034,1.2304184431499334,1.2305704452077113,100
2026-02-02 15:25:00+00:00,1.2305704452077113,1.230658999288261,1.2305539479393481,1.2306425020198979,100
2026-02-02 15:30:00+00:00,1.2306425020198979,1.23073786116667,1.2299719672854363,1.2300673264322084,100
2026-02-02 15:35:00+00:00,1.2300673264322084,1.2300978308563215,1.2299272807238644,1.2299577851479775,100
2026-02-02 15:40:00+00:00,1.2299577851479775,1.2304669296109882,1.2294660088170557,1.2299751532800665,100
2026-02-02 15:45:00+00:00,1.2299751532800665,1.2302709608264162,1.229322289381963,1.2296180969283128,100
2026-02-02 15:50:00+00:00,1.2296180969283128,1.2296487503136901,1.2294841497956916,1.229514803181069,100
2026-02-02 15:55:00+00:00,1.229514803181069,1.2300285005785085,1.2294458586970511,1.2299595560944907,100
2026-02-02 16:00:00+00:00,1.2299595560944907,1.230156457149959,1.2298990280846434,1.2300959291401117,100
2026-02-02 16:05:00+00:00,1.2300959291401117,1.2301809092370726,1.2294098643585871,1.229494844455548,100
2026-02-02 16:10:00+00:00,1.229494844455548,1.2303428327788684,1.2292727730059234,1.2301207613292438,100
2026-02-02 16:15:00+00:00,1.2301207613292438,1.2302193493129183,1.2293245604609608,1.2294231484446354,100
2026-02-02 16:20:00+00:00,1.2294231484446354,1.2296100759193973,1.2293352252353786,1.2295221527101405,100
2026-02-02 16:25:00+00:00,1.2295221527101405,1.2296215100641452,1.2294394322046656,1.2295387895586702,100
2026-02-02 16:30:00+00:00,1.2295387895586702,1.2302802132788992,1.2294317556556373,1.2301731793758663,100
2026-02-02 16:35:00+00:00,1.2301731793758663,1.2312819711301355,1.2301122459774207,1.23122103773169,100
2026-02-02 16:40:00+00:00,1.23122103773169,1.2322988230643452,1.231175457861103,1.2322532431937583,100
2026-02-02 16:45:00+00:00,1.2322532431937583,1.2326083207970924,1.2321683162193744,1.2325233938227085,100
2026-02-02 16:50:00+00:00,1.2325233938227085,1.2329636237320483,1.2325181794933882,1.232958409402728,100
2026-02-02 16:55:00+00:00,1.232958409402728,1.233892850928788,1.2327570071479497,1.2336914486740098,100
2026-02-02 17:00:00+00:00,1.2336914486740098,1.2339441930978372,1.2336243259918116,1.233877070415639,100
2026-02-02 17:05:00+00:00,1.233877070415639,1.2342451458125006,1.2336394261898551,1.2340075015867167,100
2026-02-02 17:10:00+00:00,1.2340075015867167,1.2343382519254162,1.233457173713168,1.2337879240518677,100
2026-02-02 17:15:00+00:00,1.2337879240518677,1.2338642338099692,1.2333608325391658,1.2334371422972674,100
2026-02-02 17:20:00+00:00,1.2334371422972674,1.233444179050628,1.2333716850865155,1.2333787218398762,100
2026-02-02 17:25:00+00:00,1.2333787218398762,1.2334547092291683,1.2329953088281622,1.2330712962174544,100
2026-02-02 17:30:00+00:00,1.2330712962174544,1.233183035568338,1.2328529899658356,1.2329647293167192,100
2026-02-02 17:35:00+00:00,1.2329647293167192,1.2331331937375725,1.2319517871051306,1.232120251525984,100
2026-02-02 17:40:00+00:00,1.232120251525984,1.2323253333203639,1.231791890609162,1.231996972403542,100
2026-02-02 17:45:00+00:00,1.231996972403542,1.2324492623607104,1.2318400285915885,1.2322923185487569,100
2026-02-02 17:50:00+00:00,1.2322923185487569,1.2324669775954815,1.231995642050854,1.2321703010975786,100
2026-02-02 17:55:00+00:00,1.2321703010975786,1.2324330690816874,1.2315580966816895,1.2318208646657982,100
2026-02-02 18:00:00+00:00,1.2318208646657982,1.2320841533208213,1.2317315171156002,1.2319948057706234,100
2026-02-02 18:05:00+00:00,1.2319948057706234,1.233283454981328,1.2315794304396326,1.2328680796503373,100
2026-02-02 18:10:00+00:00,1.2328680796503373,1.2342294655036923,1.2327235732891073,1.2340849591424623,100
2026-02-02 18:15:00+00:00,1.2340849591424623,1.234244003003535,1.2340055895365312,1.234164633397604,100
2026-02-02 18:20:00+00:00,1.234164633397604,1.234297674300369,1.2339784468620063,1.2341114877647714,100
2026-02-02 18:25:00+00:00,1.2341114877647714,1.2355125131924485,1.2339662399612008,1.2353672653888779,100
2026-02-02 18:30:00+00:00,1.2353672653888779,1.2353798973902963,1.2344442766532435,1.234456908654662,100
2026-02-02 18:35:00+00:00,1.234456908654662,1.2350452500495217,1.2343933213747793,1.234981662769639,100
2026-02-02 18:40:00+00:00,1.234981662769639,1.2351722101731053,1.2345971497857178,1.234787697189184,100
2026-02-02 18:45:00+00:00,1.234787697189184,1.2351051316450106,1.2347076788308466,1.2350251132866732,100
2026-02-02 18:50:00+00:00,1.2350251132866732,1.2359554874923666,1.234990870280153,1.2359212444858465,100
2026-02-02 18:55:00+00:00,1.2359212444858465,1.2362334561952941,1.235843097774496,1.2361553094839437,100
2026-02-02 19:00:00+00:00,1.2361553094839437,1.2369086561163896,1.2359425774266444,1.2366959240590902,100
2026-02-02 19:05:00+00:00,1.2366959240590902,1.237166448388495,1.2364609793875887,1.2369315037169935,100
2026-02-02 19:10:00+00:00,1.2369315037169935,1.23710367152447,1.2368137142067486,1.2369858820142252,100
2026-02-02 19:15:00+00:00,1.2369858820142252,1.2375233393681127,1.2369265222627868,1.2374639796166742,100
2026-02-02 19:20:00+00:00,1.2374639796166742,1.2376747605474967,1.2370076233296758,1.2372184042604983,100
2026-02-02 19:25:00+00:00,1.2372184042604983,1.2372895933895833,1.2370690872849015,1.2371402764139865,100
2026-02-02 19:30:00+00:00,1.2371402764139865,1.2374756883454436,1.2370931509612322,1.2374285628926893,100
2026-02-02 19:35:00+00:00,1.2374285628926893,1.237508232452191,1.2372114492837911,1.237291118843293,100
2026-02-02 19:40:00+00:00,1.237291118843293,1.2374906679040047,1.2371657143296175,1.2373652633903294,100
2026-02-02 19:45:00+00:00,1.2373652633903294,1.237657491613065,1.237266273606672,1.2375585018294075,100
2026-02-02 19:50:00+00:00,1.2375585018294075,1.237780783996298,1.2368259830152082,1.2370482651820986,100
2026-02-02 19:55:00+00:00,1.2370482651820986,1.2374318445862353,1.2361076199809975,1.2364911993851342,100
2026-02-02 20:00:00+00:00,1.2364911993851342,1.2364960896899027,1.2358261815806448,1.2358310718854133,100
2026-02-02 20:05:00+00:00,1.2358310718854133,1.2364281317722199,1.235747446722113,1.2363445066089196,100
2026-02-02 20:10:00+00:00,1.2363445066089196,1.2367756985820335,1.236282552761331,1.236713744734445,100
2026-02-02 20:15:00+00:00,1.236713744734445,1.2370063629576475,1.2357225225357953,1.2360151407589979,100
2026-02-02 20:20:00+00:00,1.2360151407589979,1.236175258258552,1.2356352336865621,1.2357953511861162,100
2026-02-02 20:25:00+00:00,1.2357953511861162,1.2358059032562947,1.2352475326657069,1.2352580847358854,100
2026-02-02 20:30:00+00:00,1.2352580847358854,1.2355191023317562,1.2337915642047836,1.2340525818006545,100
2026-02-02 20:35:00+00:00,1.2340525818006545,1.2343993491448335,1.2339095811228882,1.2342563484670672,100
2026-02-02 20:40:00+00:00,1.2342563484670672,1.2343573343855827,1.2342415810570229,1.2343425669755383,100
2026-02-02 20:45:00+00:00,1.2343425669755383,1.2351527434408072,1.2341712743763231,1.234981450841592,100
2026-02-02 20:50:00+00:00,1.234981450841592,1.2352224732977268,1.2339468193075114,1.2341878417636463,100
2026-02-02 20:55:00+00:00,1.2341878417636463,1.2343191332716605,1.2338614735623072,1.2339927650703215,100
2026-02-02 21:00:00+00:00,1.2339927650703215,1.2340061165968654,1.2328756800763194,1.2328890316028633,100
2026-02-02 21:05:00+00:00,1.2328890316028633,1.2329531925218895,1.2323655806879596,1.2324297416069858,100
2026-02-02 21:10:00+00:00,1.2324297416069858,1.2324603528937839,1.232174334900181,1.232204946186979,100
2026-02-02 21:15:00+00:00,1.232204946186979,1.2322189092290148,1.2319379148164498,1.2319518778584855,100
2026-02-02 21:20:00+00:00,1.2319518778584855,1.2324107892383027,1.231921590942397,1.2323805023222143,100
2026-02-02 21:25:00+00:00,1.2323805023222143,1.2324868601222636,1.232023755776997,1.2321301135770464,100
2026-02-02 21:30:00+00:00,1.2321301135770464,1.2332835610252784,1.2319393712593465,1.2330928187075785,100
2026-02-02 21:35:00+00:00,1.2330928187075785,1.2331377602140334,1.2324421192114103,1.2324870607178653,100
2026-02-02 21:40:00+00:00,1.2324870607178653,1.2328419470223775,1.2324451283848021,1.2328000146893143,100
2026-02-02 21:45:00+00:00,1.2328000146893143,1.2329802866986734,1.2319541799362785,1.2321344519456376,100
2026-02-02 21:50:00+00:00,1.2321344519456376,1.2330132459018235,1.2319365136184133,1.2328153075745991,100
2026-02-02 21:55:00+00:00,1.2328153075745991,1.2332877079316815,1.232805952899807,1.2332783532568894,100
2026-02-02 22:00:00+00:00,1.2332783532568894,1.2333466131636563,1.2329604103513194,1.2330286702580864,100
2026-02-02 22:05:00+00:00,1.2330286702580864,1.2335605054322012,1.2328853735020913,1.233417208676206,100
2026-02-02 22:10:00+00:00,1.233417208676206,1.2337334727366362,1.2331891074257613,1.2335053714861914,100
2026-02-02 22:15:00+00:00,1.2335053714861914,1.2341591931229312,1.2330905707610509,1.2337443923977907,100
2026-02-02 22:20:00+00:00,1.2337443923977907,1.2338563202194985,1.2336809357180951,1.233792863539803,100
2026-02-02 22:25:00+00:00,1.233792863539803,1.2343608698051485,1.2337117125280377,1.2342797187933832,100
2026-02-02 22:30:00+00:00,1.2342797187933832,1.234287876387492,1.2340458751190344,1.2340540327131433,100
2026-02-02 22:35:00+00:00,1.2340540327131433,1.2345835856983232,1.233777665150354,1.234307218135534,100
2026-02-02 22:40:00+00:00,1.234307218135534,1.2349906979277383,1.2342144105681845,1.2348978903603889,100
2026-02-02 22:45:00+00:00,1.2348978903603889,1.2352343968741182,1.2347187777701418,1.2350552842838711,100
2026-02-02 22:50:00+00:00,1.2350552842838711,1.2354251058335541,1.2350144368545866,1.2353842584042696,100
2026-02-02 22:55:00+00:00,1.2353842584042696,1.2359746539846341,1.235267091730943,1.2358574873113075,100
2026-02-02 23:00:00+00:00,1.2358574873113075,1.2361719413472267,1.2356109630118277,1.235925417047747,100
2026-02-02 23:05:00+00:00,1.235925417047747,1.2365837473216001,1.2358190406656628,1.236477370939516,100
2026-02-02 23:10:00+00:00,1.236477370939516,1.2365219656160353,1.2364327490814273,1.2364773437579466,100
2026-02-02 23:15:00+00:00,1.2364773437579466,1.2365723048253616,1.2363980979492593,1.2364930590166743,100
2026-02-02 23:20:00+00:00,1.2364930590166743,1.2366491706456517,1.2363589792077625,1.23651509083674,100
2026-02-02 23:25:00+00:00,1.23651509083674,1.2375024634410217,1.2362965776155412,1.237283950219823,100
2026-02-02 23:30:00+00:00,1.237283950219823,1.2374881616634619,1.2365429832063997,1.2367471946500386,100
2026-02-02 23:35:00+00:00,1.2367471946500386,1.2374011833702254,1.2366550642312282,1.237309052951415,100
2026-02-02 23:40:00+00:00,1.237309052951415,1.2381135573667035,1.237273962083126,1.2380784664984144,100
2026-02-02 23:45:00+00:00,1.2380784664984144,1.2381796170861055,1.2376890826528437,1.2377902332405348,100
2026-02-02 23:50:00+00:00,1.2377902332405348,1.2387671097220083,1.2377015009723766,1.2386783774538501,100
2026-02-02 23:55:00+00:00,1.2386783774538501,1.2387568283594175,1.2381392602442989,1.2382177111498662,100
2026-02-03 00:00:00+00:00,1.2382177111498662,1.2393893635854465,1.2380502046512873,1.2392218570868676,100
2026-02-03 00:05:00+00:00,1.2392218570868676,1.2394773353506734,1.2388560555829555,1.2391115338467613,100
2026-02-03 00:10:00+00:00,1.2391115338467613,1.239657635504562,1.2390897097554727,1.2396358114132735,100
2026-02-03 00:15:00+00:00,1.2396358114132735,1.241230969660365,1.239448663677675,1.2410438219247664,100
2026-02-03 00:20:00+00:00,1.2410438219247664,1.2411558319124776,1.240531538766139,1.2406435487538503,100
2026-02-03 00:25:00+00:00,1.2406435487538503,1.2406761606372008,1.2401526352168915,1.240185247100242,100
2026-02-03 00:30:00+00:00,1.240185247100242,1.2402859043234007,1.239844363945962,1.2399450211691208,100
2026-02-03 00:35:00+00:00,1.2399450211691208,1.2400843514729745,1.239412141438037,1.2395514717418907,100
2026-02-03 00:40:00+00:00,1.2395514717418907,1.240078665348074,1.2394788056621766,1.2400059992683599,100
2026-02-03 00:45:00+00:00,1.2400059992683599,1.2400826352068184,1.2392115339517544,1.239288169890213,100
2026-02-03 00:50:00+00:00,1.239288169890213,1.240558810150704,1.2391702289855784,1.2404408692460693,100
2026-02-03 00:55:00+00:00,1.2404408692460693,1.2404827761059565,1.2394546023308255,1.2394965091907126,100
2026-02-03 01:00:00+00:00,1.2394965091907126,1.2396100074438032,1.2384496725538652,1.2385631708069558,100
2026-02-03 01:05:00+00:00,1.2385631708069558,1.238601925138437,1.2384047218110648,1.238443476142546,100
2026-02-03 01:10:00+00:00,1.238443476142546,1.2386117014840847,1.238083468990202,1.2382516943317408,100
2026-02-03 01:15:00+00:00,1.2382516943317408,1.2382564154055966,1.2375931412240986,1.2375978622979544,100
2026-02-03 01:20:00+00:00,1.2375978622979544,1.2377067768017946,1.2375291267421595,1.2376380412459997,100
2026-02-03 01:25:00+00:00,1.2376380412459997,1.2384207515778485,1.2375359241017512,1.2383186344336,100
2026-02-03 01:30:00+00:00,1.2383186344336,1.2394780461227821,1.2382726305697909,1.239432042258973,100
2026-02-03 01:35:00+00:00,1.239432042258973,1.2396571821141813,1.2390806137356496,1.2393057535908578,100
2026-02-03 01:40:00+00:00,1.2393057535908578,1.2396724569602648,1.2392960412272431,1.2396627445966502,100
2026-02-03 01:45:00+00:00,1.2396627445966502,1.2400783079782531,1.239598875782101,1.240014439163704,100
2026-02-03 01:50:00+00:00,1.240014439163704,1.2409060455542131,1.2399913738715005,1.2408829802620096,100
2026-02-03 01:55:00+00:00,1.2408829802620096,1.2410213163611656,1.2408074755828524,1.2409458116820085,100
2026-02-03 02:00:00+00:00,1.2409458116820085,1.241026037974,1.2402119411529973,1.2402921674449887,100
2026-02-03 02:05:00+00:00,1.2402921674449887,1.2410868736024836,1.2402273983331606,1.2410221044906555,100
2026-02-03 02:10:00+00:00,1.2410221044906555,1.241171678789417,1.2399984332714886,1.24014800757025,100
2026-02-03 02:15:00+00:00,1.24014800757025,1.2406150014267927,1.240033316431409,1.2405003102879517,100
2026-02-03 02:20:00+00:00,1.2405003102879517,1.2410801260817501,1.240449939316613,1.2410297551104115,100
2026-02-03 02:25:00+00:00,1.2410297551104115,1.2412704429012964,1.2401786063717308,1.2404192941626158,100
2026-02-03 02:30:00+00:00,1.2404192941626158,1.2404634591033419,1.2400314996576167,1.2400756645983428,100
2026-02-03 02:35:00+00:00,1.2400756645983428,1.2402267548240657,1.2393633337257886,1.2395144239515115,100
2026-02-03 02:40:00+00:00,1.2395144239515115,1.2402713714397058,1.2393752300389043,1.2401321775270986,100
2026-02-03 02:45:00+00:00,1.2401321775270986,1.2407528137415647,1.2400629289269185,1.2406835651413846,100
2026-02-03 02:50:00+00:00,1.2406835651413846,1.241470245794086,1.240445036285253,1.2412317169379545,100
2026-02-03 02:55:00+00:00,1.2412317169379545,1.2417428217823188,1.241053332219252,1.2415644370636163,100
2026-02-03 03:00:00+00:00,1.2415644370636163,1.2418609197562043,1.2411348446457784,1.2414313273383664,100
2026-02-03 03:05:00+00:00,1.2414313273383664,1.2414371981100676,1.2411371634126382,1.2411430341843395,100
2026-02-03 03:10:00+00:00,1.2411430341843395,1.2412787755287689,1.240688091367973,1.2408238327124024,100
2026-02-03 03:15:00+00:00,1.2408238327124024,1.2409776088665267,1.2401055587361933,1.2402593348903177,100
2026-02-03 03:20:00+00:00,1.2402593348903177,1.2404084881047917,1.2395490972076968,1.2396982504221707,100
2026-02-03 03:25:00+00:00,1.2396982504221707,1.240943886279559,1.2395452392983395,1.2407908751557277,100
2026-02-03 03:30:00+00:00,1.2407908751557277,1.2415003598480596,1.2406588476997664,1.2413683323920983,100
2026-02-03 03:35:00+00:00,1.2413683323920983,1.2413888906849522,1.2410109906428113,1.2410315489356651,100
2026-02-03 03:40:00+00:00,1.2410315489356651,1.2412058577505594,1.240508005660719,1.2406823144756132,100
2026-02-03 03:45:00+00:00,1.2406823144756132,1.2411379361953057,1.240602395966253,1.2410580176859456,100
2026-02-03 03:50:00+00:00,1.2410580176859456,1.2412456984543152,1.2404421448705687,1.2406298256389383,100
2026-02-03 03:55:00+00:00,1.2406298256389383,1.2408465487098526,1.240199743397427,1.2404164664683413,100
2026-02-03 04:00:00+00:00,1.2404164664683413,1.2405901100870842,1.2403619824231724,1.2405356260419154,100
2026-02-03 04:05:00+00:00,1.2405356260419154,1.2407293862844435,1.240491067663131,1.2406848279056593,100
2026-02-03 04:10:00+00:00,1.2406848279056593,1.2414279601320564,1.2406392828000954,1.2413824150264925,100
2026-02-03 04:15:00+00:00,1.2413824150264925,1.2414518816026388,1.2408518653185125,1.2409213318946588,100
2026-02-03 04:20:00+00:00,1.2409213318946588,1.2412074806333824,1.2408316007109237,1.2411177494496473,100
2026-02-03 04:25:00+00:00,1.2411177494496473,1.2416732955911882,1.2410060341850568,1.2415615803265978,100
2026-02-03 04:30:00+00:00,1.2415615803265978,1.2415881643475715,1.2410399081348675,1.2410664921558412,100
2026-02-03 04:35:00+00:00,1.2410664921558412,1.2412996683376074,1.2404953333470834,1.2407285095288496,100
2026-02-03 04:40:00+00:00,1.2407285095288496,1.241056538696346,1.2400715009947807,1.240399530162277,100
2026-02-03 04:45:00+00:00,1.240399530162277,1.2415881559490491,1.2400664439969042,1.2412550697836764,100
2026-02-03 04:50:00+00:00,1.2412550697836764,1.2413833768028975,1.2402839628851359,1.240412269904357,100
2026-02-03 04:55:00+00:00,1.240412269904357,1.2415966553402091,1.2403130162533529,1.241497401689205,100
2026-02-03 05:00:00+00:00,1.241497401689205,1.241923763672238,1.241256760810041,1.241683122793074,100
2026-02-03 05:05:00+00:00,1.241683122793074,1.241732801243439,1.2412390652156198,1.2412887436659847,100
2026-02-03 05:10:00+00:00,1.2412887436659847,1.2414145498358569,1.241173581745184,1.2412993879150562,100
2026-02-03 05:15:00+00:00,1.2412993879150562,1.2413967512434956,1.2407332395689081,1.2408306028973475,100
2026-02-03 05:20:00+00:00,1.2408306028973475,1.2411941684982835,1.2405637472097115,1.2409273128106475,100
2026-02-03 05:25:00+00:00,1.2409273128106475,1.2411286836742514,1.240644548340377,1.240845919203981,100
2026-02-03 05:30:00+00:00,1.240845919203981,1.2408634016059126,1.2399786114995772,1.239996093901509,100
2026-02-03 05:35:00+00:00,1.239996093901509,1.240292925492223,1.2399485032903224,1.2402453348810365,100
2026-02-03 05:40:00+00:00,1.2402453348810365,1.2407968752388383,1.2402448625813194,1.2407964029391212,100
2026-02-03 05:45:00+00:00,1.2407964029391212,1.2429258460340122,1.2406168438990057,1.2427462869938968,100
2026-02-03 05:50:00+00:00,1.2427462869938968,1.2433794310400408,1.242643088186277,1.243276232232421,100
2026-02-03 05:55:00+00:00,1.243276232232421,1.243307698846685,1.242729620701405,1.242761087315669,100
2026-02-03 06:00:00+00:00,1.242761087315669,1.242985931321085,1.242753947792078,1.242978791797494,100
2026-02-03 06:05:00+00:00,1.242978791797494,1.2430616165528194,1.2419950198968845,1.24207784465221,100
2026-02-03 06:10:00+00:00,1.24207784465221,1.242145312927586,1.2418101163760369,1.2418775846514127,100
2026-02-03 06:15:00+00:00,1.2418775846514127,1.2421753716488992,1.2404198026684492,1.2407175896659357,100
2026-02-03 06:20:00+00:00,1.2407175896659357,1.2414155071175772,1.2406890584823205,1.241386975933962,100
2026-02-03 06:25:00+00:00,1.241386975933962,1.2416001102606018,1.240891190154213,1.2411043244808528,100
2026-02-03 06:30:00+00:00,1.2411043244808528,1.241442404462904,1.2410415642584796,1.2413796442405307,100
2026-02-03 06:35:00+00:00,1.2413796442405307,1.2420562911231672,1.2410943476987233,1.2417709945813598,100
2026-02-03 06:40:00+00:00,1.2417709945813598,1.241933765770179,1.241667638084932,1.2418304092737513,100
2026-02-03 06:45:00+00:00,1.2418304092737513,1.2426382029359146,1.2413858826671655,1.2421936763293289,100
2026-02-03 06:50:00+00:00,1.2421936763293289,1.2423068094124277,1.2414094917124412,1.24152262479554,100
2026-02-03 06:55:00+00:00,1.24152262479554,1.2422427336867958,1.2414841141307715,1.2422042230220274,100
2026-02-03 07:00:00+00:00,1.2422042230220274,1.242614894053014,1.2420648441400541,1.2424755151710407,100
2026-02-03 07:05:00+00:00,1.2424755151710407,1.2425663737092505,1.2423291516660813,1.242420010204291,100
2026-02-03 07:10:00+00:00,1.242420010204291,1.2426267196702176,1.2410223901112363,1.2412290995771629,100
2026-02-03 07:15:00+00:00,1.2412290995771629,1.2413556072738214,1.2410125091417008,1.2411390168383594,100
2026-02-03 07:20:00+00:00,1.2411390168383594,1.2416438107409071,1.2411065003887622,1.24161129429131,100
2026-02-03 07:25:00+00:00,1.24161129429131,1.2418287062041462,1.2410539973088568,1.241271409221693,100
2026-02-03 07:30:00+00:00,1.241271409221693,1.2415446972251596,1.2412277067422466,1.2415009947457132,100
2026-02-03 07:35:00+00:00,1.2415009947457132,1.2416924662467554,1.2408969711276585,1.2410884426287008,100
2026-02-03 07:40:00+00:00,1.2410884426287008,1.2415117284205968,1.2409838558825703,1.2414071416744663,100
2026-02-03 07:45:00+00:00,1.2414071416744663,1.2420159202971774,1.2413334237386942,1.2419422023614053,100
2026-02-03 07:50:00+00:00,1.2419422023614053,1.2421386277053532,1.2403641591643115,1.2405605845082595,100
2026-02-03 07:55:00+00:00,1.2405605845082595,1.2406757067337086,1.2401316089962733,1.2402467312217225,100
2026-02-03 08:00:00+00:00,1.2402467312217225,1.2405381904604915,1.2395136942941902,1.2398051535329593,100
2026-02-03 08:05:00+00:00,1.2398051535329593,1.2400289370877964,1.2383589674445266,1.2385827509993637,100
2026-02-03 08:10:00+00:00,1.2385827509993637,1.2392604982432083,1.238439347351839,1.2391170945956835,100
2026-02-03 08:15:00+00:00,1.2391170945956835,1.2394505039661925,1.2385409664297795,1.2388743758002885,100
2026-02-03 08:20:00+00:00,1.2388743758002885,1.238901926164977,1.2381134136028626,1.2381409639675511,100
2026-02-03 08:25:00+00:00,1.2381409639675511,1.2385407310503,1.2380912970278501,1.238491064110599,100
2026-02-03 08:30:00+00:00,1.238491064110599,1.2391293584257639,1.2384210624728467,1.2390593567880115,100
2026-02-03 08:35:00+00:00,1.2390593567880115,1.239588660135244,1.238926638875073,1.2394559422223055,100
2026-02-03 08:40:00+00:00,1.2394559422223055,1.2394876166353483,1.239409287974594,1.2394409623876368,100
2026-02-03 08:45:00+00:00,1.2394409623876368,1.23961846400656,1.2390274730443427,1.2392049746632658,100
2026-02-03 08:50:00+00:00,1.2392049746632658,1.2395564697900672,1.2387152299687305,1.2390667250955318,100
2026-02-03 08:55:00+00:00,1.2390667250955318,1.239488664027911,1.2388612939717918,1.239283232904171,100
2026-02-03 09:00:00+00:00,1.239283232904171,1.239511621315137,1.239163139982534,1.2393915283935,100
2026-02-03 09:05:00+00:00,1.2393915283935,1.239740605029707,1.2387505851723608,1.239099661808568,100
2026-02-03 09:10:00+00:00,1.239099661808568,1.2392614219007585,1.2390424964650277,1.2392042565572183,100
2026-02-03 09:15:00+00:00,1.2392042565572183,1.2392544921140083,1.2390967003057822,1.2391469358625722,100
2026-02-03 09:20:00+00:00,1.2391469358625722,1.239254527096932,1.2380743192208914,1.2381819104552512,100
2026-02-03 09:25:00+00:00,1.2381819104552512,1.2381821882292745,1.2379960505288583,1.2379963283028816,100
2026-02-03 09:30:00+00:00,1.2379963283028816,1.2386518748804252,1.237912461374422,1.2385680079519654,100
2026-02-03 09:35:00+00:00,1.2385680079519654,1.2389863808990806,1.238390726628777,1.2388090995758922,100
2026-02-03 09:40:00+00:00,1.2388090995758922,1.2390414528961395,1.237903024561642,1.2381353778818893,100
2026-02-03 09:45:00+00:00,1.2381353778818893,1.2382530471345774,1.2375064438432812,1.2376241130959693,100
2026-02-03 09:50:00+00:00,1.2376241130959693,1.2377648407935593,1.2369651036854745,1.2371058313830645,100
2026-02-03 09:55:00+00:00,1.2371058313830645,1.237560342551597,1.236988503338353,1.2374430145068855,100
2026-02-03 10:00:00+00:00,1.2374430145068855,1.237831065559812,1.237345390058581,1.2377334411115073,100
2026-02-03 10:05:00+00:00,1.2377334411115073,1.2385065531592545,1.2375628856916447,1.238335997739392,100
2026-02-03 10:10:00+00:00,1.238335997739392,1.2384090425960304,1.23813033752026,1.2382033823768983,100
2026-02-03 10:15:00+00:00,1.2382033823768983,1.2385165196874133,1.2381897813236902,1.2385029186342051,100
2026-02-03 10:20:00+00:00,1.2385029186342051,1.2386350874786636,1.237366575386017,1.2374987442304755,100
2026-02-03 10:25:00+00:00,1.2374987442304755,1.23767062437231,1.2374061181530684,1.237577998294903,100
2026-02-03 10:30:00+00:00,1.237577998294903,1.2375970612063807,1.2366910554522634,1.2367101183637412,100
2026-02-03 10:35:00+00:00,1.2367101183637412,1.2370291368251056,1.2365545526601518,1.2368735711215162,100
2026-02-03 10:40:00+00:00,1.2368735711215162,1.2374997091035456,1.2366885901707487,1.237314728152778,100
2026-02-03 10:45:00+00:00,1.237314728152778,1.2373421917112275,1.2364174275831359,1.2364448911415853,100
2026-02-03 10:50:00+00:00,1.2364448911415853,1.2365868637185538,1.2346826969738796,1.234824669550848,100
2026-02-03 10:55:00+00:00,1.234824669550848,1.2348859894171675,1.2343641908308882,1.2344255106972077,100
2026-02-03 11:00:00+00:00,1.2344255106972077,1.2345138735533945,1.234244903558408,1.2343332664145947,100
2026-02-03 11:05:00+00:00,1.2343332664145947,1.2343354484321418,1.2340038216544942,1.2340060036720413,100
2026-02-03 11:10:00+00:00,1.2340060036720413,1.2358141177319286,1.2339866552775098,1.2357947693373972,100
2026-02-03 11:15:00+00:00,1.2357947693373972,1.236499356448211,1.2356171784797934,1.2363217655906071,100
2026-02-03 11:20:00+00:00,1.2363217655906071,1.236423146998006,1.2355545635915555,1.2356559449989544,100
2026-02-03 11:25:00+00:00,1.2356559449989544,1.2365649202701308,1.2355679098299261,1.2364768851011025,100
2026-02-03 11:30:00+00:00,1.2364768851011025,1.2373286236148573,1.2361452916149165,1.2369970301286712,100
2026-02-03 11:35:00+00:00,1.2369970301286712,1.237039483113402,1.2368684247654897,1.2369108777502205,100
2026-02-03 11:40:00+00:00,1.2369108777502205,1.2374164546471564,1.2366759476731206,1.2371815245700566,100
2026-02-03 11:45:00+00:00,1.2371815245700566,1.2373026674236198,1.236836422046908,1.2369575649004712,100
2026-02-03 11:50:00+00:00,1.2369575649004712,1.2372296371171598,1.2367523230559485,1.2370243952726372,100
2026-02-03 11:55:00+00:00,1.2370243952726372,1.2372999563812663,1.2362612774689707,1.2365368385775999,100
2026-02-03 12:00:00+00:00,1.2365368385775999,1.236557014689304,1.2364667562018317,1.2364869323135357,100
2026-02-03 12:05:00+00:00,1.2364869323135357,1.2373407726999999,1.2364164877033585,1.2372703280898227,100
2026-02-03 12:10:00+00:00,1.2372703280898227,1.2377388507245266,1.2371234954305395,1.2375920180652433,100
2026-02-03 12:15:00+00:00,1.2375920180652433,1.238134914920257,1.237256969874039,1.2377998667290526,100
2026-02-03 12:20:00+00:00,1.2377998667290526,1.2379195410835009,1.2377916088462053,1.2379112832006536,100
2026-02-03 12:25:00+00:00,1.2379112832006536,1.2380116321343475,1.2367129484187214,1.2368132973524153,100
2026-02-03 12:30:00+00:00,1.2368132973524153,1.237039031709427,1.2365167110216495,1.2367424453786613,100
2026-02-03 12:35:00+00:00,1.2367424453786613,1.2369508300160101,1.2366263371045703,1.236834721741919,100
2026-02-03 12:40:00+00:00,1.236834721741919,1.23747513847002,1.2367747581852255,1.2374151749133264,100
2026-02-03 12:45:00+00:00,1.2374151749133264,1.238254619183433,1.2373732849206225,1.238212729190729,100
2026-02-03 12:50:00+00:00,1.238212729190729,1.2386982921573038,1.2381080950721255,1.2385936580387003,100
2026-02-03 12:55:00+00:00,1.2385936580387003,1.239006319600251,1.2385801392925695,1.2389928008541202,100
2026-02-03 13:00:00+00:00,1.2389928008541202,1.2391720305719154,1.2384372249437314,1.2386164546615266,100
2026-02-03 13:05:00+00:00,1.2386164546615266,1.2386514103047168,1.2382349124424357,1.238269868085626,100
2026-02-03 13:10:00+00:00,1.238269868085626,1.2389871703265283,1.2378343826574638,1.2385516848983662,100
2026-02-03 13:15:00+00:00,1.2385516848983662,1.2387139981569284,1.2380230423061853,1.2381853555647475,100
2026-02-03 13:20:00+00:00,1.2381853555647475,1.2383622624863253,1.238073861136875,1.2382507680584527,100
2026-02-03 13:25:00+00:00,1.2382507680584527,1.2383368827297538,1.2380289580627082,1.2381150727340093,100
2026-02-03 13:30:00+00:00,1.2381150727340093,1.2383499959050823,1.2379393072686176,1.2381742304396905,100
2026-02-03 13:35:00+00:00,1.2381742304396905,1.2382225151369795,1.238152941053239,1.238201225750528,100
2026-02-03 13:40:00+00:00,1.238201225750528,1.2385351234551643,1.2373493077931186,1.237683205497755,100
2026-02-03 13:45:00+00:00,1.237683205497755,1.2385120069802864,1.237662447016011,1.2384912484985424,100
2026-02-03 13:50:00+00:00,1.2384912484985424,1.2387072745164736,1.238408104291385,1.2386241303093162,100
2026-02-03 13:55:00+00:00,1.2386241303093162,1.2387092604986913,1.2377325627332159,1.237817692922591,100
2026-02-03 14:00:00+00:00,1.237817692922591,1.238575400928958,1.2377977589777527,1.2385554669841197,100
2026-02-03 14:05:00+00:00,1.2385554669841197,1.2390798958446578,1.2383950870258305,1.2389195158863686,100
2026-02-03 14:10:00+00:00,1.2389195158863686,1.2391113846212762,1.2384473265735925,1.2386391953085,100
2026-02-03 14:15:00+00:00,1.2386391953085,1.2388897132680232,1.238484494989769,1.2387350129492922,100
2026-02-03 14:20:00+00:00,1.2387350129492922,1.2387635021678947,1.2383275380731635,1.238356027291766,100
2026-02-03 14:25:00+00:00,1.238356027291766,1.2385276178662445,1.2378398604081613,1.2380114509826399,100
2026-02-03 14:30:00+00:00,1.2380114509826399,1.2381922930028946,1.237935303072782,1.2381161450930367,100
2026-02-03 14:35:00+00:00,1.2381161450930367,1.2387257925815989,1.2380405377501558,1.238650185238718,100
2026-02-03 14:40:00+00:00,1.238650185238718,1.238934587908984,1.2385707128746952,1.2388551155449612,100
2026-02-03 14:45:00+00:00,1.2388551155449612,1.2391213883110062,1.238382708613428,1.238648981379473,100
2026-02-03 14:50:00+00:00,1.238648981379473,1.2390509091842916,1.2385861464967438,1.2389880743015624,100
2026-02-03 14:55:00+00:00,1.2389880743015624,1.2390294632210412,1.2379376461502443,1.237979035069723,100
2026-02-03 15:00:00+00:00,1.237979035069723,1.2389347549995107,1.2377983161464048,1.2387540360761924,100
2026-02-03 15:05:00+00:00,1.2387540360761924,1.238997342247896,1.2386526261279545,1.238895932299658,100
2026-02-03 15:10:00+00:00,1.238895932299658,1.2395879232877305,1.238768779515936,1.2394607705040084,100
2026-02-03 15:15:00+00:00,1.2394607705040084,1.2395529320279632,1.2391804276516378,1.2392725891755927,100
2026-02-03 15:20:00+00:00,1.2392725891755927,1.2393719409378323,1.238626219961899,1.2387255717241386,100
2026-02-03 15:25:00+00:00,1.2387255717241386,1.2388500957041204,1.2382602916937486,1.2383848156737305,100
2026-02-03 15:30:00+00:00,1.2383848156737305,1.239287897550997,1.238283333190213,1.2391864150674796,100
2026-02-03 15:35:00+00:00,1.2391864150674796,1.2392913397821728,1.2389623920875965,1.2390673168022897,100
2026-02-03 15:40:00+00:00,1.2390673168022897,1.2391706525811612,1.2382743219484065,1.238377657727278,100
2026-02-03 15:45:00+00:00,1.238377657727278,1.2388099091907405,1.2381186261250956,1.238550877588558,100
2026-02-03 15:50:00+00:00,1.238550877588558,1.2388103981782197,1.238529380210971,1.2387889008006325,100
2026-02-03 15:55:00+00:00,1.2387889008006325,1.2389379961068514,1.2385596103105656,1.2387087056167845,100
2026-02-03 16:00:00+00:00,1.2387087056167845,1.2398004808547611,1.2383639126490122,1.239455687886989,100
2026-02-03 16:05:00+00:00,1.239455687886989,1.2404975155413624,1.2394419585454983,1.2404837861998719,100
2026-02-03 16:10:00+00:00,1.2404837861998719,1.2408945432900227,1.240460232243233,1.2408709893333838,100
2026-02-03 16:15:00+00:00,1.2408709893333838,1.2409807351099593,1.2401372804902595,1.240247026266835,100
2026-02-03 16:20:00+00:00,1.240247026266835,1.2413151073442603,1.2400627334237935,1.2411308145012188,100
2026-02-03 16:25:00+00:00,1.2411308145012188,1.2412463252310355,1.2405574853670054,1.2406729960968221,100
2026-02-03 16:30:00+00:00,1.2406729960968221,1.2407700626629259,1.240371467941342,1.2404685345074458,100
2026-02-03 16:35:00+00:00,1.2404685345074458,1.2406742384291018,1.2402159953086935,1.2404216992303496,100
2026-02-03 16:40:00+00:00,1.2404216992303496,1.2405953411992487,1.2398721753598227,1.2400458173287219,100
2026-02-03 16:45:00+00:00,1.2400458173287219,1.2402795638467095,1.2399786511743018,1.2402123976922894,100
2026-02-03 16:50:00+00:00,1.2402123976922894,1.2409255907486079,1.2401027816656467,1.2408159747219651,100
2026-02-03 16:55:00+00:00,1.2408159747219651,1.240937968897445,1.2408071773412335,1.2409291715167132,100
2026-02-03 17:00:00+00:00,1.2409291715167132,1.2415375579192542,1.2407949420914117,1.2414033284939527,100
2026-02-03 17:05:00+00:00,1.2414033284939527,1.2425708998019516,1.2413528832020013,1.2425204545100001,100
2026-02-03 17:10:00+00:00,1.2425204545100001,1.2426026179937422,1.2423473632922557,1.2424295267759977,100
2026-02-03 17:15:00+00:00,1.2424295267759977,1.2426175697276447,1.2423437757915055,1.2425318187431524,100
2026-02-03 17:20:00+00:00,1.2425318187431524,1.243210148679035,1.2424540116587508,1.2431323415946334,100
2026-02-03 17:25:00+00:00,1.2431323415946334,1.2431775926902218,1.2425259054401705,1.242571156535759,100
2026-02-03 17:30:00+00:00,1.242571156535759,1.242671644327961,1.2422475406491287,1.2423480284413309,100
2026-02-03 17:35:00+00:00,1.2423480284413309,1.2425143050304912,1.2416713565976318,1.2418376331867922,100
2026-02-03 17:40:00+00:00,1.2418376331867922,1.2420874413913248,1.2418217440051467,1.2420715522096792,100
2026-02-03 17:45:00+00:00,1.2420715522096792,1.2421241515833714,1.2416890877162405,1.2417416870899327,100
2026-02-03 17:50:00+00:00,1.2417416870899327,1.2419960513668544,1.241062853171286,1.2413172174482077,100
2026-02-03 17:55:00+00:00,1.2413172174482077,1.241845328830892,1.2412025224145158,1.2417306337972,100
2026-02-03 18:00:00+00:00,1.2417306337972,1.2418360563588604,1.2413486927691895,1.2414541153308498,100
2026-02-03 18:05:00+00:00,1.2414541153308498,1.241919783849797,1.2411547280768709,1.2416203965958181,100
2026-02-03 18:10:00+00:00,1.2416203965958181,1.2416722859007507,1.2412658987493401,1.2413177880542727,100
2026-02-03 18:15:00+00:00,1.2413177880542727,1.2413387782412173,1.2404364559247405,1.240457446111685,100
2026-02-03 18:20:00+00:00,1.240457446111685,1.2406130864913607,1.2392325106090578,1.2393881509887335,100
2026-02-03 18:25:00+00:00,1.2393881509887335,1.2394188807071624,1.2383702434323456,1.2384009731507746,100
2026-02-03 18:30:00+00:00,1.2384009731507746,1.2384432523784223,1.2375065501293485,1.2375488293569963,100
2026-02-03 18:35:00+00:00,1.2375488293569963,1.2376748054871896,1.2371232899802898,1.237249266110483,100
2026-02-03 18:40:00+00:00,1.237249266110483,1.237672461581212,1.2372437723681147,1.2376669678388437,100
2026-02-03 18:45:00+00:00,1.2376669678388437,1.2378138171814657,1.2376666221762271,1.2378134715188491,100
2026-02-03 18:50:00+00:00,1.2378134715188491,1.2379225075349902,1.2371072958705107,1.2372163318866518,100
2026-02-03 18:55:00+00:00,1.2372163318866518,1.2374537635578282,1.2365007387777127,1.2367381704488891,100
2026-02-03 19:00:00+00:00,1.2367381704488891,1.2370601102487653,1.2365819266739924,1.2369038664738685,100
2026-02-03 19:05:00+00:00,1.2369038664738685,1.2371876334086214,1.2366280668225185,1.2369118337572713,100
2026-02-03 19:10:00+00:00,1.2369118337572713,1.2369740862475789,1.236207434313343,1.2362696868036505,100
2026-02-03 19:15:00+00:00,1.2362696868036505,1.2363470293512533,1.236242650881202,1.236319993428805,100
2026-02-03 19:20:00+00:00,1.236319993428805,1.2368959236717834,1.2361903593299672,1.2367662895729457,100
2026-02-03 19:25:00+00:00,1.2367662895729457,1.238012748853796,1.2365548777730309,1.2378013370538812,100
2026-02-03 19:30:00+00:00,1.2378013370538812,1.2382700927628434,1.2377200969411302,1.2381888526500924,100
2026-02-03 19:35:00+00:00,1.2381888526500924,1.238607933619861,1.2369237357335239,1.2373428167032925,100
2026-02-03 19:40:00+00:00,1.2373428167032925,1.2376190615833227,1.2372899991804978,1.237566244060528,100
2026-02-03 19:45:00+00:00,1.237566244060528,1.2380046320962004,1.2373917363679443,1.2378301244036167,100
2026-02-03 19:50:00+00:00,1.2378301244036167,1.237845108928391,1.237579271747112,1.2375942562718862,100
2026-02-03 19:55:00+00:00,1.2375942562718862,1.2376312703898584,1.2373637613833781,1.2374007755013503,100
2026-02-03 20:00:00+00:00,1.2374007755013503,1.237461428097786,1.2365395426759342,1.23660019527237,100
2026-02-03 20:05:00+00:00,1.23660019527237,1.2376254467818604,1.236315620915524,1.2373408724250143,100
2026-02-03 20:10:00+00:00,1.2373408724250143,1.2375033759095626,1.2365917749230888,1.236754278407637,100
2026-02-03 20:15:00+00:00,1.236754278407637,1.2375623897801118,1.2367403679190847,1.2375484792915594,100
2026-02-03 20:20:00+00:00,1.2375484792915594,1.2375900053063136,1.2374591494780103,1.2375006754927644,100
2026-02-03 20:25:00+00:00,1.2375006754927644,1.2378363639353158,1.2372523131988127,1.237588001641364,100
2026-02-03 20:30:00+00:00,1.237588001641364,1.2379406960939667,1.237383848066088,1.2377365425186906,100
2026-02-03 20:35:00+00:00,1.2377365425186906,1.237838318669365,1.2373544693905951,1.2374562455412694,100
2026-02-03 20:40:00+00:00,1.2374562455412694,1.237761607587369,1.2373755380180516,1.237680900064151,100
2026-02-03 20:45:00+00:00,1.237680900064151,1.2379452459014424,1.2376764608159505,1.2379408066532418,100
2026-02-03 20:50:00+00:00,1.2379408066532418,1.2387176581352484,1.2377979576258389,1.2385748091078455,100
2026-02-03 20:55:00+00:00,1.2385748091078455,1.2392428409046345,1.2384375867370543,1.2391056185338434,100
2026-02-03 21:00:00+00:00,1.2391056185338434,1.2393563404592631,1.2379971240384613,1.238247845963881,100
2026-02-03 21:05:00+00:00,1.238247845963881,1.2382769106770388,1.2374563170267316,1.2374853817398894,100
2026-02-03 21:10:00+00:00,1.2374853817398894,1.2377191195509283,1.2370606186584594,1.2372943564694983,100
2026-02-03 21:15:00+00:00,1.2372943564694983,1.2377999888872464,1.2370586657539433,1.2375642981716914,100
2026-02-03 21:20:00+00:00,1.2375642981716914,1.237817634869971,1.2370892520613201,1.2373425887595997,100
2026-02-03 21:25:00+00:00,1.2373425887595997,1.2376602588986283,1.2369143590530267,1.2372320291920553,100
2026-02-03 21:30:00+00:00,1.2372320291920553,1.2377807586947935,1.2371663693588073,1.2377150988615455,100
2026-02-03 21:35:00+00:00,1.2377150988615455,1.23774736985437,1.2372831645991849,1.2373154355920093,100
2026-02-03 21:40:00+00:00,1.2373154355920093,1.2374638651491205,1.2369250105738596,1.2370734401309709,100
2026-02-03 21:45:00+00:00,1.2370734401309709,1.237228811886877,1.2370323182667173,1.2371876900226235,100
2026-02-03 21:50:00+00:00,1.2371876900226235,1.2373002087066716,1.236822443735278,1.236934962419326,100
2026-02-03 21:55:00+00:00,1.236934962419326,1.2370028126220236,1.2361388714019523,1.23620672160465,100
2026-02-03 22:00:00+00:00,1.23620672160465,1.236284114324047,1.2357872101593452,1.2358646028787423,100
2026-02-03 22:05:00+00:00,1.2358646028787423,1.2365361241697606,1.2356516884262412,1.2363232097172594,100
2026-02-03 22:10:00+00:00,1.2363232097172594,1.236466658522037,1.2360175032218683,1.2361609520266459,100
2026-02-03 22:15:00+00:00,1.2361609520266459,1.2364603759538335,1.2360425959905346,1.2363420199177222,100
2026-02-03 22:20:00+00:00,1.2363420199177222,1.2373390861393085,1.2361061256366739,1.2371031918582602,100
2026-02-03 22:25:00+00:00,1.2371031918582602,1.2376218470019318,1.2369335950684892,1.2374522502121608,100
2026-02-03 22:30:00+00:00,1.2374522502121608,1.2374940546246056,1.236815345127995,1.23685714954044,100
2026-02-03 22:35:00+00:00,1.23685714954044,1.2369766407302818,1.2362509294138209,1.2363704206036628,100
2026-02-03 22:40:00+00:00,1.2363704206036628,1.2368941740486814,1.236307261458287,1.2368310149033057,100
2026-02-03 22:45:00+00:00,1.2368310149033057,1.2370994690334591,1.2364302845267139,1.2366987386568673,100
2026-02-03 22:50:00+00:00,1.2366987386568673,1.2373474543368181,1.2366672478376546,1.2373159635176054,100
2026-02-03 22:55:00+00:00,1.2373159635176054,1.23766718573457,1.2371332144329685,1.2374844366499331,100
2026-02-03 23:00:00+00:00,1.2374844366499331,1.2378347100295268,1.2367581255269675,1.2371083989065612,100
2026-02-03 23:05:00+00:00,1.2371083989065612,1.2371432790096824,1.2368718429077148,1.236906723010836,100
2026-02-03 23:10:00+00:00,1.236906723010836,1.2369769937444903,1.236738315654218,1.2368085863878724,100
2026-02-03 23:15:00+00:00,1.2368085863878724,1.2368518594310334,1.236308374304755,1.236351647347916,100
2026-02-03 23:20:00+00:00,1.236351647347916,1.2368839959612252,1.2362238130171819,1.2367561616304912,100
2026-02-03 23:25:00+00:00,1.2367561616304912,1.237636183949207,1.2364394289858585,1.2373194513045742,100
2026-02-03 23:30:00+00:00,1.2373194513045742,1.237558515896804,1.2359890806660803,1.2362281452583102,100
2026-02-03 23:35:00+00:00,1.2362281452583102,1.2371370209269221,1.2361298928403908,1.2370387685090027,100
2026-02-03 23:40:00+00:00,1.2370387685090027,1.237743035534081,1.2370234181985393,1.2377276852236176,100
2026-02-03 23:45:00+00:00,1.2377276852236176,1.238170363293744,1.2377202017141673,1.2381628797842936,100
2026-02-03 23:50:00+00:00,1.2381628797842936,1.2383528457311992,1.2375632533280445,1.23775321927495,100
2026-02-03 23:55:00+00:00,1.23775321927495,1.237824568722309,1.2374843748497018,1.2375557242970607,100
